condition,severity,method,image,IoU,F1,inference_ms
fog,0.0,classical,clips/0601/1494453497604532231/20.jpg,0.08419779087222459,0.15531813767022792,6.807124940678477
fog,0.0,classical,clips/0601/1494453503601902751/20.jpg,0.0059547074376365096,0.011838917584677972,1.9018750172108412
fog,0.0,classical,clips/0601/1494453509599288720/20.jpg,0.01488088667122955,0.029325385602714988,2.121624886058271
fog,0.0,classical,clips/0601/1494453515596795530/20.jpg,0.1798671666741969,0.30489392662939424,2.2273750510066748
fog,0.0,classical,clips/0601/1494453521596643824/20.jpg,0.09886059788499987,0.17993291974483197,2.4349589366465807
fog,0.0,classical,clips/0601/1494453527591367337/20.jpg,0.01897443549189297,0.03724222086638194,1.7896249191835523
fog,0.0,classical,clips/0601/1494453533590270210/20.jpg,0.12597600673814566,0.22376321695004348,2.0634590182453394
fog,0.0,classical,clips/0601/1494453539586188022/20.jpg,0.06696663829097248,0.1255271456251662,2.1296250633895397
fog,0.0,classical,clips/0601/1494453545585907063/20.jpg,0.008427813941457947,0.01671475900395426,1.8942499300464988
fog,0.0,classical,clips/0601/1494453551580996478/20.jpg,0.08508867531952839,0.15683266677623767,2.065500011667609
fog,0.0,classical,clips/0601/1494453557578299956/20.jpg,0.13826486285217823,0.24293970123214478,1.9598749931901693
fog,0.0,classical,clips/0601/1494453563575744757/20.jpg,0.10207087387306972,0.18523468189365408,2.2052499698475003
fog,0.0,classical,clips/0601/1494453569573067938/20.jpg,0.10803206002728513,0.19499807618314738,2.2196670761331916
fog,0.0,classical,clips/0601/1494453575572346547/20.jpg,0.16215675986307873,0.2790617676778535,1.7240840243175626
fog,0.0,classical,clips/0601/1494453581567767982/20.jpg,0.030449238769030773,0.059098959217836436,3.7974159931764007
fog,0.0,classical,clips/0601/1494453587565069969/20.jpg,0.035130752077843094,0.06787693633354876,1.8078749999403954
fog,0.0,classical,clips/0601/1494453593562528307/20.jpg,0.045138399360872224,0.08637784122844488,1.7521249828860164
fog,0.0,classical,clips/0601/1494453599561987554/20.jpg,0.054433456252095204,0.10324683066407027,1.4028750592842698
fog,0.0,classical,clips/0601/1494453605557268031/20.jpg,0.006523472420208268,0.012962385078854511,1.8253331072628498
fog,0.0,classical,clips/0601/1494453611554664747/20.jpg,0.0016770814188568279,0.0033485470516731266,1.7697919392958283
fog,0.0,classical,clips/0601/1494453617553424930/20.jpg,0.019404397844764817,0.038070068926109785,2.20379198435694
fog,0.0,classical,clips/0601/1494453623549421445/20.jpg,0.05163099355079914,0.09819222496755958,2.2937910398468375
fog,0.0,classical,clips/0601/1494453629547675743/20.jpg,0.056916835699797164,0.1077035274248647,2.5513749569654465
fog,0.0,classical,clips/0601/1494453635544157546/20.jpg,0.05730829188627422,0.10840412834374781,1.8769160378724337
fog,0.0,classical,clips/0601/1494453641541664519/20.jpg,0.0,nan,2.6388330152258277
fog,0.0,classical,clips/0601/1494453647538775071/20.jpg,0.07739621983713924,0.14367271466543396,2.0787090761587024
fog,0.0,classical,clips/0601/1494453653536229036/20.jpg,0.0011254776736638224,0.002248424795419488,2.103000064380467
fog,0.0,classical,clips/0601/1494453661532670510/20.jpg,0.025013376136971643,0.04880595067206055,1.9665829604491591
fog,0.0,classical,clips/0601/1494453667532618102/20.jpg,0.22825298232374538,0.3716709596616017,2.022916916757822
fog,0.0,classical,clips/0601/1494453673527450206/20.jpg,0.1285251443865333,0.22777542002646228,1.6534579917788506
fog,0.0,classical,clips/0601/1494453679527133712/20.jpg,0.12162258163821071,0.21686899609416235,2.2286250023171306
fog,0.0,classical,clips/0601/1494453685522315222/20.jpg,0.169072782741338,0.2892425266199119,2.034334000200033
fog,0.0,classical,clips/0601/1494453691519533853/20.jpg,0.14960863377609107,0.2602775055449528,2.0743749337270856
fog,0.0,classical,clips/0601/1494453697518974585/20.jpg,0.21213993358560507,0.3500254841997961,1.9162920070812106
fog,0.0,classical,clips/0601/1494453703514316264/20.jpg,0.21821720061575997,0.35825664012207337,1.9880830077454448
fog,0.0,classical,clips/0601/1494453709513778562/20.jpg,0.32893219327898193,0.49503231984678003,2.0009169820696115
fog,0.0,classical,clips/0601/1494453715509045873/20.jpg,0.1425571779299651,0.24954055811586415,1.6443750355392694
fog,0.0,classical,clips/0601/1494453721506443914/20.jpg,0.1778607833554423,0.3020064609821878,1.7701670294627547
fog,0.0,classical,clips/0601/1494453727503739315/20.jpg,0.13873904827349254,0.24367136348550225,1.478958991356194
fog,0.0,classical,clips/0601/1494453733501172122/20.jpg,0.10534048805417146,0.19060278564410796,2.0238750148564577
fog,0.0,classical,clips/0601/1494453739498514009/20.jpg,0.18608444116198916,0.3137794151986093,2.0231249509379268
fog,0.0,classical,clips/0601/1494453745495966700/20.jpg,0.20268844648630255,0.3370589400413118,1.9409580854699016
fog,0.0,classical,clips/0601/1494453751493293308/20.jpg,0.11239411291467512,0.20207606568535694,1.7399999778717756
fog,0.0,classical,clips/0601/1494453757490822445/20.jpg,0.11018809147334388,0.1985034649887335,1.9443329656496644
fog,0.0,classical,clips/0601/1494453763488013443/20.jpg,0.05901944458049665,0.11146054944038479,1.614249893464148
fog,0.0,classical,clips/0601/1494453769487225684/20.jpg,0.04514533085961658,0.0863905325443787,1.763500040397048
fog,0.0,classical,clips/0601/1494453775482792464/20.jpg,0.06868347338935574,0.12853847766827425,1.9194170599803329
fog,0.0,classical,clips/0601/1494453781480173619/20.jpg,0.15095906558079725,0.26231873938039707,1.9413329428061843
fog,0.0,classical,clips/0601/1494453787480034236/20.jpg,0.06146227092205369,0.1158067933373904,1.4366250252351165
fog,0.0,classical,clips/0601/1494453793475579483/20.jpg,0.09214784534150912,0.16874610106051155,1.7934170318767428
fog,0.0,classical,clips/0601/1494453799472239703/20.jpg,0.08353200350061864,0.1541846539479181,1.7880410887300968
fog,0.0,classical,clips/0601/1494453805469700214/20.jpg,0.18863649738127464,0.3173998069163552,2.072207978926599
fog,0.0,classical,clips/0601/1494453811467016035/20.jpg,0.16086970182549407,0.27715376079248655,1.9031669944524765
fog,0.0,classical,clips/0601/1494453817464323387/20.jpg,0.13248886485929817,0.23397822083797487,1.798874931409955
fog,0.0,classical,clips/0601/1494453823461695785/20.jpg,0.15566760037348273,0.269398571567075,1.9471669802442193
fog,0.0,classical,clips/0601/1494453829459036893/20.jpg,0.16863155761240414,0.2885966180083827,1.6977919731289148
fog,0.0,classical,clips/0601/1494453835456441057/20.jpg,0.12571006771719245,0.22334359676131832,1.462958985939622
fog,0.0,classical,clips/0601/1494453841456411836/20.jpg,0.0,nan,1.3325839536264539
fog,0.0,classical,clips/0601/1494453847451852161/20.jpg,0.03485888140859658,0.06736934288305758,1.447416958399117
fog,0.0,classical,clips/0601/1494453853451104735/20.jpg,0.21162100854999127,0.34931881678619775,1.5281250234693289
fog,0.0,classical,clips/0601/1494453859446867209/20.jpg,0.16609270474607132,0.2848704979802437,1.5524170594289899
fog,0.0,classical,clips/0601/1494453865443302705/20.jpg,0.16031732914635155,0.27633359447332806,1.6826249193400145
fog,0.0,classical,clips/0601/1494453871443269121/20.jpg,0.30376056390006273,0.4659759963768116,1.5850000781938434
fog,0.0,classical,clips/0601/1494453877438073356/20.jpg,0.05866872521842872,0.1108349076928176,1.5612919814884663
fog,0.0,classical,clips/0601/1494453883436198482/20.jpg,0.12626125951985154,0.2242130916829712,1.4825839316472411
fog,0.0,classical,clips/0601/1494453889432873365/20.jpg,0.09917220168177207,0.1804488896826814,1.5011249342933297
fog,0.0,classical,clips/0601/1494453895431227611/20.jpg,0.1950605442992447,0.3264446227929374,1.789625035598874
fog,0.0,classical,clips/0601/1494453901427565927/20.jpg,0.06100110687492313,0.11498782890923843,1.6714159864932299
fog,0.0,classical,clips/0601/1494453907426815473/20.jpg,0.12783934606617936,0.22669779434823514,1.1761250207200646
fog,0.0,classical,clips/0601/1494453913422263611/20.jpg,0.32461792028768355,0.49013064871896384,1.821249956265092
fog,0.0,classical,clips/0601/1494453919420314205/20.jpg,0.2498448939074327,0.399801439563167,1.2529579689726233
fog,0.0,classical,clips/0601/1495058507652622962/20.jpg,0.22391865516590065,0.365904472851668,2.1056670229882
fog,0.0,classical,clips/0601/1495058515650447849/20.jpg,0.1405170286278381,0.24640934786724727,2.70191696472466
fog,0.0,classical,clips/0601/1495058521646381547/20.jpg,0.07746411938028705,0.14378969654199014,2.8504589572548866
fog,0.0,classical,clips/0601/1495058527645454477/20.jpg,0.010965132889362815,0.021692405667887278,2.9942499240860343
fog,0.0,classical,clips/0601/1495058533641199011/20.jpg,0.11956993489840205,0.2135997603566457,2.9331250116229057
fog,0.0,classical,clips/0601/1495058539638866627/20.jpg,0.017323635226028467,0.03405727464924082,2.526666969060898
fog,0.0,classical,clips/0601/1495058545635832279/20.jpg,0.02953149098632146,0.057368795893808784,1.92454201169312
fog,0.0,classical,clips/0601/1495058551633359536/20.jpg,0.2727998977439765,0.4286610931184253,2.1231669234111905
fog,0.0,classical,clips/0601/1495058557632067443/20.jpg,0.0028357892505035515,0.005655540579825048,1.8480840371921659
fog,0.0,classical,clips/0601/1495058563627986766/20.jpg,0.1163898045806132,0.20851104892405675,2.5875000283122063
fog,0.0,classical,clips/0601/1495058569626907953/20.jpg,0.1294225481209899,0.22918357409511445,2.3771249689161777
fog,0.0,classical,clips/0601/1495058575622734256/20.jpg,0.21594122539506516,0.3551836567181194,1.9617080688476562
fog,0.0,classical,clips/0601/1495058581620129503/20.jpg,0.04953015344355894,0.09438538431897,2.151249907910824
fog,0.0,classical,clips/0601/1495058587617442669/20.jpg,0.08716887224690095,0.16035939672692268,3.1333750812336802
fog,0.0,classical,clips/0601/1495058593615616960/20.jpg,0.08270646526649415,0.15277726312669063,3.029000014066696
fog,0.0,classical,clips/0601/1495058599612448574/20.jpg,0.10116288525656664,0.18373827634591242,2.551749930717051
fog,0.0,classical,clips/0601/1495058605609578659/20.jpg,0.1056475170399221,0.19110523998238663,3.2244169851765037
fog,0.0,classical,clips/0601/1495058611609939176/20.jpg,0.08923460568449092,0.16384827514438835,1.9891249248757958
fog,0.0,classical,clips/0601/1495058617604256196/20.jpg,0.0032772729948780345,0.006533135122447383,1.8928750650957227
fog,0.0,classical,clips/0601/1495058623602404204/20.jpg,0.12000455749565614,0.21429298067141403,2.4127920623868704
fog,0.0,classical,clips/0601/1495058629599018470/20.jpg,0.13186637965399028,0.2330069733042192,1.7983749276027083
fog,0.0,classical,clips/0601/1495058635596342127/20.jpg,0.13407437116828053,0.2364472288182691,2.2847079671919346
fog,0.0,classical,clips/0601/1495058641593823148/20.jpg,0.11980929397569087,0.21398160315374506,2.501458046026528
fog,0.0,classical,clips/0601/1495058647591446332/20.jpg,0.1702975432640166,0.29103289884561917,2.869167015887797
fog,0.0,classical,clips/0601/1495058653588446886/20.jpg,0.1125839983200336,0.2023829184853132,2.74283392354846
fog,0.0,classical,clips/0601/1495058659585835658/20.jpg,0.12325184157147433,0.219455400845887,4.753499990329146
fog,0.0,classical,clips/0601/1495058665583165347/20.jpg,0.05619286088627497,0.10640643951924136,2.5398340076208115
fog,0.0,classical,clips/0601/1495058671580580478/20.jpg,0.07983434048760159,0.14786405190920712,2.300749998539686
fog,0.0,classical,clips/0601/1495058677578062974/20.jpg,0.14130013688370052,0.24761258203213393,1.8917500274255872
fog,0.0,classical,clips/0601/1495058683578929172/20.jpg,0.14948822927328556,0.26009527625662254,2.9907500138506293
fog,0.0,classical,clips/0601/1495058689572753425/20.jpg,0.03500459314412803,0.06764142570187322,2.5246250443160534
fog,0.0,classical,clips/0601/1495058695570408263/20.jpg,0.031342771169497345,0.060780512639761884,3.0843749409541488
fog,0.0,classical,clips/0601/1495058701567358056/20.jpg,0.1600947306098283,0.27600285801776053,2.074916963465512
fog,0.0,classical,clips/0601/1495058707565707879/20.jpg,0.15915511609428798,0.274605380909766,2.4760839296504855
fog,0.0,classical,clips/0601/1495058715562283498/20.jpg,0.06286765595874991,0.11829818248075433,2.9693329706788063
fog,0.0,classical,clips/0601/1495058721558633337/20.jpg,0.0679148098848313,0.12719143747459696,2.8184590628370643
fog,0.0,classical,clips/0601/1495058727556647955/20.jpg,0.02085652068715219,0.04086082669700418,3.2917079515755177
fog,0.0,classical,clips/0601/1495058733553446687/20.jpg,0.19209669640704125,0.3222837492730537,3.104125033132732
fog,0.0,classical,clips/0601/1495058739553286402/20.jpg,0.09879592466810744,0.17982579376229277,2.4684170493856072
fog,0.0,classical,clips/0601/1495058745548122682/20.jpg,0.17955490785438868,0.30444518802604825,2.1739169023931026
fog,0.0,classical,clips/0601/1495058751545486604/20.jpg,0.20060807075732448,0.3341774483171417,1.978584099560976
fog,0.0,classical,clips/0601/1495058757543228003/20.jpg,0.2317979641183319,0.37635711516091513,2.5137499906122684
fog,0.0,classical,clips/0601/1495058763540182973/20.jpg,0.10676665504011161,0.1929343544168164,1.9698749529197812
fog,0.0,classical,clips/0601/1495058769540492239/20.jpg,0.07151621936255231,0.13348602302090673,1.9249580800533295
fog,0.0,classical,clips/0601/1495058775535017414/20.jpg,0.041383737870070866,0.07947836395969177,2.012208104133606
fog,0.0,classical,clips/0601/1495058781534953658/20.jpg,0.22135754431474275,0.3624778761061947,2.3420839570462704
fog,0.0,classical,clips/0601/1495058787529671793/20.jpg,0.17373293100802945,0.2960348583877995,1.9898329628631473
fog,0.0,classical,clips/0601/1495058793526969174/20.jpg,0.07509787234042553,0.13970425255691712,1.4059169916436076
fog,0.0,classical,clips/0601/1495058799525818237/20.jpg,0.23408607087698793,0.3793674953492305,2.0172500517219305
fog,0.0,classical,clips/0601/1495058805523198969/20.jpg,0.1542313627917231,0.26724514298188173,1.5344590647146106
fog,0.0,classical,clips/0601/1495058811520330339/20.jpg,0.14522029584857643,0.2536111111111111,1.8356249202042818
fog,0.0,classical,clips/0601/1495058817516570927/20.jpg,0.03368142373878512,0.0651678998292544,1.8269169377163053
fog,0.0,classical,clips/0601/1495058823515900521/20.jpg,0.05883671410960439,0.1111346316680779,1.3587500434368849
fog,0.0,classical,clips/0601/1495058829511203058/20.jpg,0.2681816471650551,0.4229388554306227,1.825291896238923
fog,0.0,classical,clips/0601/1495058835510553015/20.jpg,0.3117419958663183,0.47530992656895676,1.9714999943971634
fog,0.0,classical,clips/0601/1495058841505989452/20.jpg,0.19204788657035848,0.3222150531601537,1.847167033702135
fog,0.0,classical,clips/0601/1495058847507116852/20.jpg,0.0,nan,1.7198330024257302
fog,0.0,classical,clips/0601/1495058853500724642/20.jpg,0.3157528985772283,0.47995774726191137,1.7882919637486339
fog,0.0,classical,clips/0601/1495058859498417310/20.jpg,0.1615902911856259,0.2782225237449118,1.786292064934969
fog,0.0,classical,clips/0601/1495058865495399571/20.jpg,0.15219269447420258,0.26417923877508176,1.7529589822515845
fog,0.0,classical,clips/0601/1495058871492888869/20.jpg,0.29325016364406453,0.45350879804686334,1.7747500678524375
fog,0.0,classical,clips/0601/1495058877492091924/20.jpg,0.10099428196816841,0.18346013893483293,1.7252920661121607
fog,0.0,classical,clips/0601/1495058883487530264/20.jpg,0.15982307408772575,0.2755990593021039,1.696874969638884
fog,0.0,classical,clips/0601/1495058889484921618/20.jpg,0.3178214153390144,0.48234367971210074,1.877125003375113
fog,0.0,classical,clips/0601/1495058895482305544/20.jpg,0.2738975921090804,0.43001508724985055,1.9374169642105699
fog,0.0,classical,clips/0601/1495058901481630657/20.jpg,0.2963292395060039,0.4571820652891036,2.0106250885874033
fog,0.0,classical,clips/0601/1495058907477059235/20.jpg,0.0,nan,2.084958949126303
fog,0.0,classical,clips/0601/1495058913475711516/20.jpg,0.08285732025332174,0.1530346033657292,1.8889580387622118
fog,0.0,classical,clips/0601/1495058919475143504/20.jpg,0.21739928757665897,0.3571536303580585,1.9047500099986792
fog,0.0,classical,clips/0601/1495058925469436408/20.jpg,0.14757305803013904,0.25719156963035517,1.6713329823687673
fog,0.0,classical,clips/0601/1495058931466470327/20.jpg,0.13920727649190268,0.24439323618188308,1.8417920218780637
fog,0.0,classical,clips/0601/1495058937463794073/20.jpg,0.1857574841245842,0.3133144620406498,2.048291964456439
fog,0.0,classical,clips/0601/1495058943463632446/20.jpg,0.1772358403748013,0.30110507053263696,1.1883750557899475
fog,0.0,classical,clips/0601/1495058949458758174/20.jpg,0.1360711002145265,0.23954680334502293,1.2056250125169754
fog,0.0,classical,clips/0601/1495485009641442407/20.jpg,0.05653460371810857,0.1070189343901365,2.497625071555376
fog,0.0,classical,clips/0601/1495485015638767825/20.jpg,0.011553375009891589,0.022842838144410547,2.426791936159134
fog,0.0,classical,clips/0601/1495485021636199888/20.jpg,0.049786083306425574,0.09484995866894788,2.7711669681593776
fog,0.0,classical,clips/0601/1495485027633718711/20.jpg,0.15578764142732812,0.269578313253012,2.6172079378739
fog,0.0,classical,clips/0601/1495485033630861236/20.jpg,0.14384606998800828,0.25151298546580897,2.226624987088144
fog,0.0,classical,clips/0601/1495485039628271607/20.jpg,0.08683017040200784,0.15978608759064944,2.7384168934077024
fog,0.0,classical,clips/0601/1495485045626852826/20.jpg,0.06684309715706323,0.12531008043298503,2.779332920908928
fog,0.0,classical,clips/0601/1495485051623004273/20.jpg,0.06067015706806283,0.11439966829229767,3.628708072938025
fog,0.0,classical,clips/0601/1495485057620656604/20.jpg,0.11684677552974097,0.20924405762700687,3.0477079562842846
fog,0.0,classical,clips/0601/1495485063617750112/20.jpg,0.06748113679761221,0.12643059342491447,2.685624989680946
fog,0.0,classical,clips/0601/1495485069617812641/20.jpg,0.11432301807270312,0.2051882913994409,2.149541978724301
fog,0.0,classical,clips/0601/1495485075612519689/20.jpg,0.02645492690085988,0.05154620277528275,2.5391250383108854
fog,0.0,classical,clips/0601/1495485081611855219/20.jpg,0.0912888397199916,0.16730463356230227,2.6527500012889504
fog,0.0,classical,clips/0601/1495485087607351973/20.jpg,0.02438887011377718,0.04761642931764447,2.6956250658258796
fog,0.0,classical,clips/0601/1495485093604646206/20.jpg,0.05018277177368086,0.09556959630736636,2.639667014591396
fog,0.0,classical,clips/0601/1495485099601922885/20.jpg,0.0,nan,1.72437506262213
fog,0.0,classical,clips/0601/1495485105599385453/20.jpg,0.10855884203901825,0.19585580471189326,2.514749998226762
fog,0.0,classical,clips/0601/1495485111599411627/20.jpg,0.0006684950291395269,0.0013360968841535483,2.596916980110109
fog,0.0,classical,clips/0601/1495485117594185994/20.jpg,0.08683243485235688,0.15978992173554854,2.83241702709347
fog,0.0,classical,clips/0601/1495485123591495860/20.jpg,0.11868300153139356,0.21218343600273787,3.4862500615417957
fog,0.0,classical,clips/0601/1495485129589080069/20.jpg,0.004592159898655782,0.009142336725221991,3.049749997444451
fog,0.0,classical,clips/0601/1495485135586245515/20.jpg,0.0681663258350375,0.1276324186343331,2.2517499746754766
fog,0.0,classical,clips/0601/1495485141585513338/20.jpg,0.06726590097837948,0.12605275014729836,4.748375038616359
fog,0.0,classical,clips/0601/1495485147581014946/20.jpg,0.11503783609724683,0.20633889249873658,4.0172499138861895
fog,0.0,classical,clips/0601/1495485153579251831/20.jpg,0.049742894640590375,0.09477157672521572,2.4952079402282834
fog,0.0,classical,clips/0601/1495485159575742672/20.jpg,0.10363894783980063,0.18781313951026746,3.0625839717686176
fog,0.0,classical,clips/0601/1495485165575366989/20.jpg,0.08864519914912344,0.16285415894619817,2.6244589826092124
fog,0.0,classical,clips/0601/1495485171570457961/20.jpg,0.07381321312860967,0.13747868293322837,4.345958004705608
fog,0.0,classical,clips/0601/1495485177570314287/20.jpg,0.10233750863004241,0.18567363956838395,4.167416947893798
fog,0.0,classical,clips/0601/1495485183565129358/20.jpg,0.12506999826211213,0.22233282987779762,3.6082500591874123
fog,0.0,classical,clips/0601/1495485189564879401/20.jpg,0.07740061717190053,0.1436802911345486,3.031749976798892
fog,0.0,classical,clips/0601/1495485195559966192/20.jpg,0.08093896713615023,0.14975677553856845,4.442792036570609
fog,0.0,classical,clips/0601/1495485201558641598/20.jpg,0.12007912957467853,0.21441186859766867,2.286124974489212
fog,0.0,classical,clips/0601/1495485207554693841/20.jpg,0.06110679108346293,0.11517557251908396,2.874624915421009
fog,0.0,classical,clips/0601/1495485213552150385/20.jpg,0.008734109698639879,0.017316971072286236,3.5156660014763474
fog,0.0,classical,clips/0601/1495485219551850010/20.jpg,0.08590980138004652,0.1582264038336639,3.1521249329671264
fog,0.0,classical,clips/0601/1495485225546895923/20.jpg,0.03620283654796786,0.06987596495793218,3.7042080657556653
fog,0.0,classical,clips/0601/1495485231544226883/20.jpg,0.024659000719836097,0.048131135729082224,5.472792079672217
fog,0.0,classical,clips/0601/1495485237541517645/20.jpg,0.10408610903828325,0.188547085569164,4.8758749617263675
fog,0.0,classical,clips/0601/1495485243539258908/20.jpg,0.05434759138902684,0.10309236125332785,4.386957967653871
fog,0.0,classical,clips/0601/1495485249536332511/20.jpg,0.02195423036748647,0.042965192990280794,6.700999918393791
fog,0.0,classical,clips/0601/1495485255533685610/20.jpg,0.012884688769669353,0.02544157081754316,6.399709032848477
fog,0.0,classical,clips/0601/1495485261533592244/20.jpg,0.016139703321958354,0.03176670150609119,7.345124962739646
fog,0.0,classical,clips/0601/1495485267528430709/20.jpg,0.037300519130936356,0.07191844300278036,7.142291986383498
fog,0.0,classical,clips/0601/1495485273526142378/20.jpg,0.028038431343227786,0.05454743808865777,4.768584039993584
fog,0.0,classical,clips/0601/1495485279523114914/20.jpg,0.10217798986204207,0.185411051212938,6.112499977461994
fog,0.0,classical,clips/0601/1495485285520576618/20.jpg,0.10404657377362092,0.18848221849553085,2.8031249530613422
fog,0.0,classical,clips/0601/1495492512658106755/20.jpg,0.0,nan,1.6097089974209666
fog,0.0,classical,clips/0601/1495492518657921956/20.jpg,0.1469490514785451,0.25624338114951384,3.5454999888315797
fog,0.0,classical,clips/0601/1495492524654518667/20.jpg,0.042308775600531125,0.08118280607616438,3.252499969676137
fog,0.0,classical,clips/0601/1495492530652417826/20.jpg,0.09113300492610837,0.1670428893905192,3.5459169885143638
fog,0.0,classical,clips/0601/1495492536647945627/20.jpg,0.058431952662721894,0.11041229909154439,2.3649579379707575
fog,0.0,classical,clips/0601/1495492542645333836/20.jpg,0.009298777719256824,0.018426214168751013,3.255499992519617
fog,0.0,classical,clips/0601/1495492548642776463/20.jpg,0.030267150151705766,0.05875592587271943,3.563874983228743
fog,0.0,classical,clips/0601/1495492554641955081/20.jpg,0.04588682417640156,0.08774720766280958,3.5969590535387397
fog,0.0,twinlite,clips/0601/1494453497604532231/20.jpg,0.4981041490493467,0.6649793331998033,380.427666939795
fog,0.0,twinlite,clips/0601/1494453503601902751/20.jpg,0.44206839602494374,0.613103230392544,18.733749981038272
fog,0.0,twinlite,clips/0601/1494453509599288720/20.jpg,0.22322597538622677,0.3649791287594991,9.483834030106664
fog,0.0,twinlite,clips/0601/1494453515596795530/20.jpg,0.27906976744186046,0.43636363636363634,8.016292005777359
fog,0.0,twinlite,clips/0601/1494453521596643824/20.jpg,0.3289766820139611,0.49508270004470273,9.278457961045206
fog,0.0,twinlite,clips/0601/1494453527591367337/20.jpg,0.33380782918149465,0.5005336179295624,9.07050003297627
fog,0.0,twinlite,clips/0601/1494453533590270210/20.jpg,0.4805987196056626,0.6491951036316763,9.098791982978582
fog,0.0,twinlite,clips/0601/1494453539586188022/20.jpg,0.3579120706780281,0.5271505842043464,7.9319169744849205
fog,0.0,twinlite,clips/0601/1494453545585907063/20.jpg,0.23670862789414207,0.3828041990734838,7.485374924726784
fog,0.0,twinlite,clips/0601/1494453551580996478/20.jpg,0.23985544656685595,0.38690872751499,9.260333026759326
fog,0.0,twinlite,clips/0601/1494453557578299956/20.jpg,0.2874369543511099,0.4465258720120909,9.268166963011026
fog,0.0,twinlite,clips/0601/1494453563575744757/20.jpg,0.45985129044297074,0.6299974435114354,7.998332963325083
fog,0.0,twinlite,clips/0601/1494453569573067938/20.jpg,0.4452456643663901,0.6161522228978146,7.894083042629063
fog,0.0,twinlite,clips/0601/1494453575572346547/20.jpg,0.36114999461613007,0.5306542203939562,8.253374951891601
fog,0.0,twinlite,clips/0601/1494453581567767982/20.jpg,0.34353096179183135,0.5113852550650165,9.058624971657991
fog,0.0,twinlite,clips/0601/1494453587565069969/20.jpg,0.33456719817767655,0.5013868145935567,8.175124996341765
fog,0.0,twinlite,clips/0601/1494453593562528307/20.jpg,0.2600633619083116,0.41277822968276273,8.399083046242595
fog,0.0,twinlite,clips/0601/1494453599561987554/20.jpg,0.32125620759599915,0.48628904182106925,8.362375083379447
fog,0.0,twinlite,clips/0601/1494453605557268031/20.jpg,0.42164034430170344,0.5931744213531155,8.840416907332838
fog,0.0,twinlite,clips/0601/1494453611554664747/20.jpg,0.42220450757301253,0.5937324840764331,8.795417030341923
fog,0.0,twinlite,clips/0601/1494453617553424930/20.jpg,0.3403316264325774,0.507831971910419,8.683791034854949
fog,0.0,twinlite,clips/0601/1494453623549421445/20.jpg,0.38938546288555936,0.5605146639102732,8.692209026776254
fog,0.0,twinlite,clips/0601/1494453629547675743/20.jpg,0.31708151151713526,0.48149109792284867,8.621999993920326
fog,0.0,twinlite,clips/0601/1494453635544157546/20.jpg,0.22636746143057504,0.3691674290942361,8.254542015492916
fog,0.0,twinlite,clips/0601/1494453641541664519/20.jpg,0.25877061469265367,0.4111481657932349,8.49104207009077
fog,0.0,twinlite,clips/0601/1494453647538775071/20.jpg,0.4114796057289114,0.5830471854624021,7.940292009152472
fog,0.0,twinlite,clips/0601/1494453653536229036/20.jpg,0.29122448979591836,0.4510826616089774,8.013291051611304
fog,0.0,twinlite,clips/0601/1494453661532670510/20.jpg,0.4540136496587585,0.6244970943227536,7.854958064854145
fog,0.0,twinlite,clips/0601/1494453667532618102/20.jpg,0.4915643621221911,0.6591259145167502,8.167417021468282
fog,0.0,twinlite,clips/0601/1494453673527450206/20.jpg,0.4246118176069697,0.5961087958967276,8.828041958622634
fog,0.0,twinlite,clips/0601/1494453679527133712/20.jpg,0.40814388136527974,0.5796905937901173,9.037000010721385
fog,0.0,twinlite,clips/0601/1494453685522315222/20.jpg,0.2078740157480315,0.34419817470664926,8.106374996714294
fog,0.0,twinlite,clips/0601/1494453691519533853/20.jpg,0.2513622668119751,0.4017418032786885,8.048999938182533
fog,0.0,twinlite,clips/0601/1494453697518974585/20.jpg,0.2558886509635974,0.40750213128729756,8.020041044801474
fog,0.0,twinlite,clips/0601/1494453703514316264/20.jpg,0.28682196450653386,0.44578344544580933,9.015750023536384
fog,0.0,twinlite,clips/0601/1494453709513778562/20.jpg,0.21499942131862196,0.35390868101860673,8.993750088848174
fog,0.0,twinlite,clips/0601/1494453715509045873/20.jpg,0.4876967151995605,0.6556399704547854,9.222000022418797
fog,0.0,twinlite,clips/0601/1494453721506443914/20.jpg,0.522762556119666,0.6865975972666152,7.923791999928653
fog,0.0,twinlite,clips/0601/1494453727503739315/20.jpg,0.2921141334169476,0.45214911881578546,8.910916978493333
fog,0.0,twinlite,clips/0601/1494453733501172122/20.jpg,0.23994665572425114,0.3870273847935799,12.882084003649652
fog,0.0,twinlite,clips/0601/1494453739498514009/20.jpg,0.5188203631401387,0.6831885794149946,9.10166697576642
fog,0.0,twinlite,clips/0601/1494453745495966700/20.jpg,0.29836143273071974,0.4595968814372507,9.160749963484704
fog,0.0,twinlite,clips/0601/1494453751493293308/20.jpg,0.2715045817321904,0.4270603277926305,9.380375035107136
fog,0.0,twinlite,clips/0601/1494453757490822445/20.jpg,0.26799731633679974,0.42270959549194426,9.78379207663238
fog,0.0,twinlite,clips/0601/1494453763488013443/20.jpg,0.285015332667195,0.44359833757876393,9.605874889530241
fog,0.0,twinlite,clips/0601/1494453769487225684/20.jpg,0.396838477674558,0.5681952266023063,7.838916033506393
fog,0.0,twinlite,clips/0601/1494453775482792464/20.jpg,0.5075092988981683,0.6733083494332069,7.839958998374641
fog,0.0,twinlite,clips/0601/1494453781480173619/20.jpg,0.45168811788845364,0.6222936074526181,8.632958051748574
fog,0.0,twinlite,clips/0601/1494453787480034236/20.jpg,0.3906266834261088,0.5617994938277981,8.894916041754186
fog,0.0,twinlite,clips/0601/1494453793475579483/20.jpg,0.4782177854442691,0.6470193907192691,7.916208007372916
fog,0.0,twinlite,clips/0601/1494453799472239703/20.jpg,0.42274144531712515,0.5942632046160674,8.944917004555464
fog,0.0,twinlite,clips/0601/1494453805469700214/20.jpg,0.3755698535355168,0.5460571159948291,8.749792003072798
fog,0.0,twinlite,clips/0601/1494453811467016035/20.jpg,0.25092350057089124,0.4011812080536913,8.988125016912818
fog,0.0,twinlite,clips/0601/1494453817464323387/20.jpg,0.49488706232606305,0.6621062885593679,8.728957967832685
fog,0.0,twinlite,clips/0601/1494453823461695785/20.jpg,0.5203399433427762,0.6845047328016696,8.292749989777803
fog,0.0,twinlite,clips/0601/1494453829459036893/20.jpg,0.5612037708484409,0.718937247433694,8.199458010494709
fog,0.0,twinlite,clips/0601/1494453835456441057/20.jpg,0.42806610447676724,0.5995046071534728,9.430166915990412
fog,0.0,twinlite,clips/0601/1494453841456411836/20.jpg,0.5340406072800439,0.6962535473254955,8.059083018451929
fog,0.0,twinlite,clips/0601/1494453847451852161/20.jpg,0.47672212719639245,0.645649060736248,8.96520889364183
fog,0.0,twinlite,clips/0601/1494453853451104735/20.jpg,0.5335767156780654,0.6958591770769634,7.956332992762327
fog,0.0,twinlite,clips/0601/1494453859446867209/20.jpg,0.5031811702534507,0.6694883893052086,9.079791023395956
fog,0.0,twinlite,clips/0601/1494453865443302705/20.jpg,0.4925647076450538,0.6600245940723267,8.44033295288682
fog,0.0,twinlite,clips/0601/1494453871443269121/20.jpg,0.5858553452393683,0.7388509260924294,8.31062498036772
fog,0.0,twinlite,clips/0601/1494453877438073356/20.jpg,0.4179297485865512,0.5894928842605358,9.400499984622002
fog,0.0,twinlite,clips/0601/1494453883436198482/20.jpg,0.5022049979954564,0.6686237879192243,9.005874977447093
fog,0.0,twinlite,clips/0601/1494453889432873365/20.jpg,0.4317055499203014,0.6030647152891642,7.832500035874546
fog,0.0,twinlite,clips/0601/1494453895431227611/20.jpg,0.4639039545047654,0.6337901514334018,9.80195903684944
fog,0.0,twinlite,clips/0601/1494453901427565927/20.jpg,0.5047861890231158,0.6709075252090335,10.504374979063869
fog,0.0,twinlite,clips/0601/1494453907426815473/20.jpg,0.43210396909027043,0.6034533503384677,9.736874955706298
fog,0.0,twinlite,clips/0601/1494453913422263611/20.jpg,0.6192599818827956,0.764867888802823,9.15125000756234
fog,0.0,twinlite,clips/0601/1494453919420314205/20.jpg,0.7031427628442554,0.8257003208233749,8.046916918829083
fog,0.0,twinlite,clips/0601/1495058507652622962/20.jpg,0.28185416598514834,0.43976011228786527,8.30075005069375
fog,0.0,twinlite,clips/0601/1495058515650447849/20.jpg,0.40628276317322254,0.5778109123039541,8.982665953226388
fog,0.0,twinlite,clips/0601/1495058521646381547/20.jpg,0.26470196026136816,0.4185997469422185,9.536916972137988
fog,0.0,twinlite,clips/0601/1495058527645454477/20.jpg,0.31509182858663826,0.47919365284974097,9.113666950725019
fog,0.0,twinlite,clips/0601/1495058533641199011/20.jpg,0.3387645663607301,0.5060853489446927,10.68266702350229
fog,0.0,twinlite,clips/0601/1495058539638866627/20.jpg,0.3576223738211073,0.5268362995735821,8.900125045329332
fog,0.0,twinlite,clips/0601/1495058545635832279/20.jpg,0.412531285060844,0.5841021567788843,10.907624964602292
fog,0.0,twinlite,clips/0601/1495058551633359536/20.jpg,0.5079091524589155,0.6736601493938529,8.297375054098666
fog,0.0,twinlite,clips/0601/1495058557632067443/20.jpg,0.5263679128497153,0.6896999188969991,9.113874984905124
fog,0.0,twinlite,clips/0601/1495058563627986766/20.jpg,0.4593832479866453,0.6295580665605244,9.078542003408074
fog,0.0,twinlite,clips/0601/1495058569626907953/20.jpg,0.3585383216008859,0.5278295295761528,8.772667031735182
fog,0.0,twinlite,clips/0601/1495058575622734256/20.jpg,0.36321851225697377,0.5328837732046661,9.057041024789214
fog,0.0,twinlite,clips/0601/1495058581620129503/20.jpg,0.3678392177223953,0.5378398469008492,9.403457981534302
fog,0.0,twinlite,clips/0601/1495058587617442669/20.jpg,0.4131947947140119,0.5847669355414377,8.515166933648288
fog,0.0,twinlite,clips/0601/1495058593615616960/20.jpg,0.28681323899520395,0.4457729067493265,9.282208979129791
fog,0.0,twinlite,clips/0601/1495058599612448574/20.jpg,0.33618989481592787,0.5032067614345206,8.929416886530817
fog,0.0,twinlite,clips/0601/1495058605609578659/20.jpg,0.2927246859099568,0.4528801671392329,8.44170805066824
fog,0.0,twinlite,clips/0601/1495058611609939176/20.jpg,0.43721816620141724,0.6084228219254832,9.580041049048305
fog,0.0,twinlite,clips/0601/1495058617604256196/20.jpg,0.42778776978417266,0.5992315928701896,7.948499987833202
fog,0.0,twinlite,clips/0601/1495058623602404204/20.jpg,0.44583508624316365,0.6167163744817051,7.767583010718226
fog,0.0,twinlite,clips/0601/1495058629599018470/20.jpg,0.37060168895144263,0.5407868557858931,8.418041979894042
fog,0.0,twinlite,clips/0601/1495058635596342127/20.jpg,0.5289535103765849,0.6919157538626565,8.656666963361204
fog,0.0,twinlite,clips/0601/1495058641593823148/20.jpg,0.3575676784249385,0.5267769468993125,9.089166997000575
fog,0.0,twinlite,clips/0601/1495058647591446332/20.jpg,0.3502127659574468,0.518751969744721,8.24574998114258
fog,0.0,twinlite,clips/0601/1495058653588446886/20.jpg,0.3572519666997632,0.5264342590247884,7.97612511087209
fog,0.0,twinlite,clips/0601/1495058659585835658/20.jpg,0.24965165810740875,0.3995539980885633,8.346583927050233
fog,0.0,twinlite,clips/0601/1495058665583165347/20.jpg,0.2611507270693512,0.4141467335569168,7.6264169765636325
fog,0.0,twinlite,clips/0601/1495058671580580478/20.jpg,0.4118428824571766,0.5834117770107728,8.790707914158702
fog,0.0,twinlite,clips/0601/1495058677578062974/20.jpg,0.3958592279555382,0.5671907596804558,8.315333048813045
fog,0.0,twinlite,clips/0601/1495058683578929172/20.jpg,0.3166708957117483,0.4810175370977067,8.393166936002672
fog,0.0,twinlite,clips/0601/1495058689572753425/20.jpg,0.18947669430940806,0.31858832580055774,7.93904101010412
fog,0.0,twinlite,clips/0601/1495058695570408263/20.jpg,0.17793910660048892,0.3021193635620401,7.9850408947095275
fog,0.0,twinlite,clips/0601/1495058701567358056/20.jpg,0.352569475788252,0.5213328884015827,8.341250009834766
fog,0.0,twinlite,clips/0601/1495058707565707879/20.jpg,0.30013574337358007,0.46169908781184754,7.900124997831881
fog,0.0,twinlite,clips/0601/1495058715562283498/20.jpg,0.2947664603263928,0.45531988873435325,8.194166934117675
fog,0.0,twinlite,clips/0601/1495058721558633337/20.jpg,0.35001440388493354,0.518534325082307,8.006167015992105
fog,0.0,twinlite,clips/0601/1495058727556647955/20.jpg,0.29904727006229387,0.4604101435784604,7.79116596095264
fog,0.0,twinlite,clips/0601/1495058733553446687/20.jpg,0.4194712938162338,0.591024694396587,8.964000036939979
fog,0.0,twinlite,clips/0601/1495058739553286402/20.jpg,0.44635141137988127,0.6172101853920036,7.72429199423641
fog,0.0,twinlite,clips/0601/1495058745548122682/20.jpg,0.34636660367634425,0.5145204920124535,9.144040988758206
fog,0.0,twinlite,clips/0601/1495058751545486604/20.jpg,0.3240346498311555,0.48946551341760924,8.222999982535839
fog,0.0,twinlite,clips/0601/1495058757543228003/20.jpg,0.3214298254854454,0.4864879228336832,8.590708021074533
fog,0.0,twinlite,clips/0601/1495058763540182973/20.jpg,0.35325353645266594,0.5220803447943135,8.325541974045336
fog,0.0,twinlite,clips/0601/1495058769540492239/20.jpg,0.2034907369744481,0.33816751674552936,8.878250024281442
fog,0.0,twinlite,clips/0601/1495058775535017414/20.jpg,0.24438172139054629,0.39277613483017026,8.927542017772794
fog,0.0,twinlite,clips/0601/1495058781534953658/20.jpg,0.19723107949745183,0.32947871613931257,8.538792026229203
fog,0.0,twinlite,clips/0601/1495058787529671793/20.jpg,0.4761710080598061,0.6451434223541048,9.042499936185777
fog,0.0,twinlite,clips/0601/1495058793526969174/20.jpg,0.4584615384615385,0.6286919831223629,8.874208899214864
fog,0.0,twinlite,clips/0601/1495058799525818237/20.jpg,0.31079862989003065,0.474212625498556,9.203749941661954
fog,0.0,twinlite,clips/0601/1495058805523198969/20.jpg,0.41166749297636757,0.5832357761648325,8.872791891917586
fog,0.0,twinlite,clips/0601/1495058811520330339/20.jpg,0.38460360249969366,0.5555432642315095,8.590708952397108
fog,0.0,twinlite,clips/0601/1495058817516570927/20.jpg,0.417955615332885,0.5895186151292389,8.29475000500679
fog,0.0,twinlite,clips/0601/1495058823515900521/20.jpg,0.4637380416432189,0.6336352932695773,9.097249945625663
fog,0.0,twinlite,clips/0601/1495058829511203058/20.jpg,0.5824282014610954,0.7361195925645472,9.053000016137958
fog,0.0,twinlite,clips/0601/1495058835510553015/20.jpg,0.5721375887502584,0.7278467137282413,8.636208018288016
fog,0.0,twinlite,clips/0601/1495058841505989452/20.jpg,0.4938594357976654,0.6611859509177486,7.920417003333569
fog,0.0,twinlite,clips/0601/1495058847507116852/20.jpg,0.5331269131979874,0.6954765565832053,8.807374979369342
fog,0.0,twinlite,clips/0601/1495058853500724642/20.jpg,0.6685179977502812,0.8013314793747103,8.940208004787564
fog,0.0,twinlite,clips/0601/1495058859498417310/20.jpg,0.6371287302310902,0.7783489697125477,9.116124943830073
fog,0.0,twinlite,clips/0601/1495058865495399571/20.jpg,0.5912718028387826,0.7431436939735511,11.705667013302445
fog,0.0,twinlite,clips/0601/1495058871492888869/20.jpg,0.5947724039829303,0.7459025532389341,8.695374941453338
fog,0.0,twinlite,clips/0601/1495058877492091924/20.jpg,0.5407584353538369,0.701937984496124,8.703792002052069
fog,0.0,twinlite,clips/0601/1495058883487530264/20.jpg,0.512574497347567,0.6777510770496417,9.411583072505891
fog,0.0,twinlite,clips/0601/1495058889484921618/20.jpg,0.566805650631651,0.723517496127418,8.489500032737851
fog,0.0,twinlite,clips/0601/1495058895482305544/20.jpg,0.5636012032660077,0.720901470386148,8.298082975670695
fog,0.0,twinlite,clips/0601/1495058901481630657/20.jpg,0.5741523128588452,0.7294749156974744,8.054542005993426
fog,0.0,twinlite,clips/0601/1495058907477059235/20.jpg,0.51732518319402,0.6818909867495025,9.156167041510344
fog,0.0,twinlite,clips/0601/1495058913475711516/20.jpg,0.5055303654850234,0.6715644892650985,7.975667016580701
fog,0.0,twinlite,clips/0601/1495058919475143504/20.jpg,0.6296851574212894,0.7727690892364305,8.043042034842074
fog,0.0,twinlite,clips/0601/1495058925469436408/20.jpg,0.4830070690592713,0.6513887615730132,7.886625011451542
fog,0.0,twinlite,clips/0601/1495058931466470327/20.jpg,0.5252079081244098,0.688703363425741,9.306292049586773
fog,0.0,twinlite,clips/0601/1495058937463794073/20.jpg,0.6160235894854184,0.7623943035157988,9.076082962565124
fog,0.0,twinlite,clips/0601/1495058943463632446/20.jpg,0.5156679887090435,0.6804497984393786,7.647541002370417
fog,0.0,twinlite,clips/0601/1495058949458758174/20.jpg,0.4801856705295399,0.648818158545951,9.21345897950232
fog,0.0,twinlite,clips/0601/1495485009641442407/20.jpg,0.29716941275876635,0.4581813444502345,8.59229196794331
fog,0.0,twinlite,clips/0601/1495485015638767825/20.jpg,0.31011659507320066,0.4734183144300579,9.070707950741053
fog,0.0,twinlite,clips/0601/1495485021636199888/20.jpg,0.333214651297343,0.4998664708238751,9.840957936830819
fog,0.0,twinlite,clips/0601/1495485027633718711/20.jpg,0.4785076123621114,0.6472846109972098,8.809832972474396
fog,0.0,twinlite,clips/0601/1495485033630861236/20.jpg,0.38364256832324856,0.5545399904661237,8.38558399118483
fog,0.0,twinlite,clips/0601/1495485039628271607/20.jpg,0.35077983999138,0.519373815933792,7.952791056595743
fog,0.0,twinlite,clips/0601/1495485045626852826/20.jpg,0.4898046688899476,0.6575421316875061,8.121459046378732
fog,0.0,twinlite,clips/0601/1495485051623004273/20.jpg,0.44176781678820215,0.6128140906520159,9.523582994006574
fog,0.0,twinlite,clips/0601/1495485057620656604/20.jpg,0.31204808179431676,0.4756656194604841,7.8133330680429935
fog,0.0,twinlite,clips/0601/1495485063617750112/20.jpg,0.22478399272396543,0.3670589982549289,7.824457949027419
fog,0.0,twinlite,clips/0601/1495485069617812641/20.jpg,0.27521888085268364,0.4316417910447761,7.488292059861124
fog,0.0,twinlite,clips/0601/1495485075612519689/20.jpg,0.39519259827510056,0.5665061565889664,9.114000014960766
fog,0.0,twinlite,clips/0601/1495485081611855219/20.jpg,0.3878876548957017,0.5589611717165264,8.957499987445772
fog,0.0,twinlite,clips/0601/1495485087607351973/20.jpg,0.3878678291885465,0.5589405864610661,8.793083019554615
fog,0.0,twinlite,clips/0601/1495485093604646206/20.jpg,0.3705745792222867,0.5407579928011856,7.8707910142838955
fog,0.0,twinlite,clips/0601/1495485099601922885/20.jpg,0.0,nan,7.837500073947012
fog,0.0,twinlite,clips/0601/1495485105599385453/20.jpg,0.42820184240431347,0.5996377118285395,8.054416044615209
fog,0.0,twinlite,clips/0601/1495485111599411627/20.jpg,0.32069471624266144,0.4856454899055381,8.380834013223648
fog,0.0,twinlite,clips/0601/1495485117594185994/20.jpg,0.21670477126557125,0.35621586498779484,8.07341595645994
fog,0.0,twinlite,clips/0601/1495485123591495860/20.jpg,0.35569556451612905,0.524742536342343,7.939083036035299
fog,0.0,twinlite,clips/0601/1495485129589080069/20.jpg,0.2610587575749486,0.41403107667555783,7.889124914072454
fog,0.0,twinlite,clips/0601/1495485135586245515/20.jpg,0.37775138358899196,0.5483592875878135,8.023041067644954
fog,0.0,twinlite,clips/0601/1495485141585513338/20.jpg,0.37813852813852816,0.5487670802575781,8.66933399811387
fog,0.0,twinlite,clips/0601/1495485147581014946/20.jpg,0.3571668667466987,0.5263418603828327,8.947332971729338
fog,0.0,twinlite,clips/0601/1495485153579251831/20.jpg,0.05379802943187863,0.10210311260665786,8.292792015708983
fog,0.0,twinlite,clips/0601/1495485159575742672/20.jpg,0.32289079597708215,0.48815941113052536,8.49179201759398
fog,0.0,twinlite,clips/0601/1495485165575366989/20.jpg,0.3099005375759027,0.47316651713022967,7.976708002388477
fog,0.0,twinlite,clips/0601/1495485171570457961/20.jpg,0.31315069134127227,0.47694555302166475,10.869208024814725
fog,0.0,twinlite,clips/0601/1495485177570314287/20.jpg,0.32484905618027965,0.49039406363297533,9.134582942351699
fog,0.0,twinlite,clips/0601/1495485183565129358/20.jpg,0.28777726177049473,0.4469363923615881,8.859749999828637
fog,0.0,twinlite,clips/0601/1495485189564879401/20.jpg,0.38993291476735187,0.5610816329687669,8.833374944515526
fog,0.0,twinlite,clips/0601/1495485195559966192/20.jpg,0.3342216504319059,0.500998691369929,8.074084063991904
fog,0.0,twinlite,clips/0601/1495485201558641598/20.jpg,0.4033540287291805,0.5748428699697984,8.447375032119453
fog,0.0,twinlite,clips/0601/1495485207554693841/20.jpg,0.30283147006582384,0.46488203121240795,9.560083039104939
fog,0.0,twinlite,clips/0601/1495485213552150385/20.jpg,0.49535660729788744,0.6625263898662913,9.224999928846955
fog,0.0,twinlite,clips/0601/1495485219551850010/20.jpg,0.3490149456521739,0.5174367367493391,10.896916035562754
fog,0.0,twinlite,clips/0601/1495485225546895923/20.jpg,0.4096413654712182,0.5811994107228577,9.468792006373405
fog,0.0,twinlite,clips/0601/1495485231544226883/20.jpg,0.3847790179688673,0.5557262393146947,9.305000072345138
fog,0.0,twinlite,clips/0601/1495485237541517645/20.jpg,0.27272062051807405,0.4285632150865291,8.193875080905855
fog,0.0,twinlite,clips/0601/1495485243539258908/20.jpg,0.22061500860413497,0.36148172363770104,7.921624928712845
fog,0.0,twinlite,clips/0601/1495485249536332511/20.jpg,0.17630967741935483,0.2997674520644114,8.142333943396807
fog,0.0,twinlite,clips/0601/1495485255533685610/20.jpg,0.17495492075543323,0.2978070352570575,9.043707977980375
fog,0.0,twinlite,clips/0601/1495485261533592244/20.jpg,0.27968987160027897,0.43712133354704275,7.742375019006431
fog,0.0,twinlite,clips/0601/1495485267528430709/20.jpg,0.3336968122128903,0.5004088022962511,7.6948750065639615
fog,0.0,twinlite,clips/0601/1495485273526142378/20.jpg,0.21233340425943478,0.3502887959919584,8.353249984793365
fog,0.0,twinlite,clips/0601/1495485279523114914/20.jpg,0.3682485677832537,0.5382772932550784,9.57633403595537
fog,0.0,twinlite,clips/0601/1495485285520576618/20.jpg,0.4278757809628813,0.5993179332089311,8.659917046315968
fog,0.0,twinlite,clips/0601/1495492512658106755/20.jpg,0.37904439924988775,0.5497203707959856,8.021750021725893
fog,0.0,twinlite,clips/0601/1495492518657921956/20.jpg,0.2689982499867423,0.4239536973192085,7.552499999292195
fog,0.0,twinlite,clips/0601/1495492524654518667/20.jpg,0.4189215935759324,0.5904788474184485,7.825791952200234
fog,0.0,twinlite,clips/0601/1495492530652417826/20.jpg,0.17967579034749925,0.3046189331300455,8.080667001195252
fog,0.0,twinlite,clips/0601/1495492536647945627/20.jpg,0.34432819529856507,0.5122680555280511,8.239666000008583
fog,0.0,twinlite,clips/0601/1495492542645333836/20.jpg,0.15423520869325721,0.26725091650578103,7.541666971519589
fog,0.0,twinlite,clips/0601/1495492548642776463/20.jpg,0.2572299139359598,0.4092010714741272,8.613749989308417
fog,0.0,twinlite,clips/0601/1495492554641955081/20.jpg,0.35826429375063923,0.5275325213200549,7.805083063431084
fog,0.015,classical,clips/0601/1494453497604532231/20.jpg,0.11392046794660125,0.20453967985093588,1.9491249695420265
fog,0.015,classical,clips/0601/1494453503601902751/20.jpg,0.0034162558752722687,0.006809249611552873,1.5090410597622395
fog,0.015,classical,clips/0601/1494453509599288720/20.jpg,0.002163752812878657,0.004318162190171863,1.5429590130224824
fog,0.015,classical,clips/0601/1494453515596795530/20.jpg,0.20629221849901602,0.34202694062920264,1.7026659334078431
fog,0.015,classical,clips/0601/1494453521596643824/20.jpg,0.06687198532575465,0.12536084224825947,2.0091250771656632
fog,0.015,classical,clips/0601/1494453527591367337/20.jpg,0.0,nan,1.4106659218668938
fog,0.015,classical,clips/0601/1494453533590270210/20.jpg,0.09998161136942758,0.18178778687937333,1.7588750924915075
fog,0.015,classical,clips/0601/1494453539586188022/20.jpg,0.09003691533812015,0.16519975437747716,1.5424590092152357
fog,0.015,classical,clips/0601/1494453545585907063/20.jpg,0.010259400850990303,0.020310428870740155,1.461292034946382
fog,0.015,classical,clips/0601/1494453551580996478/20.jpg,0.07846174965191301,0.14550678255809724,1.5706249978393316
fog,0.015,classical,clips/0601/1494453557578299956/20.jpg,0.11173197871311079,0.20100524380426035,1.8676250474527478
fog,0.015,classical,clips/0601/1494453563575744757/20.jpg,0.1405243305297191,0.2464205747622276,1.5373750356957316
fog,0.015,classical,clips/0601/1494453569573067938/20.jpg,0.10872167782556644,0.196120775844831,1.6104999231174588
fog,0.015,classical,clips/0601/1494453575572346547/20.jpg,0.12546038093233716,0.222949440172039,1.3958329800516367
fog,0.015,classical,clips/0601/1494453581567767982/20.jpg,0.0,nan,1.7940420657396317
fog,0.015,classical,clips/0601/1494453587565069969/20.jpg,0.02159740831100268,0.04228164272011902,1.3685420854017138
fog,0.015,classical,clips/0601/1494453593562528307/20.jpg,0.04061958912443259,0.07806808472365877,1.389916054904461
fog,0.015,classical,clips/0601/1494453599561987554/20.jpg,0.05623460186093238,0.10648127179672993,1.2839999981224537
fog,0.015,classical,clips/0601/1494453605557268031/20.jpg,0.004629517999662431,0.00921636865474619,1.1634170077741146
fog,0.015,classical,clips/0601/1494453611554664747/20.jpg,0.020108962517829166,0.03942512664175854,1.319583971053362
fog,0.015,classical,clips/0601/1494453617553424930/20.jpg,0.03517543076511026,0.06796032772746874,1.6742500010877848
fog,0.015,classical,clips/0601/1494453623549421445/20.jpg,0.079096979595212,0.14659846351322872,2.0897500216960907
fog,0.015,classical,clips/0601/1494453629547675743/20.jpg,0.166402046396754,0.2853253677165652,1.3583330437541008
fog,0.015,classical,clips/0601/1494453635544157546/20.jpg,0.09474080740012138,0.17308354043203977,1.9222090486437082
fog,0.015,classical,clips/0601/1494453641541664519/20.jpg,0.04720910858094974,0.09016176080615221,1.863999990746379
fog,0.015,classical,clips/0601/1494453647538775071/20.jpg,0.24305236564079008,0.39105732366391055,1.4973750803619623
fog,0.015,classical,clips/0601/1494453653536229036/20.jpg,0.10958028136263225,0.19751663435846387,1.2848330661654472
fog,0.015,classical,clips/0601/1494453661532670510/20.jpg,0.001729368932038835,0.0034527667565193683,1.041749957948923
fog,0.015,classical,clips/0601/1494453667532618102/20.jpg,0.26017470716696445,0.4129184718393068,1.3316250406205654
fog,0.015,classical,clips/0601/1494453673527450206/20.jpg,0.0794717673881503,0.14724195627725814,1.25495798420161
fog,0.015,classical,clips/0601/1494453679527133712/20.jpg,0.15251718840506712,0.2646679632017132,1.1563330190256238
fog,0.015,classical,clips/0601/1494453685522315222/20.jpg,0.1957714171736312,0.32743953294412015,1.3991250889375806
fog,0.015,classical,clips/0601/1494453691519533853/20.jpg,0.09865071912222606,0.17958522650591566,1.3632079353556037
fog,0.015,classical,clips/0601/1494453697518974585/20.jpg,0.17366777475571674,0.2959402626384001,1.3756250264123082
fog,0.015,classical,clips/0601/1494453703514316264/20.jpg,0.23808604522890237,0.3846033902835631,1.5076249837875366
fog,0.015,classical,clips/0601/1494453709513778562/20.jpg,0.2985144279380882,0.45977837675950883,1.0418340098112822
fog,0.015,classical,clips/0601/1494453715509045873/20.jpg,0.1380687123675822,0.24263686518602345,1.3867919333279133
fog,0.015,classical,clips/0601/1494453721506443914/20.jpg,0.15865384615384615,0.27385892116182575,1.3130420120432973
fog,0.015,classical,clips/0601/1494453727503739315/20.jpg,0.14988371689402616,0.26069369396564734,1.0580410016700625
fog,0.015,classical,clips/0601/1494453733501172122/20.jpg,0.01662138871848801,0.03269927015688753,0.8902919944375753
fog,0.015,classical,clips/0601/1494453739498514009/20.jpg,0.18499679994610435,0.31223172915659914,1.3762080343440175
fog,0.015,classical,clips/0601/1494453745495966700/20.jpg,0.16484532338472713,0.28303384161895584,1.360959024168551
fog,0.015,classical,clips/0601/1494453751493293308/20.jpg,0.12656925293270221,0.22469857508220678,1.337875030003488
fog,0.015,classical,clips/0601/1494453757490822445/20.jpg,0.069998339697825,0.13083822114638613,1.3159580994397402
fog,0.015,classical,clips/0601/1494453763488013443/20.jpg,0.010443987618440018,0.02067207632766644,1.0519580682739615
fog,0.015,classical,clips/0601/1494453769487225684/20.jpg,0.11083041316926086,0.1995451544274081,1.069250050932169
fog,0.015,classical,clips/0601/1494453775482792464/20.jpg,0.07589843630932423,0.1410884777743151,1.3430420076474547
fog,0.015,classical,clips/0601/1494453781480173619/20.jpg,0.0704290125484528,0.1315902534830909,1.3040420599281788
fog,0.015,classical,clips/0601/1494453787480034236/20.jpg,0.12465863453815261,0.22168261676903298,1.335666049271822
fog,0.015,classical,clips/0601/1494453793475579483/20.jpg,0.06795063575168288,0.1272542634030185,1.2467909837141633
fog,0.015,classical,clips/0601/1494453799472239703/20.jpg,0.13712430974160097,0.2411773428232503,1.2989159440621734
fog,0.015,classical,clips/0601/1494453805469700214/20.jpg,0.2532806102809952,0.40418818930615663,1.4409999130293727
fog,0.015,classical,clips/0601/1494453811467016035/20.jpg,0.12097005301619143,0.21583101652126674,1.292875036597252
fog,0.015,classical,clips/0601/1494453817464323387/20.jpg,0.12295753088177708,0.21898874623553652,1.2169580440968275
fog,0.015,classical,clips/0601/1494453823461695785/20.jpg,0.13789554926678674,0.2423694325118698,1.268541906028986
fog,0.015,classical,clips/0601/1494453829459036893/20.jpg,0.15968140136374323,0.27538839749600835,1.3155000051483512
fog,0.015,classical,clips/0601/1494453835456441057/20.jpg,0.13367442764159193,0.23582507355251506,1.1758749606087804
fog,0.015,classical,clips/0601/1494453841456411836/20.jpg,0.0,nan,0.8379999781027436
fog,0.015,classical,clips/0601/1494453847451852161/20.jpg,0.034994663475532845,0.06762288678478798,1.143791014328599
fog,0.015,classical,clips/0601/1494453853451104735/20.jpg,0.1632563181787384,0.2806884701633806,1.366000040434301
fog,0.015,classical,clips/0601/1494453859446867209/20.jpg,0.18091076725727573,0.3063919345531077,1.2311669997870922
fog,0.015,classical,clips/0601/1494453865443302705/20.jpg,0.1383935808072621,0.24313837172047983,1.222957973368466
fog,0.015,classical,clips/0601/1494453871443269121/20.jpg,0.25450154490890364,0.40574130170144096,1.2424170272424817
fog,0.015,classical,clips/0601/1494453877438073356/20.jpg,0.09133328510453592,0.1673792714858639,1.1781660141423345
fog,0.015,classical,clips/0601/1494453883436198482/20.jpg,0.16490638502160346,0.28312384092314036,1.2154170544818044
fog,0.015,classical,clips/0601/1494453889432873365/20.jpg,0.09984608835183548,0.1815637467992616,1.2192920548841357
fog,0.015,classical,clips/0601/1494453895431227611/20.jpg,0.1927880439665758,0.3232561643147692,1.439124927856028
fog,0.015,classical,clips/0601/1494453901427565927/20.jpg,0.04549311138943881,0.08702708969355026,1.209583948366344
fog,0.015,classical,clips/0601/1494453907426815473/20.jpg,0.1635928823314823,0.2811857735047201,1.2361669214442372
fog,0.015,classical,clips/0601/1494453913422263611/20.jpg,0.2967867361162057,0.45772635985630633,1.2842499418184161
fog,0.015,classical,clips/0601/1494453919420314205/20.jpg,0.24705955181379224,0.3962273517001737,1.3649159809574485
fog,0.015,classical,clips/0601/1495058507652622962/20.jpg,0.20002466395363178,0.3333675881204399,1.754791010171175
fog,0.015,classical,clips/0601/1495058515650447849/20.jpg,0.23232173880900456,0.3770472133901254,1.9183749100193381
fog,0.015,classical,clips/0601/1495058521646381547/20.jpg,0.22389573205284977,0.3658738668486207,1.7595000099390745
fog,0.015,classical,clips/0601/1495058527645454477/20.jpg,0.019645062434249645,0.03853313894807671,2.0447500282898545
fog,0.015,classical,clips/0601/1495058533641199011/20.jpg,0.08449830424352717,0.15582929712825597,1.9792920211330056
fog,0.015,classical,clips/0601/1495058539638866627/20.jpg,0.10708161321054303,0.1934484539039642,1.950582955032587
fog,0.015,classical,clips/0601/1495058545635832279/20.jpg,0.0327241388051,0.06337440479112463,1.6590000595897436
fog,0.015,classical,clips/0601/1495058551633359536/20.jpg,0.2347723607492867,0.38026824735017833,1.6027919482439756
fog,0.015,classical,clips/0601/1495058557632067443/20.jpg,0.0,nan,1.0344579350203276
fog,0.015,classical,clips/0601/1495058563627986766/20.jpg,0.10603929497604501,0.19174598128241302,1.952708000317216
fog,0.015,classical,clips/0601/1495058569626907953/20.jpg,0.1332527651525103,0.23516865654341024,1.7239170847460628
fog,0.015,classical,clips/0601/1495058575622734256/20.jpg,0.2279382554906078,0.37125361062969386,1.7113330541178584
fog,0.015,classical,clips/0601/1495058581620129503/20.jpg,0.0005141273247496424,0.0010277262673428808,1.6458750469610095
fog,0.015,classical,clips/0601/1495058587617442669/20.jpg,0.18066241065095215,0.3060356779739347,1.8448749324306846
fog,0.015,classical,clips/0601/1495058593615616960/20.jpg,0.07059366671563175,0.13187760942430954,1.8800830002874136
fog,0.015,classical,clips/0601/1495058599612448574/20.jpg,0.08293764558322882,0.15317159934644578,1.4082499546930194
fog,0.015,classical,clips/0601/1495058605609578659/20.jpg,0.011073811765669137,0.021905051118534268,2.0400829380378127
fog,0.015,classical,clips/0601/1495058611609939176/20.jpg,0.06911813829194967,0.12929934647329913,1.585416030138731
fog,0.015,classical,clips/0601/1495058617604256196/20.jpg,0.06970666332141588,0.1303285577468092,1.6345420153811574
fog,0.015,classical,clips/0601/1495058623602404204/20.jpg,0.12408058842340902,0.22076813655761024,1.642541028559208
fog,0.015,classical,clips/0601/1495058629599018470/20.jpg,0.10079271488469602,0.18312751078708528,1.3919170014560223
fog,0.015,classical,clips/0601/1495058635596342127/20.jpg,0.21979208856487106,0.36037631433314893,1.8729589646682143
fog,0.015,classical,clips/0601/1495058641593823148/20.jpg,0.16726314885332264,0.28659030145453657,1.9891250412911177
fog,0.015,classical,clips/0601/1495058647591446332/20.jpg,0.13379873623796254,0.23601849598442443,1.7818750347942114
fog,0.015,classical,clips/0601/1495058653588446886/20.jpg,0.1625314444591553,0.2796164271234312,1.7608749913051724
fog,0.015,classical,clips/0601/1495058659585835658/20.jpg,0.07057113500238077,0.1318382920948524,2.414249931462109
fog,0.015,classical,clips/0601/1495058665583165347/20.jpg,0.08702920641164323,0.16012303238646644,1.7108750762417912
fog,0.015,classical,clips/0601/1495058671580580478/20.jpg,0.12045090589380475,0.2150043438051733,1.8172910204157233
fog,0.015,classical,clips/0601/1495058677578062974/20.jpg,0.1448442998472877,0.25303755255908367,1.5859159175306559
fog,0.015,classical,clips/0601/1495058683578929172/20.jpg,0.2106801675556761,0.34803604321202763,1.2675829930230975
fog,0.015,classical,clips/0601/1495058689572753425/20.jpg,0.09146556501586982,0.1676013755221676,1.8327080179005861
fog,0.015,classical,clips/0601/1495058695570408263/20.jpg,0.0933564802819091,0.17077043391710311,2.241209032945335
fog,0.015,classical,clips/0601/1495058701567358056/20.jpg,0.1247942426214447,0.2218970152809448,1.4353339793160558
fog,0.015,classical,clips/0601/1495058707565707879/20.jpg,0.18248398703651722,0.30864517242867623,1.759457984007895
fog,0.015,classical,clips/0601/1495058715562283498/20.jpg,0.07559136989862231,0.1405577843298371,1.826041960157454
fog,0.015,classical,clips/0601/1495058721558633337/20.jpg,0.09813037225325262,0.17872262662565103,1.8926659831777215
fog,0.015,classical,clips/0601/1495058727556647955/20.jpg,0.09299976230092703,0.17017343554613168,2.151041990146041
fog,0.015,classical,clips/0601/1495058733553446687/20.jpg,0.14933192795362246,0.2598586610562658,1.8434170633554459
fog,0.015,classical,clips/0601/1495058739553286402/20.jpg,0.14319320542588293,0.2505144445335258,1.5388330211862922
fog,0.015,classical,clips/0601/1495058745548122682/20.jpg,0.15239294710327456,0.2644808743169399,1.5245830873027444
fog,0.015,classical,clips/0601/1495058751545486604/20.jpg,0.15300876134515504,0.2654078034353316,1.5789170283824205
fog,0.015,classical,clips/0601/1495058757543228003/20.jpg,0.11508264981062032,0.2064109773928692,1.2916249688714743
fog,0.015,classical,clips/0601/1495058763540182973/20.jpg,0.2580377596966585,0.4102225989764843,1.3277089456096292
fog,0.015,classical,clips/0601/1495058769540492239/20.jpg,0.04332306629436656,0.08304822867233197,1.528874970972538
fog,0.015,classical,clips/0601/1495058775535017414/20.jpg,0.050956443065787775,0.09697156033820138,1.3885409571230412
fog,0.015,classical,clips/0601/1495058781534953658/20.jpg,0.20591763294682128,0.3415119363395226,1.5508329961448908
fog,0.015,classical,clips/0601/1495058787529671793/20.jpg,0.174753091121436,0.2975145882861465,1.4312089188024402
fog,0.015,classical,clips/0601/1495058793526969174/20.jpg,0.07509787234042553,0.13970425255691712,1.1409169528633356
fog,0.015,classical,clips/0601/1495058799525818237/20.jpg,0.08710904324064843,0.16025815217391304,1.2236250331625342
fog,0.015,classical,clips/0601/1495058805523198969/20.jpg,0.23291956142372658,0.3778341567632527,1.4823750825598836
fog,0.015,classical,clips/0601/1495058811520330339/20.jpg,0.15602040488947352,0.26992673179396093,1.3629579916596413
fog,0.015,classical,clips/0601/1495058817516570927/20.jpg,0.08625047874377634,0.15880403356603906,0.988416955806315
fog,0.015,classical,clips/0601/1495058823515900521/20.jpg,0.10271973853157465,0.1863025299036731,1.19162502232939
fog,0.015,classical,clips/0601/1495058829511203058/20.jpg,0.2740449947153858,0.43019672908272105,1.245209015905857
fog,0.015,classical,clips/0601/1495058835510553015/20.jpg,0.31998446163082245,0.4848306490448927,0.9559169411659241
fog,0.015,classical,clips/0601/1495058841505989452/20.jpg,0.17241948257655754,0.2941259253004588,1.186458976007998
fog,0.015,classical,clips/0601/1495058847507116852/20.jpg,0.0,nan,1.1453329352661967
fog,0.015,classical,clips/0601/1495058853500724642/20.jpg,0.2884498153261376,0.4477470707745401,1.4270410174503922
fog,0.015,classical,clips/0601/1495058859498417310/20.jpg,0.1763065646908859,0.2997629529292245,1.0593750048428774
fog,0.015,classical,clips/0601/1495058865495399571/20.jpg,0.17982113705727873,0.3048277936531809,1.2769160093739629
fog,0.015,classical,clips/0601/1495058871492888869/20.jpg,0.20071313959707612,0.33432321672506976,1.4213749673217535
fog,0.015,classical,clips/0601/1495058877492091924/20.jpg,0.13173675136796342,0.23280458323674538,1.2203749502077699
fog,0.015,classical,clips/0601/1495058883487530264/20.jpg,0.13261300198091122,0.23417178109199605,1.2946249917149544
fog,0.015,classical,clips/0601/1495058889484921618/20.jpg,0.27135606548002,0.42687658138881085,1.3284169835969806
fog,0.015,classical,clips/0601/1495058895482305544/20.jpg,0.30941202772188686,0.4725968926071368,1.3383750338107347
fog,0.015,classical,clips/0601/1495058901481630657/20.jpg,0.17106709121136127,0.29215591915303174,1.3082500081509352
fog,0.015,classical,clips/0601/1495058907477059235/20.jpg,0.13082304526748972,0.2313766876523891,1.4577499823644757
fog,0.015,classical,clips/0601/1495058913475711516/20.jpg,0.0518709586233702,0.09862608754073028,1.2477500131353736
fog,0.015,classical,clips/0601/1495058919475143504/20.jpg,0.23654871546291809,0.3825950607604861,1.3288749614730477
fog,0.015,classical,clips/0601/1495058925469436408/20.jpg,0.14715189873417722,0.25655172413793104,1.2825420126318932
fog,0.015,classical,clips/0601/1495058931466470327/20.jpg,0.13150745282326162,0.23244646333549643,1.2918750289827585
fog,0.015,classical,clips/0601/1495058937463794073/20.jpg,0.25763149403033236,0.40970903679376,1.0474580340087414
fog,0.015,classical,clips/0601/1495058943463632446/20.jpg,0.13260869565217392,0.23416506717850286,1.042374991811812
fog,0.015,classical,clips/0601/1495058949458758174/20.jpg,0.0,nan,0.9264589753001928
fog,0.015,classical,clips/0601/1495485009641442407/20.jpg,0.08952795503528715,0.16434264879855712,1.8730000592768192
fog,0.015,classical,clips/0601/1495485015638767825/20.jpg,0.0005095878000905934,0.0010186565052536266,1.8723750254139304
fog,0.015,classical,clips/0601/1495485021636199888/20.jpg,0.061181994488108606,0.11530914547343311,1.7571250209584832
fog,0.015,classical,clips/0601/1495485027633718711/20.jpg,0.12657626978721648,0.2247096325065035,1.5663750236853957
fog,0.015,classical,clips/0601/1495485033630861236/20.jpg,0.09615475907904106,0.17544011606504842,1.5654590679332614
fog,0.015,classical,clips/0601/1495485039628271607/20.jpg,0.11933278267254038,0.21322127703187455,1.6838329611346126
fog,0.015,classical,clips/0601/1495485045626852826/20.jpg,0.08278931205060777,0.15291859852923695,1.7170000355690718
fog,0.015,classical,clips/0601/1495485051623004273/20.jpg,0.05993825602392094,0.11309763692984062,2.2537909680977464
fog,0.015,classical,clips/0601/1495485057620656604/20.jpg,0.1311507740853959,0.23188911167291432,1.675875042565167
fog,0.015,classical,clips/0601/1495485063617750112/20.jpg,0.0807832004341836,0.14949011124845488,1.8819590331986547
fog,0.015,classical,clips/0601/1495485069617812641/20.jpg,0.11314018948235617,0.20328111508572838,1.6277090180665255
fog,0.015,classical,clips/0601/1495485075612519689/20.jpg,0.08121569806781445,0.1502303346371143,1.8484171014279127
fog,0.015,classical,clips/0601/1495485081611855219/20.jpg,0.08374980778102414,0.1545556127064082,1.81629101280123
fog,0.015,classical,clips/0601/1495485087607351973/20.jpg,0.06362674814901868,0.11964112083443824,1.8148330273106694
fog,0.015,classical,clips/0601/1495485093604646206/20.jpg,0.06559748890360234,0.12311870023473098,1.9708749605342746
fog,0.015,classical,clips/0601/1495485099601922885/20.jpg,0.0,nan,0.8069159230217338
fog,0.015,classical,clips/0601/1495485105599385453/20.jpg,0.059351877497724845,0.11205318791319613,1.823625061661005
fog,0.015,classical,clips/0601/1495485111599411627/20.jpg,0.0,nan,1.8545829225331545
fog,0.015,classical,clips/0601/1495485117594185994/20.jpg,0.09932393871548356,0.18070003793702455,1.8360830144956708
fog,0.015,classical,clips/0601/1495485123591495860/20.jpg,0.1683703193686775,0.28821396192203086,1.8561671022325754
fog,0.015,classical,clips/0601/1495485129589080069/20.jpg,0.019331801017895254,0.0379303402456211,1.7625419422984123
fog,0.015,classical,clips/0601/1495485135586245515/20.jpg,0.0294991556401103,0.05730778015406657,1.7070419853553176
fog,0.015,classical,clips/0601/1495485141585513338/20.jpg,0.018658759985647106,0.036633975416674396,2.273874939419329
fog,0.015,classical,clips/0601/1495485147581014946/20.jpg,0.15140326539323445,0.2629891193534635,1.9461250631138682
fog,0.015,classical,clips/0601/1495485153579251831/20.jpg,0.043341586823124126,0.08308225679970284,1.562915975227952
fog,0.015,classical,clips/0601/1495485159575742672/20.jpg,0.0631426472988412,0.11878490146034427,2.026250003837049
fog,0.015,classical,clips/0601/1495485165575366989/20.jpg,0.08861447167721849,0.16280230326295586,1.6091660363599658
fog,0.015,classical,clips/0601/1495485171570457961/20.jpg,0.08618427902134305,0.15869181811210795,2.1422499557957053
fog,0.015,classical,clips/0601/1495485177570314287/20.jpg,0.08171931442625471,0.15109153240847645,2.1876670653000474
fog,0.015,classical,clips/0601/1495485183565129358/20.jpg,0.13285306334371755,0.23454597536522484,2.017625025473535
fog,0.015,classical,clips/0601/1495485189564879401/20.jpg,0.1340602950609365,0.23642533936651583,2.0976669620722532
fog,0.015,classical,clips/0601/1495485195559966192/20.jpg,0.03308994217701431,0.06406013808881808,2.340167062357068
fog,0.015,classical,clips/0601/1495485201558641598/20.jpg,0.13605851787426684,0.23952730556318952,1.7386249965056777
fog,0.015,classical,clips/0601/1495485207554693841/20.jpg,0.06477811708141122,0.12167439589943861,1.9180000526830554
fog,0.015,classical,clips/0601/1495485213552150385/20.jpg,0.006489003368337626,0.012894335351149172,2.089999965392053
fog,0.015,classical,clips/0601/1495485219551850010/20.jpg,0.09440848806366048,0.17252879357815956,1.8904999596998096
fog,0.015,classical,clips/0601/1495485225546895923/20.jpg,0.10288453823317019,0.18657354358778486,1.6430839896202087
fog,0.015,classical,clips/0601/1495485231544226883/20.jpg,0.04844401066106085,0.09241124975384447,2.8538339538499713
fog,0.015,classical,clips/0601/1495485237541517645/20.jpg,0.09851943400509497,0.17936766698046058,2.3619169369339943
fog,0.015,classical,clips/0601/1495485243539258908/20.jpg,0.06699604291040509,0.12557880294975132,2.28433299344033
fog,0.015,classical,clips/0601/1495485249536332511/20.jpg,0.04763373578919538,0.09093585699263933,3.2582919811829925
fog,0.015,classical,clips/0601/1495485255533685610/20.jpg,0.07872242647058823,0.14595492693733225,2.71012494340539
fog,0.015,classical,clips/0601/1495485261533592244/20.jpg,0.005863649502415659,0.011658935095857794,3.204833948984742
fog,0.015,classical,clips/0601/1495485267528430709/20.jpg,0.002730236348818256,0.005445604909172187,2.994457958266139
fog,0.015,classical,clips/0601/1495485273526142378/20.jpg,0.03908225942430447,0.07522457258765576,1.7412080196663737
fog,0.015,classical,clips/0601/1495485279523114914/20.jpg,0.1385481148002251,0.2433768287860815,2.5067500537261367
fog,0.015,classical,clips/0601/1495485285520576618/20.jpg,0.040624080070650576,0.07807637906647807,2.0191249204799533
fog,0.015,classical,clips/0601/1495492512658106755/20.jpg,0.0,nan,1.2392920907586813
fog,0.015,classical,clips/0601/1495492518657921956/20.jpg,0.17078451656362018,0.2917437225167468,2.1192909916862845
fog,0.015,classical,clips/0601/1495492524654518667/20.jpg,0.12154081490752329,0.2167389956602604,1.928625046275556
fog,0.015,classical,clips/0601/1495492530652417826/20.jpg,0.09637943801395223,0.17581401962178303,2.2394158877432346
fog,0.015,classical,clips/0601/1495492536647945627/20.jpg,0.056360086674819246,0.10670620252650394,1.7372500151395798
fog,0.015,classical,clips/0601/1495492542645333836/20.jpg,0.035856421974673904,0.06923048641494173,1.8576249713078141
fog,0.015,classical,clips/0601/1495492548642776463/20.jpg,0.03538461538461538,0.06835066864784548,2.0709160016849637
fog,0.015,classical,clips/0601/1495492554641955081/20.jpg,0.06188596294468619,0.11655858558120868,1.8657910404726863
fog,0.015,twinlite,clips/0601/1494453497604532231/20.jpg,0.058726958525345624,0.11093881770450775,28.668332961387932
fog,0.015,twinlite,clips/0601/1494453503601902751/20.jpg,0.0,nan,11.8589160265401
fog,0.015,twinlite,clips/0601/1494453509599288720/20.jpg,0.007078850529509256,0.014058185266798697,8.53591610211879
fog,0.015,twinlite,clips/0601/1494453515596795530/20.jpg,0.036781292984869325,0.07095284846233449,7.674666936509311
fog,0.015,twinlite,clips/0601/1494453521596643824/20.jpg,0.06119987940910461,0.11534090909090908,7.672750041820109
fog,0.015,twinlite,clips/0601/1494453527591367337/20.jpg,0.0,nan,9.02508303988725
fog,0.015,twinlite,clips/0601/1494453533590270210/20.jpg,0.05323754548876898,0.10109314032109136,8.92033299896866
fog,0.015,twinlite,clips/0601/1494453539586188022/20.jpg,0.08242351870806323,0.15229439731028868,8.132209070026875
fog,0.015,twinlite,clips/0601/1494453545585907063/20.jpg,0.0,nan,7.776541053317487
fog,0.015,twinlite,clips/0601/1494453551580996478/20.jpg,0.0,nan,8.515042020007968
fog,0.015,twinlite,clips/0601/1494453557578299956/20.jpg,0.07759253719165601,0.14401090303366818,8.763249963521957
fog,0.015,twinlite,clips/0601/1494453563575744757/20.jpg,0.1028978015629276,0.18659535165834965,7.624083082191646
fog,0.015,twinlite,clips/0601/1494453569573067938/20.jpg,0.058130444494080856,0.10987387197213572,7.93833308853209
fog,0.015,twinlite,clips/0601/1494453575572346547/20.jpg,0.05995736631939232,0.11313165646952188,9.306375053711236
fog,0.015,twinlite,clips/0601/1494453581567767982/20.jpg,0.0003876595057341302,0.0007750185681531953,9.05979098752141
fog,0.015,twinlite,clips/0601/1494453587565069969/20.jpg,0.00996309963099631,0.01972963098282791,9.67383396346122
fog,0.015,twinlite,clips/0601/1494453593562528307/20.jpg,0.05887101424205731,0.11119581790459594,7.829249952919781
fog,0.015,twinlite,clips/0601/1494453599561987554/20.jpg,0.0,nan,19.35483398847282
fog,0.015,twinlite,clips/0601/1494453605557268031/20.jpg,0.0001276364912728549,0.00025524040455604123,9.288082947023213
fog,0.015,twinlite,clips/0601/1494453611554664747/20.jpg,0.006542480690595184,0.012999909722849146,8.645124966278672
fog,0.015,twinlite,clips/0601/1494453617553424930/20.jpg,2.788777957499024e-05,5.577400373685825e-05,8.167000021785498
fog,0.015,twinlite,clips/0601/1494453623549421445/20.jpg,0.12807161545170062,0.22706291639191434,8.007541997358203
fog,0.015,twinlite,clips/0601/1494453629547675743/20.jpg,0.09066774398337854,0.16626097999788336,7.723291055299342
fog,0.015,twinlite,clips/0601/1494453635544157546/20.jpg,0.0560871411797037,0.10621688115064344,7.835666066966951
fog,0.015,twinlite,clips/0601/1494453641541664519/20.jpg,0.04775319689562792,0.09115352172079291,8.756541064940393
fog,0.015,twinlite,clips/0601/1494453647538775071/20.jpg,0.22715625094208797,0.37021569301822826,9.000000078231096
fog,0.015,twinlite,clips/0601/1494453653536229036/20.jpg,0.10437295183057894,0.18901758080469674,9.030416025780141
fog,0.015,twinlite,clips/0601/1494453661532670510/20.jpg,0.18109361988976566,0.3066541328140737,24.267750093713403
fog,0.015,twinlite,clips/0601/1494453667532618102/20.jpg,0.20688121014385288,0.34283607766035884,13.551790965721011
fog,0.015,twinlite,clips/0601/1494453673527450206/20.jpg,0.13485158648925283,0.2376550169109357,9.123708005063236
fog,0.015,twinlite,clips/0601/1494453679527133712/20.jpg,0.13626402381186015,0.23984570655459284,7.875667070038617
fog,0.015,twinlite,clips/0601/1494453685522315222/20.jpg,0.10698143513503418,0.19328496709971316,7.7065411023795605
fog,0.015,twinlite,clips/0601/1494453691519533853/20.jpg,0.055205463944756804,0.10463453011014161,9.335167007520795
fog,0.015,twinlite,clips/0601/1494453697518974585/20.jpg,0.13242194092827003,0.23387385239060451,8.959666010923684
fog,0.015,twinlite,clips/0601/1494453703514316264/20.jpg,0.04719392220705108,0.09013406439102672,8.41258408036083
fog,0.015,twinlite,clips/0601/1494453709513778562/20.jpg,0.0508274231678487,0.09673790776152981,7.838041987270117
fog,0.015,twinlite,clips/0601/1494453715509045873/20.jpg,0.16599516518936341,0.28472702142363504,7.826084038242698
fog,0.015,twinlite,clips/0601/1494453721506443914/20.jpg,0.18547629218282785,0.3129143845488614,9.680999908596277
fog,0.015,twinlite,clips/0601/1494453727503739315/20.jpg,0.1829717378765695,0.30934253459850736,8.384917047806084
fog,0.015,twinlite,clips/0601/1494453733501172122/20.jpg,0.04837408214314532,0.09228401000577256,8.176625007763505
fog,0.015,twinlite,clips/0601/1494453739498514009/20.jpg,0.10680398994404347,0.1929953106682298,7.72262504324317
fog,0.015,twinlite,clips/0601/1494453745495966700/20.jpg,0.10672827249121736,0.1928716834006141,9.79570799972862
fog,0.015,twinlite,clips/0601/1494453751493293308/20.jpg,0.04457334758052206,0.08534268595645185,8.13474995084107
fog,0.015,twinlite,clips/0601/1494453757490822445/20.jpg,0.09196662187964076,0.1684421850208853,7.488457951694727
fog,0.015,twinlite,clips/0601/1494453763488013443/20.jpg,0.10975653612399755,0.1978029100100457,8.674458018504083
fog,0.015,twinlite,clips/0601/1494453769487225684/20.jpg,0.13110681755451284,0.23182040019521719,9.297124925069511
fog,0.015,twinlite,clips/0601/1494453775482792464/20.jpg,0.15232084690553746,0.2643722836648882,8.224125020205975
fog,0.015,twinlite,clips/0601/1494453781480173619/20.jpg,0.1204999465869031,0.2150824673467442,7.591250003315508
fog,0.015,twinlite,clips/0601/1494453787480034236/20.jpg,0.11059592581331712,0.19916501266169326,8.190832915715873
fog,0.015,twinlite,clips/0601/1494453793475579483/20.jpg,0.12277006937561942,0.21869138254441137,9.05612506903708
fog,0.015,twinlite,clips/0601/1494453799472239703/20.jpg,0.09152336812925023,0.16769841269841268,8.366207941435277
fog,0.015,twinlite,clips/0601/1494453805469700214/20.jpg,0.16253217879709805,0.2796175138399597,8.445666055195034
fog,0.015,twinlite,clips/0601/1494453811467016035/20.jpg,0.10964247020585048,0.19761765280218707,8.33716697525233
fog,0.015,twinlite,clips/0601/1494453817464323387/20.jpg,0.1549466715704303,0.2683183135369232,9.032542002387345
fog,0.015,twinlite,clips/0601/1494453823461695785/20.jpg,0.18275483820418398,0.30903249312709086,8.016417035833001
fog,0.015,twinlite,clips/0601/1494453829459036893/20.jpg,0.18577105898854515,0.31333377143983704,7.541417027823627
fog,0.015,twinlite,clips/0601/1494453835456441057/20.jpg,0.18087542528133996,0.3063412471950578,10.059250053018332
fog,0.015,twinlite,clips/0601/1494453841456411836/20.jpg,0.16042666209732695,0.2764959946841892,9.9120840895921
fog,0.015,twinlite,clips/0601/1494453847451852161/20.jpg,0.07079830473146669,0.1322346223721775,7.856916985474527
fog,0.015,twinlite,clips/0601/1494453853451104735/20.jpg,0.22707054369003418,0.37010185739964047,7.520625018514693
fog,0.015,twinlite,clips/0601/1494453859446867209/20.jpg,0.2004681761310893,0.33398332436793976,8.645457914099097
fog,0.015,twinlite,clips/0601/1494453865443302705/20.jpg,0.17862396503173203,0.3031059444424634,10.000249953009188
fog,0.015,twinlite,clips/0601/1494453871443269121/20.jpg,0.26252234359483617,0.41586961993455823,9.115125052630901
fog,0.015,twinlite,clips/0601/1494453877438073356/20.jpg,0.09748415594392164,0.17765022923739196,8.489415980875492
fog,0.015,twinlite,clips/0601/1494453883436198482/20.jpg,0.2417997805145714,0.3894344069128044,7.810916984453797
fog,0.015,twinlite,clips/0601/1494453889432873365/20.jpg,0.17337083601613068,0.2955090252707581,8.816832909360528
fog,0.015,twinlite,clips/0601/1494453895431227611/20.jpg,0.23901973265436027,0.3858207038273824,8.40583408717066
fog,0.015,twinlite,clips/0601/1494453901427565927/20.jpg,0.18117046065603154,0.30676429303084335,7.801208063028753
fog,0.015,twinlite,clips/0601/1494453907426815473/20.jpg,0.1689352752093337,0.28904128191200434,7.620500051416457
fog,0.015,twinlite,clips/0601/1494453913422263611/20.jpg,0.3650946541695995,0.5349001302648719,9.343915968202055
fog,0.015,twinlite,clips/0601/1494453919420314205/20.jpg,0.4246698094829937,0.5961659419695354,8.70091700926423
fog,0.015,twinlite,clips/0601/1495058507652622962/20.jpg,0.12953385505273904,0.2293580745248065,8.256625034846365
fog,0.015,twinlite,clips/0601/1495058515650447849/20.jpg,0.23817755278429437,0.38472277622656553,9.112583007663488
fog,0.015,twinlite,clips/0601/1495058521646381547/20.jpg,0.18659092327860666,0.31449915824915825,8.02758289501071
fog,0.015,twinlite,clips/0601/1495058527645454477/20.jpg,0.13187602332462012,0.23302202822048526,8.100125007331371
fog,0.015,twinlite,clips/0601/1495058533641199011/20.jpg,0.1731080450942206,0.2951271979049757,7.687749923206866
fog,0.015,twinlite,clips/0601/1495058539638866627/20.jpg,0.11262768319763139,0.20245349796428858,8.476958028040826
fog,0.015,twinlite,clips/0601/1495058545635832279/20.jpg,0.052588087525616445,0.0999214947401476,9.172000107355416
fog,0.015,twinlite,clips/0601/1495058551633359536/20.jpg,0.14535308576363515,0.2538135838988458,8.23800009675324
fog,0.015,twinlite,clips/0601/1495058557632067443/20.jpg,0.0,nan,7.993875071406364
fog,0.015,twinlite,clips/0601/1495058563627986766/20.jpg,0.19628830843784115,0.3281622114892386,7.9752909950912
fog,0.015,twinlite,clips/0601/1495058569626907953/20.jpg,0.0,nan,8.640249958261847
fog,0.015,twinlite,clips/0601/1495058575622734256/20.jpg,0.051771794155097986,0.09844681981928777,8.936041966080666
fog,0.015,twinlite,clips/0601/1495058581620129503/20.jpg,0.08767707539984768,0.16121894518667898,8.775082998909056
fog,0.015,twinlite,clips/0601/1495058587617442669/20.jpg,0.00014939309056956115,0.00029874155121550466,7.829957990907133
fog,0.015,twinlite,clips/0601/1495058593615616960/20.jpg,0.0009994574373911305,0.0019969190391966683,9.009417030028999
fog,0.015,twinlite,clips/0601/1495058599612448574/20.jpg,0.03747896128877134,0.07225006518149425,8.990250062197447
fog,0.015,twinlite,clips/0601/1495058605609578659/20.jpg,0.07406926968478401,0.13792270531400966,8.753290981985629
fog,0.015,twinlite,clips/0601/1495058611609939176/20.jpg,0.20264631406255573,0.3370006820675543,8.729082997888327
fog,0.015,twinlite,clips/0601/1495058617604256196/20.jpg,0.03504718516108038,0.06772094193102147,8.304374990984797
fog,0.015,twinlite,clips/0601/1495058623602404204/20.jpg,0.10358748127184951,0.18772862691858055,8.965083048678935
fog,0.015,twinlite,clips/0601/1495058629599018470/20.jpg,0.22439715130565158,0.36654307969658834,9.303417056798935
fog,0.015,twinlite,clips/0601/1495058635596342127/20.jpg,0.3516614959070011,0.5203395923785293,8.773792069405317
fog,0.015,twinlite,clips/0601/1495058641593823148/20.jpg,0.1525210564426998,0.26467378724248536,8.493417059071362
fog,0.015,twinlite,clips/0601/1495058647591446332/20.jpg,0.12159567891191879,0.21682622570351032,7.650959072634578
fog,0.015,twinlite,clips/0601/1495058653588446886/20.jpg,0.20046157583610008,0.33397416439003,8.838083012960851
fog,0.015,twinlite,clips/0601/1495058659585835658/20.jpg,0.007307149381383376,0.014508284560217626,9.049915941432118
fog,0.015,twinlite,clips/0601/1495058665583165347/20.jpg,0.10373527401391179,0.18797129430621834,7.976041990332305
fog,0.015,twinlite,clips/0601/1495058671580580478/20.jpg,0.1894109451195913,0.318495379409085,8.351083029992878
fog,0.015,twinlite,clips/0601/1495058677578062974/20.jpg,0.11105178857447945,0.19990389235944256,8.192667039111257
fog,0.015,twinlite,clips/0601/1495058683578929172/20.jpg,0.05795602415668479,0.10956225558218745,9.090750012546778
fog,0.015,twinlite,clips/0601/1495058689572753425/20.jpg,0.00024897298643097225,0.0004978220286247667,8.083291933871806
fog,0.015,twinlite,clips/0601/1495058695570408263/20.jpg,0.06778619128782587,0.1269658511055868,7.743290974758565
fog,0.015,twinlite,clips/0601/1495058701567358056/20.jpg,0.10167979206269155,0.18459046411719135,7.951540988869965
fog,0.015,twinlite,clips/0601/1495058707565707879/20.jpg,0.06769060248594727,0.12679816105590982,9.022916899994016
fog,0.015,twinlite,clips/0601/1495058715562283498/20.jpg,0.2002154509079717,0.33363251698935764,8.710582973435521
fog,0.015,twinlite,clips/0601/1495058721558633337/20.jpg,0.16489993402243236,0.2831143331822987,7.939583039842546
fog,0.015,twinlite,clips/0601/1495058727556647955/20.jpg,0.20867924528301887,0.3453012800499532,7.807041984051466
fog,0.015,twinlite,clips/0601/1495058733553446687/20.jpg,0.28748307986304644,0.4465815269488853,7.724583032540977
fog,0.015,twinlite,clips/0601/1495058739553286402/20.jpg,0.19614824405243567,0.3279664456771749,7.9595420975238085
fog,0.015,twinlite,clips/0601/1495058745548122682/20.jpg,0.17688535883616324,0.30059913229116453,9.32487496174872
fog,0.015,twinlite,clips/0601/1495058751545486604/20.jpg,0.1187164084729687,0.2122368235127879,8.371833013370633
fog,0.015,twinlite,clips/0601/1495058757543228003/20.jpg,0.12095241945264179,0.21580294998016517,7.943667005747557
fog,0.015,twinlite,clips/0601/1495058763540182973/20.jpg,0.1484587488667271,0.2585356226564042,7.790250005200505
fog,0.015,twinlite,clips/0601/1495058769540492239/20.jpg,0.055538809344385834,0.10523309773684587,7.85691593773663
fog,0.015,twinlite,clips/0601/1495058775535017414/20.jpg,0.1323811110185725,0.23381017173537308,7.993999985046685
fog,0.015,twinlite,clips/0601/1495058781534953658/20.jpg,0.08314005352363961,0.15351671882721132,8.527958067134023
fog,0.015,twinlite,clips/0601/1495058787529671793/20.jpg,0.24052162849872774,0.38777498589815906,8.261166978627443
fog,0.015,twinlite,clips/0601/1495058793526969174/20.jpg,0.2624398073836276,0.4157660521296885,8.200832991860807
fog,0.015,twinlite,clips/0601/1495058799525818237/20.jpg,0.16279749936021642,0.2800100609947809,7.913916953839362
fog,0.015,twinlite,clips/0601/1495058805523198969/20.jpg,0.2298821396192203,0.3738279176741169,8.269459009170532
fog,0.015,twinlite,clips/0601/1495058811520330339/20.jpg,0.10411951109099139,0.1886018860188602,8.046624949201941
fog,0.015,twinlite,clips/0601/1495058817516570927/20.jpg,0.04991198904752592,0.09507842479788384,7.776834070682526
fog,0.015,twinlite,clips/0601/1495058823515900521/20.jpg,0.15811522349052615,0.2730561178774102,9.092749911360443
fog,0.015,twinlite,clips/0601/1495058829511203058/20.jpg,0.21923874880306415,0.35963218691711113,8.010374964214861
fog,0.015,twinlite,clips/0601/1495058835510553015/20.jpg,0.4507489417127971,0.6214017170753605,7.926875026896596
fog,0.015,twinlite,clips/0601/1495058841505989452/20.jpg,0.23997393948168524,0.3870628758246249,8.059749961830676
fog,0.015,twinlite,clips/0601/1495058847507116852/20.jpg,0.3267791819088793,0.49259015571638937,7.824542000889778
fog,0.015,twinlite,clips/0601/1495058853500724642/20.jpg,0.4815307559868524,0.6500448998996354,8.927374961785972
fog,0.015,twinlite,clips/0601/1495058859498417310/20.jpg,0.4960719664590711,0.6631659139141317,8.302249945700169
fog,0.015,twinlite,clips/0601/1495058865495399571/20.jpg,0.44614344850891274,0.6170113330996613,8.45458300318569
fog,0.015,twinlite,clips/0601/1495058871492888869/20.jpg,0.3422657774886142,0.5099821260868247,8.366791997104883
fog,0.015,twinlite,clips/0601/1495058877492091924/20.jpg,0.3107623675615391,0.4741704144888781,9.311625035479665
fog,0.015,twinlite,clips/0601/1495058883487530264/20.jpg,0.3567065364497604,0.5258418484268422,9.018874960020185
fog,0.015,twinlite,clips/0601/1495058889484921618/20.jpg,0.36473744729781526,0.5345166544964332,8.28866707161069
fog,0.015,twinlite,clips/0601/1495058895482305544/20.jpg,0.37790697674418605,0.5485232067510549,8.479499956592917
fog,0.015,twinlite,clips/0601/1495058901481630657/20.jpg,0.3130999915045451,0.4768867466761556,9.059791918843985
fog,0.015,twinlite,clips/0601/1495058907477059235/20.jpg,0.28095883449093684,0.4386695761422998,8.887541014701128
fog,0.015,twinlite,clips/0601/1495058913475711516/20.jpg,0.1985722554505113,0.3313479926596053,8.893665974028409
fog,0.015,twinlite,clips/0601/1495058919475143504/20.jpg,0.20725927157824714,0.3433550297895788,9.992375038564205
fog,0.015,twinlite,clips/0601/1495058925469436408/20.jpg,0.24510605343544292,0.3937111264685556,8.726208005100489
fog,0.015,twinlite,clips/0601/1495058931466470327/20.jpg,0.42945447775088436,0.6008648536000835,8.507707971148193
fog,0.015,twinlite,clips/0601/1495058937463794073/20.jpg,0.3959431892536854,0.5672769383478548,7.728999946266413
fog,0.015,twinlite,clips/0601/1495058943463632446/20.jpg,0.446862516644474,0.6176986569267493,9.211541968397796
fog,0.015,twinlite,clips/0601/1495058949458758174/20.jpg,0.33763292256900457,0.5048214900700264,7.6832500053569674
fog,0.015,twinlite,clips/0601/1495485009641442407/20.jpg,0.06672179440797973,0.1250968992248062,8.39191593695432
fog,0.015,twinlite,clips/0601/1495485015638767825/20.jpg,0.028258453722813145,0.054963717770572795,9.214250021614134
fog,0.015,twinlite,clips/0601/1495485021636199888/20.jpg,0.0,nan,8.260166039690375
fog,0.015,twinlite,clips/0601/1495485027633718711/20.jpg,0.08655979656453341,0.15932817841819058,7.942750002257526
fog,0.015,twinlite,clips/0601/1495485033630861236/20.jpg,0.013397725502414706,0.026441199077632593,7.824625005014241
fog,0.015,twinlite,clips/0601/1495485039628271607/20.jpg,0.0,nan,8.792540989816189
fog,0.015,twinlite,clips/0601/1495485045626852826/20.jpg,0.06444875053476609,0.12109319589578703,8.701917016878724
fog,0.015,twinlite,clips/0601/1495485051623004273/20.jpg,0.0052513317680325175,0.010447798678956224,9.93458298034966
fog,0.015,twinlite,clips/0601/1495485057620656604/20.jpg,0.0,nan,8.361165993846953
fog,0.015,twinlite,clips/0601/1495485063617750112/20.jpg,0.0,nan,7.974458974786103
fog,0.015,twinlite,clips/0601/1495485069617812641/20.jpg,0.0,nan,8.492875029332936
fog,0.015,twinlite,clips/0601/1495485075612519689/20.jpg,0.020307902480033627,0.03980740015964157,9.014875045977533
fog,0.015,twinlite,clips/0601/1495485081611855219/20.jpg,0.003610760064993681,0.007195538765965102,9.625750011764467
fog,0.015,twinlite,clips/0601/1495485087607351973/20.jpg,0.0,nan,8.580875000916421
fog,0.015,twinlite,clips/0601/1495485093604646206/20.jpg,0.0008496176720475786,0.001697792869269949,9.43291699513793
fog,0.015,twinlite,clips/0601/1495485099601922885/20.jpg,0.0,nan,17.93304202146828
fog,0.015,twinlite,clips/0601/1495485105599385453/20.jpg,0.028770684397340398,0.05593216220812985,8.357500075362623
fog,0.015,twinlite,clips/0601/1495485111599411627/20.jpg,0.004806954743032473,0.009567916942338033,8.877957938238978
fog,0.015,twinlite,clips/0601/1495485117594185994/20.jpg,0.02627360617141712,0.0512019524100061,8.786208112724125
fog,0.015,twinlite,clips/0601/1495485123591495860/20.jpg,0.00032860343539955193,0.0006569909813056202,9.146624943241477
fog,0.015,twinlite,clips/0601/1495485129589080069/20.jpg,0.0,nan,9.249250055290759
fog,0.015,twinlite,clips/0601/1495485135586245515/20.jpg,0.05480784396193681,0.10392005382909263,9.983708034269512
fog,0.015,twinlite,clips/0601/1495485141585513338/20.jpg,0.09563648722842427,0.17457703963538312,9.272957919165492
fog,0.015,twinlite,clips/0601/1495485147581014946/20.jpg,0.000640580793252549,0.0012803414243798346,9.080499992705882
fog,0.015,twinlite,clips/0601/1495485153579251831/20.jpg,0.0,nan,9.003166924230754
fog,0.015,twinlite,clips/0601/1495485159575742672/20.jpg,0.084296258589972,0.155485657950331,7.635375019162893
fog,0.015,twinlite,clips/0601/1495485165575366989/20.jpg,0.0,nan,8.31283291336149
fog,0.015,twinlite,clips/0601/1495485171570457961/20.jpg,0.0,nan,8.464333019219339
fog,0.015,twinlite,clips/0601/1495485177570314287/20.jpg,0.045401333536926755,0.08685914601489848,9.319958044216037
fog,0.015,twinlite,clips/0601/1495485183565129358/20.jpg,0.015753899925470948,0.03101912761866208,7.835541036911309
fog,0.015,twinlite,clips/0601/1495485189564879401/20.jpg,0.0343048814575763,0.06633417684200182,7.677540997974575
fog,0.015,twinlite,clips/0601/1495485195559966192/20.jpg,0.0,nan,9.554542019031942
fog,0.015,twinlite,clips/0601/1495485201558641598/20.jpg,0.0758266818700114,0.14096449390567037,8.671666961163282
fog,0.015,twinlite,clips/0601/1495485207554693841/20.jpg,5.133865544061401e-05,0.00010267203983675145,8.169041015207767
fog,0.015,twinlite,clips/0601/1495485213552150385/20.jpg,0.0,nan,8.008250035345554
fog,0.015,twinlite,clips/0601/1495485219551850010/20.jpg,0.03408028631713896,0.06591419789756436,7.533499971032143
fog,0.015,twinlite,clips/0601/1495485225546895923/20.jpg,0.08796208530805687,0.1617006447116222,9.234500001184642
fog,0.015,twinlite,clips/0601/1495485231544226883/20.jpg,0.06108436371594266,0.11513573435767874,7.866458036005497
fog,0.015,twinlite,clips/0601/1495485237541517645/20.jpg,0.01357399446440139,0.02678441739534614,7.7618330251425505
fog,0.015,twinlite,clips/0601/1495485243539258908/20.jpg,0.04569362261669954,0.08739390128890286,8.440500008873641
fog,0.015,twinlite,clips/0601/1495485249536332511/20.jpg,0.023055088918496204,0.045071060528848884,7.8006250550970435
fog,0.015,twinlite,clips/0601/1495485255533685610/20.jpg,0.008177506405713351,0.01622235440436922,8.723667007870972
fog,0.015,twinlite,clips/0601/1495485261533592244/20.jpg,0.001329855250370825,0.002656178168258671,8.474708069115877
fog,0.015,twinlite,clips/0601/1495485267528430709/20.jpg,0.0,nan,9.007625048980117
fog,0.015,twinlite,clips/0601/1495485273526142378/20.jpg,0.008685074808417468,0.017220587525927356,7.834000047296286
fog,0.015,twinlite,clips/0601/1495485279523114914/20.jpg,0.015249314184282717,0.030040530874990066,8.040167042054236
fog,0.015,twinlite,clips/0601/1495485285520576618/20.jpg,0.11618743343982961,0.2081862417708234,8.127167006023228
fog,0.015,twinlite,clips/0601/1495492512658106755/20.jpg,0.014322916666666666,0.028241335044929393,8.61775001976639
fog,0.015,twinlite,clips/0601/1495492518657921956/20.jpg,0.02376276512175962,0.046422405524649914,9.189541917294264
fog,0.015,twinlite,clips/0601/1495492524654518667/20.jpg,0.03471129403219949,0.06709367962329267,8.22075002361089
fog,0.015,twinlite,clips/0601/1495492530652417826/20.jpg,0.06035628101190315,0.1138415117498146,8.104042033664882
fog,0.015,twinlite,clips/0601/1495492536647945627/20.jpg,0.036087474708279055,0.06966105775661434,8.879165980033576
fog,0.015,twinlite,clips/0601/1495492542645333836/20.jpg,0.03311344275919385,0.06410417557002437,9.582166909240186
fog,0.015,twinlite,clips/0601/1495492548642776463/20.jpg,0.0,nan,10.018917033448815
fog,0.015,twinlite,clips/0601/1495492554641955081/20.jpg,0.04310741653353551,0.08265192222827922,9.991665952838957
fog,0.03,classical,clips/0601/1494453497604532231/20.jpg,0.1405349956600647,0.24643697246436974,1.4885410200804472
fog,0.03,classical,clips/0601/1494453503601902751/20.jpg,2.28070975687634e-05,4.5613154833854077e-05,1.2267499696463346
fog,0.03,classical,clips/0601/1494453509599288720/20.jpg,0.010274796143672256,0.020340596801765736,1.3573330361396074
fog,0.03,classical,clips/0601/1494453515596795530/20.jpg,0.1662941554271034,0.28516674743380765,1.4475410571321845
fog,0.03,classical,clips/0601/1494453521596643824/20.jpg,0.000584808475224364,0.0011689333483196583,1.4742499915882945
fog,0.03,classical,clips/0601/1494453527591367337/20.jpg,0.0,nan,1.279541989788413
fog,0.03,classical,clips/0601/1494453533590270210/20.jpg,0.16956910024559052,0.2899685024339028,1.3821249594911933
fog,0.03,classical,clips/0601/1494453539586188022/20.jpg,0.0,nan,1.2905839830636978
fog,0.03,classical,clips/0601/1494453545585907063/20.jpg,0.009139703821862,0.018113852397735768,1.4000419760122895
fog,0.03,classical,clips/0601/1494453551580996478/20.jpg,0.09056277056277057,0.16608447126071768,1.3694579247385263
fog,0.03,classical,clips/0601/1494453557578299956/20.jpg,0.09964625460108036,0.18123329058621512,1.3935420429334044
fog,0.03,classical,clips/0601/1494453563575744757/20.jpg,0.11515340776016864,0.20652478297395688,1.4943750575184822
fog,0.03,classical,clips/0601/1494453569573067938/20.jpg,0.06321376107662417,0.11891072781566163,1.2633330188691616
fog,0.03,classical,clips/0601/1494453575572346547/20.jpg,0.04617600542250339,0.0882757875981967,0.9012080263346434
fog,0.03,classical,clips/0601/1494453581567767982/20.jpg,0.0,nan,1.3056669849902391
fog,0.03,classical,clips/0601/1494453587565069969/20.jpg,0.0,nan,1.2963330373167992
fog,0.03,classical,clips/0601/1494453593562528307/20.jpg,0.02608454352048839,0.05084287388443162,1.4142500003799796
fog,0.03,classical,clips/0601/1494453599561987554/20.jpg,0.05559268630352795,0.10532980575718519,1.1833339231088758
fog,0.03,classical,clips/0601/1494453605557268031/20.jpg,0.005866447781372217,0.011664466578663144,1.207584049552679
fog,0.03,classical,clips/0601/1494453611554664747/20.jpg,0.0009081709437193492,0.0018146938352257996,1.0881249327212572
fog,0.03,classical,clips/0601/1494453617553424930/20.jpg,0.08639744702818124,0.1590531112983002,1.3447499368339777
fog,0.03,classical,clips/0601/1494453623549421445/20.jpg,0.059231419712487084,0.11183848705803041,1.636040979065001
fog,0.03,classical,clips/0601/1494453629547675743/20.jpg,0.07405907628624778,0.1379050331985841,1.4572080690413713
fog,0.03,classical,clips/0601/1494453635544157546/20.jpg,0.038472378804960544,0.07409417831456101,1.4458750374615192
fog,0.03,classical,clips/0601/1494453641541664519/20.jpg,0.04089486172312723,0.07857635430235231,1.6476670280098915
fog,0.03,classical,clips/0601/1494453647538775071/20.jpg,0.20385920035589167,0.3386761513233867,1.3971669832244515
fog,0.03,classical,clips/0601/1494453653536229036/20.jpg,0.09487921597845086,0.17331448911222785,1.230000052601099
fog,0.03,classical,clips/0601/1494453661532670510/20.jpg,0.03302993337712302,0.06394767917158688,1.2637079926207662
fog,0.03,classical,clips/0601/1494453667532618102/20.jpg,0.23414811629676183,0.37944897084048024,1.175665995106101
fog,0.03,classical,clips/0601/1494453673527450206/20.jpg,0.009702771758465668,0.019219065312790287,1.1749169789254665
fog,0.03,classical,clips/0601/1494453679527133712/20.jpg,0.11741879522472551,0.21016076644945153,1.220459002070129
fog,0.03,classical,clips/0601/1494453685522315222/20.jpg,0.23895238391828347,0.38573295797305446,1.3370830565690994
fog,0.03,classical,clips/0601/1494453691519533853/20.jpg,0.09022775423728814,0.16552092695605705,1.201750012114644
fog,0.03,classical,clips/0601/1494453697518974585/20.jpg,0.14949230923896653,0.26010145181039,1.2365829898044467
fog,0.03,classical,clips/0601/1494453703514316264/20.jpg,0.3077155013568294,0.47061536096736173,1.3448330573737621
fog,0.03,classical,clips/0601/1494453709513778562/20.jpg,0.2599090806627343,0.4125838676010139,1.2476249830797315
fog,0.03,classical,clips/0601/1494453715509045873/20.jpg,0.12329410383588178,0.21952239117939068,1.151790958829224
fog,0.03,classical,clips/0601/1494453721506443914/20.jpg,0.12386193096548274,0.22042197097836733,1.1628339998424053
fog,0.03,classical,clips/0601/1494453727503739315/20.jpg,0.15047076399263454,0.2615812043244549,0.996457994915545
fog,0.03,classical,clips/0601/1494453733501172122/20.jpg,0.05036229284740656,0.09589508913325592,0.8605419425293803
fog,0.03,classical,clips/0601/1494453739498514009/20.jpg,0.19167371805720088,0.32168825266984774,1.2070409720763564
fog,0.03,classical,clips/0601/1494453745495966700/20.jpg,0.11846011427841797,0.21182715908442262,1.0477500036358833
fog,0.03,classical,clips/0601/1494453751493293308/20.jpg,0.04458860480817213,0.08537065137975608,1.0674590012058616
fog,0.03,classical,clips/0601/1494453757490822445/20.jpg,0.13686845538201178,0.24078151651418822,0.8678339654579759
fog,0.03,classical,clips/0601/1494453763488013443/20.jpg,0.007610763794509377,0.015106555165902348,1.1084999423474073
fog,0.03,classical,clips/0601/1494453769487225684/20.jpg,0.04316647427152202,0.08276047080916132,0.9800420375540853
fog,0.03,classical,clips/0601/1494453775482792464/20.jpg,0.023711370347630326,0.04632432741189239,1.136958017013967
fog,0.03,classical,clips/0601/1494453781480173619/20.jpg,0.05805505782700766,0.10973920004926563,0.9335000067949295
fog,0.03,classical,clips/0601/1494453787480034236/20.jpg,0.15432151993331608,0.2673804780876494,1.061666989699006
fog,0.03,classical,clips/0601/1494453793475579483/20.jpg,7.008445176437607e-05,0.00014015908055643156,1.084167044609785
fog,0.03,classical,clips/0601/1494453799472239703/20.jpg,0.08623956779421844,0.15878553930665876,1.0944580426439643
fog,0.03,classical,clips/0601/1494453805469700214/20.jpg,0.09845242015146526,0.17925659472422062,1.2701250379905105
fog,0.03,classical,clips/0601/1494453811467016035/20.jpg,0.13963570127504554,0.24505322379567177,1.1763329384848475
fog,0.03,classical,clips/0601/1494453817464323387/20.jpg,0.08495270851246775,0.15660168013948328,1.0560420341789722
fog,0.03,classical,clips/0601/1494453823461695785/20.jpg,0.1399007535379526,0.24546128793008934,0.942666083574295
fog,0.03,classical,clips/0601/1494453829459036893/20.jpg,0.16091879229567935,0.2772266128580237,1.1080829426646233
fog,0.03,classical,clips/0601/1494453835456441057/20.jpg,0.13337651821862348,0.2353613579858829,1.0715830139815807
fog,0.03,classical,clips/0601/1494453841456411836/20.jpg,0.0,nan,1.0436669690534472
fog,0.03,classical,clips/0601/1494453847451852161/20.jpg,0.06813627254509018,0.1275797373358349,1.142290886491537
fog,0.03,classical,clips/0601/1494453853451104735/20.jpg,0.03235648903711062,0.06268472059935391,1.1968750040978193
fog,0.03,classical,clips/0601/1494453859446867209/20.jpg,0.18720799097792815,0.31537522051838784,1.2000839924439788
fog,0.03,classical,clips/0601/1494453865443302705/20.jpg,0.12459948734380007,0.22158908793048182,1.1381249641999602
fog,0.03,classical,clips/0601/1494453871443269121/20.jpg,0.19556041894638113,0.32714435146443516,1.1620420264080167
fog,0.03,classical,clips/0601/1494453877438073356/20.jpg,0.09514133313980913,0.17375169808820118,1.1237500002607703
fog,0.03,classical,clips/0601/1494453883436198482/20.jpg,0.14717861520819328,0.256592327048361,1.1515000369399786
fog,0.03,classical,clips/0601/1494453889432873365/20.jpg,0.09984608835183548,0.1815637467992616,1.2203749502077699
fog,0.03,classical,clips/0601/1494453895431227611/20.jpg,0.22996035166350628,0.37393132445690264,1.1101249838247895
fog,0.03,classical,clips/0601/1494453901427565927/20.jpg,0.07548974753566527,0.14038208678165365,1.1701249750331044
fog,0.03,classical,clips/0601/1494453907426815473/20.jpg,0.1699205217036886,0.29048216276477146,1.207415945827961
fog,0.03,classical,clips/0601/1494453913422263611/20.jpg,0.27793644481399804,0.4349769441851254,1.2889590580016375
fog,0.03,classical,clips/0601/1494453919420314205/20.jpg,0.282772189255228,0.44087670690678804,1.248875050805509
fog,0.03,classical,clips/0601/1495058507652622962/20.jpg,0.20611906178561362,0.34178891341035966,1.2054590042680502
fog,0.03,classical,clips/0601/1495058515650447849/20.jpg,0.1426188752871574,0.2496350767027459,1.5847920440137386
fog,0.03,classical,clips/0601/1495058521646381547/20.jpg,0.11701032535795614,0.20950625558534405,1.4540000120177865
fog,0.03,classical,clips/0601/1495058527645454477/20.jpg,0.05917615355001925,0.11173996573030792,1.4323749346658587
fog,0.03,classical,clips/0601/1495058533641199011/20.jpg,0.12485753776764713,0.221997068207295,1.7418330535292625
fog,0.03,classical,clips/0601/1495058539638866627/20.jpg,0.1324539290681502,0.2339237397094663,1.4797080075368285
fog,0.03,classical,clips/0601/1495058545635832279/20.jpg,0.01758056548397408,0.03455365811868182,1.0663749417290092
fog,0.03,classical,clips/0601/1495058551633359536/20.jpg,0.1595710282388446,0.27522424129757866,1.3039580080658197
fog,0.03,classical,clips/0601/1495058557632067443/20.jpg,0.0,nan,1.1352079454809427
fog,0.03,classical,clips/0601/1495058563627986766/20.jpg,0.050363925374383,0.09589804858622063,1.805707928724587
fog,0.03,classical,clips/0601/1495058569626907953/20.jpg,0.1214343292508516,0.2165696663343149,1.541959005407989
fog,0.03,classical,clips/0601/1495058575622734256/20.jpg,0.17231711899187838,0.29397697295431574,1.1044590501114726
fog,0.03,classical,clips/0601/1495058581620129503/20.jpg,0.0,nan,1.4372500590980053
fog,0.03,classical,clips/0601/1495058587617442669/20.jpg,0.19207210638230346,0.32224914139666144,1.5803329879418015
fog,0.03,classical,clips/0601/1495058593615616960/20.jpg,0.0016022123699574206,0.003199298783828202,1.673749997280538
fog,0.03,classical,clips/0601/1495058599612448574/20.jpg,0.008993139254589283,0.017825967104658644,1.412958954460919
fog,0.03,classical,clips/0601/1495058605609578659/20.jpg,0.03821078863241624,0.07360892229361135,1.7639589495956898
fog,0.03,classical,clips/0601/1495058611609939176/20.jpg,0.07873125894673397,0.14597010755692133,1.3678340474143624
fog,0.03,classical,clips/0601/1495058617604256196/20.jpg,0.07457296674568535,0.1387955384203039,1.5707919374108315
fog,0.03,classical,clips/0601/1495058623602404204/20.jpg,0.14584221748400852,0.2545589877186453,1.5017089899629354
fog,0.03,classical,clips/0601/1495058629599018470/20.jpg,0.12920259340953144,0.22883864093761097,0.9207091061398387
fog,0.03,classical,clips/0601/1495058635596342127/20.jpg,0.14287711840706974,0.25003058702620695,1.7768749967217445
fog,0.03,classical,clips/0601/1495058641593823148/20.jpg,0.16492931600742539,0.2831576366756558,1.6975420294329524
fog,0.03,classical,clips/0601/1495058647591446332/20.jpg,0.18490413022070323,0.3120997311170863,1.5177499735727906
fog,0.03,classical,clips/0601/1495058653588446886/20.jpg,0.1859426662576269,0.3135778339848241,1.439209096133709
fog,0.03,classical,clips/0601/1495058659585835658/20.jpg,0.005230010952902519,0.01040560050121217,1.7709160456433892
fog,0.03,classical,clips/0601/1495058665583165347/20.jpg,0.0849548201119796,0.1566052678639859,1.562124933116138
fog,0.03,classical,clips/0601/1495058671580580478/20.jpg,0.09241968179863629,0.16920178817443135,1.253542024642229
fog,0.03,classical,clips/0601/1495058677578062974/20.jpg,0.1371764783657819,0.24125802982298059,1.3194999191910028
fog,0.03,classical,clips/0601/1495058683578929172/20.jpg,0.22863691931540342,0.37217979652247457,1.4618340646848083
fog,0.03,classical,clips/0601/1495058689572753425/20.jpg,0.08692600761981151,0.15994834424868556,1.433041994459927
fog,0.03,classical,clips/0601/1495058695570408263/20.jpg,0.0794396100747697,0.1471867612293144,1.6365000046789646
fog,0.03,classical,clips/0601/1495058701567358056/20.jpg,0.16305465474966385,0.2803903566935292,1.1568749323487282
fog,0.03,classical,clips/0601/1495058707565707879/20.jpg,0.1068330974134603,0.19304283123285124,1.4086250448599458
fog,0.03,classical,clips/0601/1495058715562283498/20.jpg,0.049407517395988004,0.09416269004549994,1.5197910834103823
fog,0.03,classical,clips/0601/1495058721558633337/20.jpg,0.16504059250818973,0.28332161740884504,1.6704999143257737
fog,0.03,classical,clips/0601/1495058727556647955/20.jpg,0.15965734326041336,0.27535261892367563,1.7387080006301403
fog,0.03,classical,clips/0601/1495058733553446687/20.jpg,0.14304975057300795,0.2502948808681293,1.6209579771384597
fog,0.03,classical,clips/0601/1495058739553286402/20.jpg,0.057084035186224964,0.1080028328611898,1.291082939133048
fog,0.03,classical,clips/0601/1495058745548122682/20.jpg,0.193887588616397,0.3248004091257778,1.1434999760240316
fog,0.03,classical,clips/0601/1495058751545486604/20.jpg,0.18009047115497592,0.30521468574984445,0.9630409767851233
fog,0.03,classical,clips/0601/1495058757543228003/20.jpg,0.07082766299641223,0.1322858298191901,1.3304160675033927
fog,0.03,classical,clips/0601/1495058763540182973/20.jpg,0.09159047854377729,0.1678110616464197,1.2462090235203505
fog,0.03,classical,clips/0601/1495058769540492239/20.jpg,0.1037135622930598,0.18793564895150142,1.3258339604362845
fog,0.03,classical,clips/0601/1495058775535017414/20.jpg,0.023741211337768388,0.04638127502309824,1.1887080036103725
fog,0.03,classical,clips/0601/1495058781534953658/20.jpg,0.2648909272652437,0.4188359985124582,1.1492499615997076
fog,0.03,classical,clips/0601/1495058787529671793/20.jpg,0.17657627839901652,0.3001527085677544,1.3972920132800937
fog,0.03,classical,clips/0601/1495058793526969174/20.jpg,0.12020868824531517,0.21461838228305294,1.1570419883355498
fog,0.03,classical,clips/0601/1495058799525818237/20.jpg,0.10427126264518546,0.18885081260814982,1.1541250860318542
fog,0.03,classical,clips/0601/1495058805523198969/20.jpg,0.270283056059292,0.42554776239836134,1.2137090088799596
fog,0.03,classical,clips/0601/1495058811520330339/20.jpg,0.1720069102643502,0.29352541995772613,0.8348749252036214
fog,0.03,classical,clips/0601/1495058817516570927/20.jpg,0.019140143551076634,0.03756135733086718,1.0590830352157354
fog,0.03,classical,clips/0601/1495058823515900521/20.jpg,0.043788899937391816,0.08390374708912568,1.0814170818775892
fog,0.03,classical,clips/0601/1495058829511203058/20.jpg,0.2535326491149784,0.40450904776030855,1.2274159817025065
fog,0.03,classical,clips/0601/1495058835510553015/20.jpg,0.1804813967285363,0.3057759270560362,1.1175000108778477
fog,0.03,classical,clips/0601/1495058841505989452/20.jpg,0.15725988700564972,0.27177972514462867,1.3165839482098818
fog,0.03,classical,clips/0601/1495058847507116852/20.jpg,0.0,nan,0.9686249541118741
fog,0.03,classical,clips/0601/1495058853500724642/20.jpg,0.31418869577917335,0.4781485288806157,1.3517079642042518
fog,0.03,classical,clips/0601/1495058859498417310/20.jpg,0.18655907503312055,0.3144539179861957,1.1780409840866923
fog,0.03,classical,clips/0601/1495058865495399571/20.jpg,0.17887016358317195,0.3034603285564488,1.1237500002607703
fog,0.03,classical,clips/0601/1495058871492888869/20.jpg,0.28386850152905196,0.4422080628833443,1.2845000019297004
fog,0.03,classical,clips/0601/1495058877492091924/20.jpg,0.1521057861346786,0.26404829828169574,1.1518329847604036
fog,0.03,classical,clips/0601/1495058883487530264/20.jpg,0.12715478622370355,0.2256208069695717,0.9137499146163464
fog,0.03,classical,clips/0601/1495058889484921618/20.jpg,0.2721453349068412,0.42785258482557,1.3087500119581819
fog,0.03,classical,clips/0601/1495058895482305544/20.jpg,0.30818733028307854,0.4711669699727024,1.2592499842867255
fog,0.03,classical,clips/0601/1495058901481630657/20.jpg,0.11234177215189874,0.20199146514935987,1.292416942305863
fog,0.03,classical,clips/0601/1495058907477059235/20.jpg,0.13082304526748972,0.2313766876523891,1.0933330049738288
fog,0.03,classical,clips/0601/1495058913475711516/20.jpg,0.1491112828438949,0.25952453007834825,0.8802079828456044
fog,0.03,classical,clips/0601/1495058919475143504/20.jpg,0.2122548662243931,0.35018191658898884,1.190874958410859
fog,0.03,classical,clips/0601/1495058925469436408/20.jpg,0.07768177693612656,0.1441645921804071,1.202541054226458
fog,0.03,classical,clips/0601/1495058931466470327/20.jpg,0.13618260933697177,0.23971958066924148,1.1786669492721558
fog,0.03,classical,clips/0601/1495058937463794073/20.jpg,0.20447104383031156,0.33952006547218894,0.9719589725136757
fog,0.03,classical,clips/0601/1495058943463632446/20.jpg,0.12852162064681602,0.22776988636363632,1.1978748952969909
fog,0.03,classical,clips/0601/1495058949458758174/20.jpg,0.0,nan,1.0633340571075678
fog,0.03,classical,clips/0601/1495485009641442407/20.jpg,0.0,nan,1.6123340465128422
fog,0.03,classical,clips/0601/1495485015638767825/20.jpg,0.0,nan,1.4224160695448518
fog,0.03,classical,clips/0601/1495485021636199888/20.jpg,0.03953031540380074,0.07605418489107818,1.5885420143604279
fog,0.03,classical,clips/0601/1495485027633718711/20.jpg,0.04654700885660985,0.08895349843379541,1.6001249896362424
fog,0.03,classical,clips/0601/1495485033630861236/20.jpg,0.0918897416697866,0.1683132246105051,1.5524160116910934
fog,0.03,classical,clips/0601/1495485039628271607/20.jpg,0.051041293017956235,0.09712519071709629,1.313874963670969
fog,0.03,classical,clips/0601/1495485045626852826/20.jpg,0.10686462454623323,0.1930942992961639,1.6978330677375197
fog,0.03,classical,clips/0601/1495485051623004273/20.jpg,0.027034656475288805,0.05264604520371271,1.781207975000143
fog,0.03,classical,clips/0601/1495485057620656604/20.jpg,0.06361323155216285,0.11961722488038279,1.5107500366866589
fog,0.03,classical,clips/0601/1495485063617750112/20.jpg,0.16657918595218782,0.2855857329842932,1.5549580566585064
fog,0.03,classical,clips/0601/1495485069617812641/20.jpg,0.09123614587057562,0.1672161359680557,1.384083996526897
fog,0.03,classical,clips/0601/1495485075612519689/20.jpg,0.08428306978611415,0.15546322198453183,1.6522499499842525
fog,0.03,classical,clips/0601/1495485081611855219/20.jpg,0.0,nan,1.4559580013155937
fog,0.03,classical,clips/0601/1495485087607351973/20.jpg,0.05153978248425873,0.09802726124635283,1.3452499406412244
fog,0.03,classical,clips/0601/1495485093604646206/20.jpg,0.08465084120765154,0.15608864713256698,1.626207958906889
fog,0.03,classical,clips/0601/1495485099601922885/20.jpg,0.0,nan,1.087792101316154
fog,0.03,classical,clips/0601/1495485105599385453/20.jpg,0.2193208920360945,0.35974269524712144,1.5809170436114073
fog,0.03,classical,clips/0601/1495485111599411627/20.jpg,0.004996776273372018,0.009943865276663993,1.5795000363141298
fog,0.03,classical,clips/0601/1495485117594185994/20.jpg,0.0814591511418595,0.15064674621477991,1.5280420193448663
fog,0.03,classical,clips/0601/1495485123591495860/20.jpg,0.11374648030237691,0.20425919599134493,1.626207958906889
fog,0.03,classical,clips/0601/1495485129589080069/20.jpg,0.0,nan,1.426542061381042
fog,0.03,classical,clips/0601/1495485135586245515/20.jpg,0.010922992900054615,0.021609940572663428,1.3567919377237558
fog,0.03,classical,clips/0601/1495485141585513338/20.jpg,0.05552571371729832,0.10520958986731001,1.4160838909447193
fog,0.03,classical,clips/0601/1495485147581014946/20.jpg,0.13356600481064002,0.23565633451216975,1.717416918836534
fog,0.03,classical,clips/0601/1495485153579251831/20.jpg,0.02381314668289714,0.04651854053652374,1.5675830654799938
fog,0.03,classical,clips/0601/1495485159575742672/20.jpg,0.0764773591899643,0.14208818891929606,1.3504589442163706
fog,0.03,classical,clips/0601/1495485165575366989/20.jpg,0.10142998965000105,0.18417873238086105,1.4982919674366713
fog,0.03,classical,clips/0601/1495485171570457961/20.jpg,0.08056673002961849,0.14911939779491482,1.794292009435594
fog,0.03,classical,clips/0601/1495485177570314287/20.jpg,0.020958714844390325,0.04105692921693656,1.8713329918682575
fog,0.03,classical,clips/0601/1495485183565129358/20.jpg,0.14567969945735357,0.25431139179013845,1.4932920457795262
fog,0.03,classical,clips/0601/1495485189564879401/20.jpg,0.06794901868793495,0.127251427734661,1.7840840155258775
fog,0.03,classical,clips/0601/1495485195559966192/20.jpg,0.03083821569830157,0.059831339639288425,1.685291063040495
fog,0.03,classical,clips/0601/1495485201558641598/20.jpg,0.12835010060362173,0.22750049037964298,1.5167921083047986
fog,0.03,classical,clips/0601/1495485207554693841/20.jpg,0.04229082356929466,0.08114975707925924,1.6795829869806767
fog,0.03,classical,clips/0601/1495485213552150385/20.jpg,0.01529320329932058,0.030125688322591798,1.7339159967377782
fog,0.03,classical,clips/0601/1495485219551850010/20.jpg,0.044237004156058926,0.08472598458012084,1.4534579822793603
fog,0.03,classical,clips/0601/1495485225546895923/20.jpg,0.09158968924926862,0.16780973684765862,1.7198330024257302
fog,0.03,classical,clips/0601/1495485231544226883/20.jpg,0.0979704554420725,0.1784573618652188,2.113749971613288
fog,0.03,classical,clips/0601/1495485237541517645/20.jpg,0.13959384734262187,0.24498876975886763,1.340624992735684
fog,0.03,classical,clips/0601/1495485243539258908/20.jpg,0.08019362243624932,0.14848008869999077,1.7705410718917847
fog,0.03,classical,clips/0601/1495485249536332511/20.jpg,0.06255216439963006,0.11773947010869568,2.175500034354627
fog,0.03,classical,clips/0601/1495485255533685610/20.jpg,0.09824727033905262,0.17891648446113884,2.125666942447424
fog,0.03,classical,clips/0601/1495485261533592244/20.jpg,0.1019354269194271,0.18501161579748454,5.690000019967556
fog,0.03,classical,clips/0601/1495485267528430709/20.jpg,0.0,nan,2.125666942447424
fog,0.03,classical,clips/0601/1495485273526142378/20.jpg,0.09230118631618776,0.16900317874317383,1.8195000011473894
fog,0.03,classical,clips/0601/1495485279523114914/20.jpg,0.09102144508273637,0.1668554646528215,2.359707956202328
fog,0.03,classical,clips/0601/1495485285520576618/20.jpg,0.10591981624556275,0.1915506254425301,1.5955420676618814
fog,0.03,classical,clips/0601/1495492512658106755/20.jpg,0.0,nan,1.2424590531736612
fog,0.03,classical,clips/0601/1495492518657921956/20.jpg,0.20266666666666666,0.33702882483370283,1.7760839546099305
fog,0.03,classical,clips/0601/1495492524654518667/20.jpg,0.08371965505209113,0.15450426623122743,1.4907090226188302
fog,0.03,classical,clips/0601/1495492530652417826/20.jpg,0.13199848567702857,0.23321318419976964,1.6140419756993651
fog,0.03,classical,clips/0601/1495492536647945627/20.jpg,0.03599377501111605,0.06948646966673105,1.3376249698922038
fog,0.03,classical,clips/0601/1495492542645333836/20.jpg,0.022416378209281232,0.043849802657783245,1.6922500217333436
fog,0.03,classical,clips/0601/1495492548642776463/20.jpg,0.05864967405202591,0.11080091080091078,1.7427090788260102
fog,0.03,classical,clips/0601/1495492554641955081/20.jpg,0.05653364241322116,0.10701721202950631,1.4845419209450483
fog,0.03,twinlite,clips/0601/1494453497604532231/20.jpg,0.03401695062335484,0.06579573111030296,39.22570904251188
fog,0.03,twinlite,clips/0601/1494453503601902751/20.jpg,0.0,nan,9.023332968354225
fog,0.03,twinlite,clips/0601/1494453509599288720/20.jpg,0.0,nan,8.344334084540606
fog,0.03,twinlite,clips/0601/1494453515596795530/20.jpg,0.022345425379224945,0.04371404189721144,8.158167009241879
fog,0.03,twinlite,clips/0601/1494453521596643824/20.jpg,0.0,nan,8.01474996842444
fog,0.03,twinlite,clips/0601/1494453527591367337/20.jpg,0.0,nan,10.176458046771586
fog,0.03,twinlite,clips/0601/1494453533590270210/20.jpg,0.04801240663375111,0.09162564551686649,12.886125012300909
fog,0.03,twinlite,clips/0601/1494453539586188022/20.jpg,0.0,nan,10.061958921141922
fog,0.03,twinlite,clips/0601/1494453545585907063/20.jpg,0.0,nan,8.5732500301674
fog,0.03,twinlite,clips/0601/1494453551580996478/20.jpg,0.0,nan,8.082916960120201
fog,0.03,twinlite,clips/0601/1494453557578299956/20.jpg,0.052448709463931174,0.09966986322905202,7.889042026363313
fog,0.03,twinlite,clips/0601/1494453563575744757/20.jpg,0.06726715797773936,0.12605495723338353,7.694375002756715
fog,0.03,twinlite,clips/0601/1494453569573067938/20.jpg,0.009173288721594869,0.01817980880808974,8.082790998741984
fog,0.03,twinlite,clips/0601/1494453575572346547/20.jpg,0.0,nan,8.837042027153075
fog,0.03,twinlite,clips/0601/1494453581567767982/20.jpg,0.0,nan,8.115999982692301
fog,0.03,twinlite,clips/0601/1494453587565069969/20.jpg,0.0,nan,7.837624987587333
fog,0.03,twinlite,clips/0601/1494453593562528307/20.jpg,0.0,nan,7.838124991394579
fog,0.03,twinlite,clips/0601/1494453599561987554/20.jpg,0.0,nan,8.693499956279993
fog,0.03,twinlite,clips/0601/1494453605557268031/20.jpg,0.0,nan,9.992458042688668
fog,0.03,twinlite,clips/0601/1494453611554664747/20.jpg,0.0,nan,8.366665919311345
fog,0.03,twinlite,clips/0601/1494453617553424930/20.jpg,0.0,nan,8.224707911722362
fog,0.03,twinlite,clips/0601/1494453623549421445/20.jpg,0.060101507069242326,0.11338821172964657,7.764957961626351
fog,0.03,twinlite,clips/0601/1494453629547675743/20.jpg,0.06159925615992562,0.11604992336325816,7.666749996133149
fog,0.03,twinlite,clips/0601/1494453635544157546/20.jpg,0.040250834841571284,0.07738678690452852,8.40412499383092
fog,0.03,twinlite,clips/0601/1494453641541664519/20.jpg,0.03851754561288296,0.07417793907401297,7.689708028919995
fog,0.03,twinlite,clips/0601/1494453647538775071/20.jpg,0.1277963019096696,0.22663011342256625,8.223499986343086
fog,0.03,twinlite,clips/0601/1494453653536229036/20.jpg,0.05662851270420639,0.1071871751014522,7.692208047956228
fog,0.03,twinlite,clips/0601/1494453661532670510/20.jpg,0.0748663101604278,0.13930348258706465,8.335750084370375
fog,0.03,twinlite,clips/0601/1494453667532618102/20.jpg,0.05255998488569809,0.09987076392877657,8.741417084820569
fog,0.03,twinlite,clips/0601/1494453673527450206/20.jpg,0.05300656520441659,0.1006766091607921,8.218790986575186
fog,0.03,twinlite,clips/0601/1494453679527133712/20.jpg,0.05998359310910582,0.11317834256880167,8.220667019486427
fog,0.03,twinlite,clips/0601/1494453685522315222/20.jpg,0.07239468278882301,0.13501499765097033,8.974333060905337
fog,0.03,twinlite,clips/0601/1494453691519533853/20.jpg,0.029666891115776133,0.05762424988459763,8.555749896913767
fog,0.03,twinlite,clips/0601/1494453697518974585/20.jpg,0.07287052378859095,0.13584215834594046,8.386834058910608
fog,0.03,twinlite,clips/0601/1494453703514316264/20.jpg,0.021402452140245214,0.041907970938191,8.881499990820885
fog,0.03,twinlite,clips/0601/1494453709513778562/20.jpg,0.01860370445756157,0.036527855487171294,8.76883405726403
fog,0.03,twinlite,clips/0601/1494453715509045873/20.jpg,0.0827019184265678,0.15276950565812986,9.171875077299774
fog,0.03,twinlite,clips/0601/1494453721506443914/20.jpg,0.09190672153635117,0.16834170854271358,8.766625076532364
fog,0.03,twinlite,clips/0601/1494453727503739315/20.jpg,0.09452979309119972,0.1727313293578354,9.249457973055542
fog,0.03,twinlite,clips/0601/1494453733501172122/20.jpg,0.0405241935483871,0.07789188141832978,9.81033407151699
fog,0.03,twinlite,clips/0601/1494453739498514009/20.jpg,0.021280051981806367,0.04167329409893431,9.099707938730717
fog,0.03,twinlite,clips/0601/1494453745495966700/20.jpg,0.022706173603589664,0.04440410000378229,9.64874995406717
fog,0.03,twinlite,clips/0601/1494453751493293308/20.jpg,0.009670274822971581,0.019155312509654895,7.869207998737693
fog,0.03,twinlite,clips/0601/1494453757490822445/20.jpg,0.02967737365867479,0.05764402407566639,8.044541929848492
fog,0.03,twinlite,clips/0601/1494453763488013443/20.jpg,0.046233371891266625,0.08838061016480668,9.11137496586889
fog,0.03,twinlite,clips/0601/1494453769487225684/20.jpg,0.06204756980351603,0.11684518013631938,9.164290968328714
fog,0.03,twinlite,clips/0601/1494453775482792464/20.jpg,0.05917087473529891,0.11173055480795109,8.253540960140526
fog,0.03,twinlite,clips/0601/1494453781480173619/20.jpg,0.051525961157352355,0.09800226159065209,7.832000032067299
fog,0.03,twinlite,clips/0601/1494453787480034236/20.jpg,0.05882803523554194,0.11111914924401359,8.51283292286098
fog,0.03,twinlite,clips/0601/1494453793475579483/20.jpg,0.06359850062473969,0.11959118142303324,9.264208958484232
fog,0.03,twinlite,clips/0601/1494453799472239703/20.jpg,0.01543798785776236,0.030406559617355652,7.919042021967471
fog,0.03,twinlite,clips/0601/1494453805469700214/20.jpg,0.07331343752454253,0.1366114220905133,7.6095000840723515
fog,0.03,twinlite,clips/0601/1494453811467016035/20.jpg,0.041624143461145936,0.0799216180278536,7.711957907304168
fog,0.03,twinlite,clips/0601/1494453817464323387/20.jpg,0.05829481253210067,0.11016743508857073,9.304875042289495
fog,0.03,twinlite,clips/0601/1494453823461695785/20.jpg,0.09675019577133907,0.176430687944022,9.35491593554616
fog,0.03,twinlite,clips/0601/1494453829459036893/20.jpg,0.06596367896895138,0.12376346449769181,8.018792024813592
fog,0.03,twinlite,clips/0601/1494453835456441057/20.jpg,0.0725769256111221,0.13533187947292444,8.077874896116555
fog,0.03,twinlite,clips/0601/1494453841456411836/20.jpg,0.02087792094343743,0.04090189534933471,8.314542006701231
fog,0.03,twinlite,clips/0601/1494453847451852161/20.jpg,0.03147563967753242,0.061030311268179954,8.164625032804906
fog,0.03,twinlite,clips/0601/1494453853451104735/20.jpg,0.06447903089779959,0.12114664361855372,8.249540929682553
fog,0.03,twinlite,clips/0601/1494453859446867209/20.jpg,0.09871664290079446,0.1796944526846633,8.133625029586256
fog,0.03,twinlite,clips/0601/1494453865443302705/20.jpg,0.10508460201009287,0.19018381365363213,9.174624923616648
fog,0.03,twinlite,clips/0601/1494453871443269121/20.jpg,0.09907806272394219,0.18029304029304027,7.934416993521154
fog,0.03,twinlite,clips/0601/1494453877438073356/20.jpg,0.03078841731945906,0.05973760822715414,7.754083024337888
fog,0.03,twinlite,clips/0601/1494453883436198482/20.jpg,0.07353001350300749,0.13698734563195608,9.56395803950727
fog,0.03,twinlite,clips/0601/1494453889432873365/20.jpg,0.057575548502828755,0.10888214763349316,9.307999978773296
fog,0.03,twinlite,clips/0601/1494453895431227611/20.jpg,0.12021179239116224,0.2146233296376262,8.648709044791758
fog,0.03,twinlite,clips/0601/1494453901427565927/20.jpg,0.08804746591784048,0.1618448986388045,8.136334014125168
fog,0.03,twinlite,clips/0601/1494453907426815473/20.jpg,0.08978930307941653,0.16478286734086853,7.819208898581564
fog,0.03,twinlite,clips/0601/1494453913422263611/20.jpg,0.14348551494008796,0.25096166600344877,10.774124995805323
fog,0.03,twinlite,clips/0601/1494453919420314205/20.jpg,0.12224300522172862,0.21785478662453558,8.134249947033823
fog,0.03,twinlite,clips/0601/1495058507652622962/20.jpg,0.02391282068800601,0.04670870450071731,8.369000046513975
fog,0.03,twinlite,clips/0601/1495058515650447849/20.jpg,0.010145604278982893,0.02008740964868045,14.411875046789646
fog,0.03,twinlite,clips/0601/1495058521646381547/20.jpg,0.03997735350548863,0.076881200096782,8.140416000969708
fog,0.03,twinlite,clips/0601/1495058527645454477/20.jpg,0.0073196235622168,0.014532871972318338,8.102333988063037
fog,0.03,twinlite,clips/0601/1495058533641199011/20.jpg,0.033555921879802185,0.06493295847750866,7.937541930004954
fog,0.03,twinlite,clips/0601/1495058539638866627/20.jpg,0.014437101863427993,0.02846327650459227,8.143375045619905
fog,0.03,twinlite,clips/0601/1495058545635832279/20.jpg,0.0,nan,8.085708948783576
fog,0.03,twinlite,clips/0601/1495058551633359536/20.jpg,0.05708661417322835,0.10800744878957169,9.029875043779612
fog,0.03,twinlite,clips/0601/1495058557632067443/20.jpg,0.0,nan,7.866916945204139
fog,0.03,twinlite,clips/0601/1495058563627986766/20.jpg,0.022733974960456826,0.0444572596922593,7.634249981492758
fog,0.03,twinlite,clips/0601/1495058569626907953/20.jpg,0.0,nan,7.76499998755753
fog,0.03,twinlite,clips/0601/1495058575622734256/20.jpg,0.0,nan,7.771083037368953
fog,0.03,twinlite,clips/0601/1495058581620129503/20.jpg,0.06505327907048992,0.12215967097395211,8.712208014912903
fog,0.03,twinlite,clips/0601/1495058587617442669/20.jpg,0.0,nan,9.257958037778735
fog,0.03,twinlite,clips/0601/1495058593615616960/20.jpg,0.0,nan,9.134375024586916
fog,0.03,twinlite,clips/0601/1495058599612448574/20.jpg,0.0,nan,9.064374957233667
fog,0.03,twinlite,clips/0601/1495058605609578659/20.jpg,0.0,nan,7.9775420017540455
fog,0.03,twinlite,clips/0601/1495058611609939176/20.jpg,0.0007207466935745433,0.0014404551838380927,9.041624958626926
fog,0.03,twinlite,clips/0601/1495058617604256196/20.jpg,0.027646771832818346,0.05380598195917075,8.753000060096383
fog,0.03,twinlite,clips/0601/1495058623602404204/20.jpg,0.05110132158590308,0.0972338642078793,8.76658409833908
fog,0.03,twinlite,clips/0601/1495058629599018470/20.jpg,0.0684139444585127,0.12806636381591943,8.908709045499563
fog,0.03,twinlite,clips/0601/1495058635596342127/20.jpg,0.12213535678700084,0.21768382227382949,8.734082919545472
fog,0.03,twinlite,clips/0601/1495058641593823148/20.jpg,0.028468307717263473,0.055360593036552184,9.497082908637822
fog,0.03,twinlite,clips/0601/1495058647591446332/20.jpg,0.0,nan,8.984666084870696
fog,0.03,twinlite,clips/0601/1495058653588446886/20.jpg,0.03695669968077269,0.0712791569641236,10.35270793363452
fog,0.03,twinlite,clips/0601/1495058659585835658/20.jpg,0.0,nan,8.821291965432465
fog,0.03,twinlite,clips/0601/1495058665583165347/20.jpg,0.00872651356993737,0.01730204064737779,7.711332989856601
fog,0.03,twinlite,clips/0601/1495058671580580478/20.jpg,0.05592454313224602,0.1059252642548757,7.614125031977892
fog,0.03,twinlite,clips/0601/1495058677578062974/20.jpg,0.02684482966173107,0.05228604923798359,8.88691598083824
fog,0.03,twinlite,clips/0601/1495058683578929172/20.jpg,0.033439118089193254,0.06471424877165763,8.92025011125952
fog,0.03,twinlite,clips/0601/1495058689572753425/20.jpg,0.0,nan,8.703833096660674
fog,0.03,twinlite,clips/0601/1495058695570408263/20.jpg,0.0,nan,8.040959015488625
fog,0.03,twinlite,clips/0601/1495058701567358056/20.jpg,0.00020102118763317653,0.00040196157247367154,8.156290976330638
fog,0.03,twinlite,clips/0601/1495058707565707879/20.jpg,0.0,nan,8.084290893748403
fog,0.03,twinlite,clips/0601/1495058715562283498/20.jpg,0.0,nan,8.18304205313325
fog,0.03,twinlite,clips/0601/1495058721558633337/20.jpg,0.06312351019687472,0.11875103803354925,8.36712506134063
fog,0.03,twinlite,clips/0601/1495058727556647955/20.jpg,0.040821511751005714,0.07844094552260059,8.53550003375858
fog,0.03,twinlite,clips/0601/1495058733553446687/20.jpg,0.054073209372133745,0.10259858402879404,9.106416022405028
fog,0.03,twinlite,clips/0601/1495058739553286402/20.jpg,0.04105559867641652,0.07887301836446398,8.162000100128353
fog,0.03,twinlite,clips/0601/1495058745548122682/20.jpg,0.08329262335124572,0.15377677564825254,8.452957961708307
fog,0.03,twinlite,clips/0601/1495058751545486604/20.jpg,0.04790964929661185,0.09143851157162307,8.919166983105242
fog,0.03,twinlite,clips/0601/1495058757543228003/20.jpg,0.07211917506950496,0.1345357433138522,8.829875034280121
fog,0.03,twinlite,clips/0601/1495058763540182973/20.jpg,0.0762260370657074,0.14165432621112756,8.679957943968475
fog,0.03,twinlite,clips/0601/1495058769540492239/20.jpg,0.012657223346427013,0.024998040905885116,8.904958027414978
fog,0.03,twinlite,clips/0601/1495058775535017414/20.jpg,0.04690648715859881,0.08960969816111725,9.295707917772233
fog,0.03,twinlite,clips/0601/1495058781534953658/20.jpg,0.025278300056704568,0.0493101240030273,9.451708057895303
fog,0.03,twinlite,clips/0601/1495058787529671793/20.jpg,0.11530923694779116,0.2067753644062914,9.841582970693707
fog,0.03,twinlite,clips/0601/1495058793526969174/20.jpg,0.09220224056603774,0.16883730346177206,8.955040946602821
fog,0.03,twinlite,clips/0601/1495058799525818237/20.jpg,0.023009266530548137,0.044983495816381364,7.8345839865505695
fog,0.03,twinlite,clips/0601/1495058805523198969/20.jpg,0.10317852437417654,0.1870568037620363,7.714833016507328
fog,0.03,twinlite,clips/0601/1495058811520330339/20.jpg,0.074010265245325,0.13782040570798385,8.629041956737638
fog,0.03,twinlite,clips/0601/1495058817516570927/20.jpg,0.03148251860148812,0.061043242195074655,9.750917088240385
fog,0.03,twinlite,clips/0601/1495058823515900521/20.jpg,0.03977727928216632,0.07651115306083138,7.7991660218685865
fog,0.03,twinlite,clips/0601/1495058829511203058/20.jpg,0.13819075237634929,0.24282529459641178,7.582833990454674
fog,0.03,twinlite,clips/0601/1495058835510553015/20.jpg,0.12436611522154793,0.2212199630314233,8.091083029285073
fog,0.03,twinlite,clips/0601/1495058841505989452/20.jpg,0.10190796857463524,0.1849663882664494,9.101666044443846
fog,0.03,twinlite,clips/0601/1495058847507116852/20.jpg,0.10697495512436961,0.19327439095015636,8.562291972339153
fog,0.03,twinlite,clips/0601/1495058853500724642/20.jpg,0.1598053295037498,0.2755726766182844,8.460957906208932
fog,0.03,twinlite,clips/0601/1495058859498417310/20.jpg,0.11731434384537132,0.2099934445334693,7.482207962311804
fog,0.03,twinlite,clips/0601/1495058865495399571/20.jpg,0.1278201975756007,0.22666768665850673,7.962499978020787
fog,0.03,twinlite,clips/0601/1495058871492888869/20.jpg,0.174905886733132,0.29773599521143623,8.194874972105026
fog,0.03,twinlite,clips/0601/1495058877492091924/20.jpg,0.11945225577698985,0.21341197029270426,8.035458042286336
fog,0.03,twinlite,clips/0601/1495058883487530264/20.jpg,0.07991595692792557,0.14800403015668973,7.563292048871517
fog,0.03,twinlite,clips/0601/1495058889484921618/20.jpg,0.18033937975424225,0.305572080111045,8.926666108891368
fog,0.03,twinlite,clips/0601/1495058895482305544/20.jpg,0.16046345528132688,0.2765506394036792,15.92016697395593
fog,0.03,twinlite,clips/0601/1495058901481630657/20.jpg,0.13404825737265416,0.23640661938534277,9.287499939091504
fog,0.03,twinlite,clips/0601/1495058907477059235/20.jpg,0.09388767697506309,0.171658715883319,9.326249943114817
fog,0.03,twinlite,clips/0601/1495058913475711516/20.jpg,0.09018536121673004,0.16544959128065398,8.308000047691166
fog,0.03,twinlite,clips/0601/1495058919475143504/20.jpg,0.12002852827655647,0.21433119826197702,8.161042002029717
fog,0.03,twinlite,clips/0601/1495058925469436408/20.jpg,0.11212107840974275,0.20163466116489445,8.121374994516373
fog,0.03,twinlite,clips/0601/1495058931466470327/20.jpg,0.08588217568178394,0.1581795476619953,8.664416964165866
fog,0.03,twinlite,clips/0601/1495058937463794073/20.jpg,0.10782969723081744,0.19466836373921653,8.745333063416183
fog,0.03,twinlite,clips/0601/1495058943463632446/20.jpg,0.11664041547826827,0.20891311806641,7.942875032313168
fog,0.03,twinlite,clips/0601/1495058949458758174/20.jpg,0.07170466198627436,0.1338142205211247,8.53566697333008
fog,0.03,twinlite,clips/0601/1495485009641442407/20.jpg,0.0,nan,8.44574999064207
fog,0.03,twinlite,clips/0601/1495485015638767825/20.jpg,0.0,nan,8.550541009753942
fog,0.03,twinlite,clips/0601/1495485021636199888/20.jpg,0.0,nan,8.449791930615902
fog,0.03,twinlite,clips/0601/1495485027633718711/20.jpg,0.02987158708390475,0.05801031402077332,7.982958923093975
fog,0.03,twinlite,clips/0601/1495485033630861236/20.jpg,0.00803072625698324,0.015933494977485276,9.071500040590763
fog,0.03,twinlite,clips/0601/1495485039628271607/20.jpg,0.0,nan,9.044000064022839
fog,0.03,twinlite,clips/0601/1495485045626852826/20.jpg,0.04739312315069891,0.09049729677073694,9.065874968655407
fog,0.03,twinlite,clips/0601/1495485051623004273/20.jpg,0.0,nan,8.055250043980777
fog,0.03,twinlite,clips/0601/1495485057620656604/20.jpg,0.0,nan,8.946249959990382
fog,0.03,twinlite,clips/0601/1495485063617750112/20.jpg,0.0,nan,8.957999991253018
fog,0.03,twinlite,clips/0601/1495485069617812641/20.jpg,0.0,nan,8.67512496188283
fog,0.03,twinlite,clips/0601/1495485075612519689/20.jpg,0.021926369413371147,0.042911838014235426,9.171959012746811
fog,0.03,twinlite,clips/0601/1495485081611855219/20.jpg,0.0,nan,8.55254102498293
fog,0.03,twinlite,clips/0601/1495485087607351973/20.jpg,0.0,nan,8.966917055658996
fog,0.03,twinlite,clips/0601/1495485093604646206/20.jpg,0.0,nan,9.019916993565857
fog,0.03,twinlite,clips/0601/1495485099601922885/20.jpg,0.0,nan,9.233291959390044
fog,0.03,twinlite,clips/0601/1495485105599385453/20.jpg,0.024640346678088232,0.04809560107206963,8.530416060239077
fog,0.03,twinlite,clips/0601/1495485111599411627/20.jpg,0.0,nan,8.299000095576048
fog,0.03,twinlite,clips/0601/1495485117594185994/20.jpg,0.0,nan,7.605916005559266
fog,0.03,twinlite,clips/0601/1495485123591495860/20.jpg,0.0,nan,8.618124993517995
fog,0.03,twinlite,clips/0601/1495485129589080069/20.jpg,0.0,nan,8.449667016975582
fog,0.03,twinlite,clips/0601/1495485135586245515/20.jpg,0.0,nan,7.994125015102327
fog,0.03,twinlite,clips/0601/1495485141585513338/20.jpg,0.017852935787021282,0.035079597767661966,7.636458030901849
fog,0.03,twinlite,clips/0601/1495485147581014946/20.jpg,0.0,nan,8.090457995422184
fog,0.03,twinlite,clips/0601/1495485153579251831/20.jpg,0.0,nan,8.491000044159591
fog,0.03,twinlite,clips/0601/1495485159575742672/20.jpg,0.0023761557931711347,0.0047410461221334705,9.09099995624274
fog,0.03,twinlite,clips/0601/1495485165575366989/20.jpg,0.0,nan,7.928125094622374
fog,0.03,twinlite,clips/0601/1495485171570457961/20.jpg,0.0,nan,7.592209032736719
fog,0.03,twinlite,clips/0601/1495485177570314287/20.jpg,0.0,nan,7.61045899707824
fog,0.03,twinlite,clips/0601/1495485183565129358/20.jpg,0.008743956383088159,0.017336324699163776,8.500125026330352
fog,0.03,twinlite,clips/0601/1495485189564879401/20.jpg,0.0,nan,9.110749932006001
fog,0.03,twinlite,clips/0601/1495485195559966192/20.jpg,0.0,nan,8.121208986267447
fog,0.03,twinlite,clips/0601/1495485201558641598/20.jpg,0.02949724312138414,0.05730417117378571,7.910209009423852
fog,0.03,twinlite,clips/0601/1495485207554693841/20.jpg,0.0,nan,7.8399579506367445
fog,0.03,twinlite,clips/0601/1495485213552150385/20.jpg,0.0,nan,8.951999945566058
fog,0.03,twinlite,clips/0601/1495485219551850010/20.jpg,0.0,nan,8.631167002022266
fog,0.03,twinlite,clips/0601/1495485225546895923/20.jpg,0.004441435341909276,0.00884359243980695,8.441375102847815
fog,0.03,twinlite,clips/0601/1495485231544226883/20.jpg,0.01483459019100567,0.029235483958451984,8.325040922500193
fog,0.03,twinlite,clips/0601/1495485237541517645/20.jpg,0.0,nan,7.893334026448429
fog,0.03,twinlite,clips/0601/1495485243539258908/20.jpg,0.0,nan,9.351499960757792
fog,0.03,twinlite,clips/0601/1495485249536332511/20.jpg,0.0,nan,9.591041947714984
fog,0.03,twinlite,clips/0601/1495485255533685610/20.jpg,0.0,nan,9.561332990415394
fog,0.03,twinlite,clips/0601/1495485261533592244/20.jpg,0.0030308432875735423,0.006043370067543548,8.481625001877546
fog,0.03,twinlite,clips/0601/1495485267528430709/20.jpg,0.0,nan,8.834375068545341
fog,0.03,twinlite,clips/0601/1495485273526142378/20.jpg,0.0,nan,8.930707932449877
fog,0.03,twinlite,clips/0601/1495485279523114914/20.jpg,0.0,nan,8.97233304567635
fog,0.03,twinlite,clips/0601/1495485285520576618/20.jpg,0.0,nan,8.618582971394062
fog,0.03,twinlite,clips/0601/1495492512658106755/20.jpg,0.0,nan,8.057709084823728
fog,0.03,twinlite,clips/0601/1495492518657921956/20.jpg,0.0,nan,9.602875099517405
fog,0.03,twinlite,clips/0601/1495492524654518667/20.jpg,0.0,nan,9.312582900747657
fog,0.03,twinlite,clips/0601/1495492530652417826/20.jpg,0.020412056466997328,0.04000747803327724,8.664332912303507
fog,0.03,twinlite,clips/0601/1495492536647945627/20.jpg,0.0,nan,8.208125014789402
fog,0.03,twinlite,clips/0601/1495492542645333836/20.jpg,0.009214533235325003,0.018260801706422497,8.291875012218952
fog,0.03,twinlite,clips/0601/1495492548642776463/20.jpg,0.0,nan,7.765291957184672
fog,0.03,twinlite,clips/0601/1495492554641955081/20.jpg,0.0,nan,7.6749579748138785
fog,0.045,classical,clips/0601/1494453497604532231/20.jpg,0.1498396373949691,0.26062701705855235,1.4700000174343586
fog,0.045,classical,clips/0601/1494453503601902751/20.jpg,0.03491287993428164,0.06747018152194348,1.4060840476304293
fog,0.045,classical,clips/0601/1494453509599288720/20.jpg,0.007953629251923035,0.015781736423382913,1.364166964776814
fog,0.045,classical,clips/0601/1494453515596795530/20.jpg,0.21823159929135127,0.3582760444209413,1.0050419950857759
fog,0.045,classical,clips/0601/1494453521596643824/20.jpg,0.002842406876790831,0.005668700998879975,1.3766250340268016
fog,0.045,classical,clips/0601/1494453527591367337/20.jpg,0.0,nan,1.2015419779345393
fog,0.045,classical,clips/0601/1494453533590270210/20.jpg,0.14023841348645627,0.24598086124401913,1.3503329828381538
fog,0.045,classical,clips/0601/1494453539586188022/20.jpg,0.0,nan,1.0802500182762742
fog,0.045,classical,clips/0601/1494453545585907063/20.jpg,0.011803874092009685,0.02333233622494765,1.2124580098316073
fog,0.045,classical,clips/0601/1494453551580996478/20.jpg,0.09247721664345573,0.16929820637831555,1.2625000672414899
fog,0.045,classical,clips/0601/1494453557578299956/20.jpg,0.04701983977182165,0.08981652111209036,1.3908329419791698
fog,0.045,classical,clips/0601/1494453563575744757/20.jpg,0.11297388174563709,0.20301263776009534,1.4005000703036785
fog,0.045,classical,clips/0601/1494453569573067938/20.jpg,0.0841157964051411,0.15517861963466212,1.4133749064058065
fog,0.045,classical,clips/0601/1494453575572346547/20.jpg,0.04404489299748396,0.08437356150659338,1.2144999345764518
fog,0.045,classical,clips/0601/1494453581567767982/20.jpg,0.0,nan,1.3976249611005187
fog,0.045,classical,clips/0601/1494453587565069969/20.jpg,0.0,nan,0.8584579918533564
fog,0.045,classical,clips/0601/1494453593562528307/20.jpg,0.054677720305156004,0.10368611994446185,1.091540907509625
fog,0.045,classical,clips/0601/1494453599561987554/20.jpg,0.0,nan,1.1928339954465628
fog,0.045,classical,clips/0601/1494453605557268031/20.jpg,0.02325239507019822,0.04544801494181313,1.2301249662414193
fog,0.045,classical,clips/0601/1494453611554664747/20.jpg,0.0,nan,1.1279580648988485
fog,0.045,classical,clips/0601/1494453617553424930/20.jpg,0.1044143221287848,0.18908541846419327,0.925209023989737
fog,0.045,classical,clips/0601/1494453623549421445/20.jpg,0.0937608990505716,0.17144679268011834,1.1593749513849616
fog,0.045,classical,clips/0601/1494453629547675743/20.jpg,0.07616969696969697,0.14155703730401875,1.346832956187427
fog,0.045,classical,clips/0601/1494453635544157546/20.jpg,0.03532916294310396,0.06824720911497295,1.3852498959749937
fog,0.045,classical,clips/0601/1494453641541664519/20.jpg,0.04341200034834103,0.08321161791094603,1.5014579985290766
fog,0.045,classical,clips/0601/1494453647538775071/20.jpg,0.18441419802508674,0.3114015322217215,1.339250011369586
fog,0.045,classical,clips/0601/1494453653536229036/20.jpg,0.08811578629235367,0.16196031231676078,1.20449997484684
fog,0.045,classical,clips/0601/1494453661532670510/20.jpg,0.024697096464317808,0.04820370146365066,1.254625036381185
fog,0.045,classical,clips/0601/1494453667532618102/20.jpg,0.20410200821542673,0.33901115822889766,1.2313749175518751
fog,0.045,classical,clips/0601/1494453673527450206/20.jpg,0.024061629241108017,0.046992541374563844,0.929499976336956
fog,0.045,classical,clips/0601/1494453679527133712/20.jpg,0.20708576881784563,0.3431169087854531,1.1272080009803176
fog,0.045,classical,clips/0601/1494453685522315222/20.jpg,0.29173825887743415,0.4516987197251012,1.179959042929113
fog,0.045,classical,clips/0601/1494453691519533853/20.jpg,0.19901467720414656,0.3319637048450607,1.2034999672323465
fog,0.045,classical,clips/0601/1494453697518974585/20.jpg,0.09767454525650801,0.1779663119247848,1.1135829845443368
fog,0.045,classical,clips/0601/1494453703514316264/20.jpg,0.16584284549531186,0.28450291758638024,1.2590830447152257
fog,0.045,classical,clips/0601/1494453709513778562/20.jpg,0.0441349029107839,0.08453869856806236,1.3554580509662628
fog,0.045,classical,clips/0601/1494453715509045873/20.jpg,0.12570081549439346,0.2233289942837738,1.2252910528331995
fog,0.045,classical,clips/0601/1494453721506443914/20.jpg,0.16294949217677737,0.2802348567550822,1.216457923874259
fog,0.045,classical,clips/0601/1494453727503739315/20.jpg,0.11752793060384109,0.21033555830740888,1.1921670520678163
fog,0.045,classical,clips/0601/1494453733501172122/20.jpg,0.08355265596619342,0.15421983510656495,1.0894580045714974
fog,0.045,classical,clips/0601/1494453739498514009/20.jpg,0.10587314017227878,0.19147429542557712,1.2802910059690475
fog,0.045,classical,clips/0601/1494453745495966700/20.jpg,0.09593970036291448,0.1750820785690026,0.8460419485345483
fog,0.045,classical,clips/0601/1494453751493293308/20.jpg,0.0,nan,1.154000055976212
fog,0.045,classical,clips/0601/1494453757490822445/20.jpg,0.13037154150197627,0.2306702472865615,1.1834159959107637
fog,0.045,classical,clips/0601/1494453763488013443/20.jpg,0.011585477102718482,0.02290558210839571,1.158999977633357
fog,0.045,classical,clips/0601/1494453769487225684/20.jpg,0.019332101553411345,0.03793091873384579,1.242667087353766
fog,0.045,classical,clips/0601/1494453775482792464/20.jpg,0.0015938522840472464,0.003182631922934841,0.9691669838503003
fog,0.045,classical,clips/0601/1494453781480173619/20.jpg,0.03543006302922264,0.06843545362314385,1.0727089829742908
fog,0.045,classical,clips/0601/1494453787480034236/20.jpg,0.18237528326577512,0.30848967471993516,1.1028340086340904
fog,0.045,classical,clips/0601/1494453793475579483/20.jpg,0.0,nan,1.0628330055624247
fog,0.045,classical,clips/0601/1494453799472239703/20.jpg,0.0,nan,1.1025420390069485
fog,0.045,classical,clips/0601/1494453805469700214/20.jpg,0.14042617844798116,0.2462696509459099,1.137290964834392
fog,0.045,classical,clips/0601/1494453811467016035/20.jpg,0.11013247149909436,0.19841320621920785,1.1569169582799077
fog,0.045,classical,clips/0601/1494453817464323387/20.jpg,0.0238706115423338,0.0466281799149908,1.1217501014471054
fog,0.045,classical,clips/0601/1494453823461695785/20.jpg,0.1400921658986175,0.2457558609539208,1.1276250006631017
fog,0.045,classical,clips/0601/1494453829459036893/20.jpg,0.1080596830496432,0.19504307340600519,0.7617080118507147
fog,0.045,classical,clips/0601/1494453835456441057/20.jpg,0.1318089463669494,0.23291730780190345,1.1910420143976808
fog,0.045,classical,clips/0601/1494453841456411836/20.jpg,0.0,nan,0.990708009339869
fog,0.045,classical,clips/0601/1494453847451852161/20.jpg,0.05186599091686961,0.09861710781553094,1.1726670200005174
fog,0.045,classical,clips/0601/1494453853451104735/20.jpg,0.03787011872407381,0.07297660476174068,1.0595000348985195
fog,0.045,classical,clips/0601/1494453859446867209/20.jpg,0.16534653465346535,0.2837723024638912,1.284083933569491
fog,0.045,classical,clips/0601/1494453865443302705/20.jpg,0.10932996406996486,0.1971099088838269,1.1041669640690088
fog,0.045,classical,clips/0601/1494453871443269121/20.jpg,0.14845268351024068,0.25852642541004944,1.1341669596731663
fog,0.045,classical,clips/0601/1494453877438073356/20.jpg,0.08625094455039402,0.15880482310851995,0.8525829762220383
fog,0.045,classical,clips/0601/1494453883436198482/20.jpg,0.15063823039720922,0.2618342175980156,1.16620899643749
fog,0.045,classical,clips/0601/1494453889432873365/20.jpg,0.09403260352213232,0.17190091633357804,1.0454579023644328
fog,0.045,classical,clips/0601/1494453895431227611/20.jpg,0.18497859327217125,0.3122057973408208,1.2955000856891274
fog,0.045,classical,clips/0601/1494453901427565927/20.jpg,0.054874322727828245,0.10403954584073531,0.8956670062616467
fog,0.045,classical,clips/0601/1494453907426815473/20.jpg,0.1699205217036886,0.29048216276477146,0.8047920418903232
fog,0.045,classical,clips/0601/1494453913422263611/20.jpg,0.2270484397803878,0.3700724966017218,1.2052078964188695
fog,0.045,classical,clips/0601/1494453919420314205/20.jpg,0.23458966565349543,0.3800285587670491,1.117791049182415
fog,0.045,classical,clips/0601/1495058507652622962/20.jpg,0.09426586981101599,0.17229061494405576,1.359916990622878
fog,0.045,classical,clips/0601/1495058515650447849/20.jpg,0.11250283934192166,0.20225177925562948,1.4063329435884953
fog,0.045,classical,clips/0601/1495058521646381547/20.jpg,0.11322573623161365,0.2034191854293536,1.4021669048815966
fog,0.045,classical,clips/0601/1495058527645454477/20.jpg,0.10020852972262691,0.18216279371673377,1.4049999881535769
fog,0.045,classical,clips/0601/1495058533641199011/20.jpg,0.12145201776404711,0.21659779614325067,1.6721670981496572
fog,0.045,classical,clips/0601/1495058539638866627/20.jpg,0.09505798719496912,0.17361270052641434,1.411666045896709
fog,0.045,classical,clips/0601/1495058545635832279/20.jpg,0.0087504677470424,0.0173491225567128,1.212917035445571
fog,0.045,classical,clips/0601/1495058551633359536/20.jpg,0.004349103732001176,0.008660541869038564,1.3708750484511256
fog,0.045,classical,clips/0601/1495058557632067443/20.jpg,0.0,nan,1.1187499621883035
fog,0.045,classical,clips/0601/1495058563627986766/20.jpg,0.006392253845831412,0.012703304941793872,1.3952500885352492
fog,0.045,classical,clips/0601/1495058569626907953/20.jpg,0.12887259395050413,0.22832088340370252,1.0106670670211315
fog,0.045,classical,clips/0601/1495058575622734256/20.jpg,0.20313839061437985,0.33768083904404,1.4269170351326466
fog,0.045,classical,clips/0601/1495058581620129503/20.jpg,0.0019614757350024242,0.003915271759452742,1.4424169203266501
fog,0.045,classical,clips/0601/1495058587617442669/20.jpg,0.12398349314237164,0.22061443766535282,1.4288340462371707
fog,0.045,classical,clips/0601/1495058593615616960/20.jpg,0.0058167716917111,0.011566265060240962,1.6079170163720846
fog,0.045,classical,clips/0601/1495058599612448574/20.jpg,0.015057635203067642,0.029668532467233315,1.3204999268054962
fog,0.045,classical,clips/0601/1495058605609578659/20.jpg,0.06088437129147103,0.11478040951315599,1.5222079819068313
fog,0.045,classical,clips/0601/1495058611609939176/20.jpg,0.16348493590547625,0.2810263044415696,1.3604999985545874
fog,0.045,classical,clips/0601/1495058617604256196/20.jpg,0.14874506841265844,0.25896967482645233,1.4201659942045808
fog,0.045,classical,clips/0601/1495058623602404204/20.jpg,0.1330996388357765,0.234930158432549,1.4571250649169087
fog,0.045,classical,clips/0601/1495058629599018470/20.jpg,0.052088632638064555,0.09901947615849563,1.2051250087097287
fog,0.045,classical,clips/0601/1495058635596342127/20.jpg,0.25502843667637676,0.4064106106659298,1.4718750026077032
fog,0.045,classical,clips/0601/1495058641593823148/20.jpg,0.16465643800915397,0.28275538199164585,1.185750006698072
fog,0.045,classical,clips/0601/1495058647591446332/20.jpg,0.1549817585338952,0.2683709199539656,1.4417909551411867
fog,0.045,classical,clips/0601/1495058653588446886/20.jpg,0.15012584001452997,0.26105985065535675,1.3946660328656435
fog,0.045,classical,clips/0601/1495058659585835658/20.jpg,0.002446905292216959,0.004881865122828978,1.4449999434873462
fog,0.045,classical,clips/0601/1495058665583165347/20.jpg,0.07490612664077795,0.13937240617442453,1.3082500081509352
fog,0.045,classical,clips/0601/1495058671580580478/20.jpg,0.10411315032032435,0.1885914505956552,1.4554999070242047
fog,0.045,classical,clips/0601/1495058677578062974/20.jpg,0.08831930532810298,0.16230403135498322,1.2130419490858912
fog,0.045,classical,clips/0601/1495058683578929172/20.jpg,0.16882776304670882,0.28888390297409816,1.3190829195082188
fog,0.045,classical,clips/0601/1495058689572753425/20.jpg,0.0957817630714827,0.17481904937531698,1.3912910362705588
fog,0.045,classical,clips/0601/1495058695570408263/20.jpg,0.11496437054631829,0.20622070728589692,1.4962500426918268
fog,0.045,classical,clips/0601/1495058701567358056/20.jpg,0.17165517516240883,0.2930131301449078,1.2177500175312161
fog,0.045,classical,clips/0601/1495058707565707879/20.jpg,0.0005921619293712317,0.0011836229622854684,1.409208052791655
fog,0.045,classical,clips/0601/1495058715562283498/20.jpg,0.0,nan,1.265541068278253
fog,0.045,classical,clips/0601/1495058721558633337/20.jpg,0.14227797220970928,0.2491126952828758,1.4712080592289567
fog,0.045,classical,clips/0601/1495058727556647955/20.jpg,0.14869597742187765,0.2588952696702386,1.473790965974331
fog,0.045,classical,clips/0601/1495058733553446687/20.jpg,0.15786513342916067,0.27268311113510013,1.5278750797733665
fog,0.045,classical,clips/0601/1495058739553286402/20.jpg,0.06215330307614725,0.11703264094955489,1.4031250029802322
fog,0.045,classical,clips/0601/1495058745548122682/20.jpg,0.03790078824156937,0.07303354746609564,1.0715839453041553
fog,0.045,classical,clips/0601/1495058751545486604/20.jpg,0.0,nan,1.1338749900460243
fog,0.045,classical,clips/0601/1495058757543228003/20.jpg,0.08333333333333333,0.15384615384615383,1.1806250549852848
fog,0.045,classical,clips/0601/1495058763540182973/20.jpg,0.07318159727847076,0.1363825050001887,1.1579999700188637
fog,0.045,classical,clips/0601/1495058769540492239/20.jpg,0.016203284155580526,0.03188984804166369,1.2809580657631159
fog,0.045,classical,clips/0601/1495058775535017414/20.jpg,0.008161443555328848,0.016190747240932234,1.029167091473937
fog,0.045,classical,clips/0601/1495058781534953658/20.jpg,0.18913205092463525,0.31810100615414677,1.2474169488996267
fog,0.045,classical,clips/0601/1495058787529671793/20.jpg,0.24263457807953442,0.390516379247262,1.2571249390020967
fog,0.045,classical,clips/0601/1495058793526969174/20.jpg,0.10268247473157766,0.18624123822512606,1.0934999445453286
fog,0.045,classical,clips/0601/1495058799525818237/20.jpg,0.20165745856353592,0.33563218390804594,1.015583984553814
fog,0.045,classical,clips/0601/1495058805523198969/20.jpg,0.13186357797024575,0.23300259949474608,1.036291942000389
fog,0.045,classical,clips/0601/1495058811520330339/20.jpg,0.1836472602739726,0.31030741410488244,1.1057909578084946
fog,0.045,classical,clips/0601/1495058817516570927/20.jpg,0.03368142373878512,0.0651678998292544,1.1016249191015959
fog,0.045,classical,clips/0601/1495058823515900521/20.jpg,0.04990552406357675,0.09506669489731104,1.1036669602617621
fog,0.045,classical,clips/0601/1495058829511203058/20.jpg,0.07031778228532792,0.131396083385976,0.8907499723136425
fog,0.045,classical,clips/0601/1495058835510553015/20.jpg,0.15897457239169338,0.274336600955151,0.8925000438466668
fog,0.045,classical,clips/0601/1495058841505989452/20.jpg,0.17958037336857757,0.30448179271708686,1.2519580777734518
fog,0.045,classical,clips/0601/1495058847507116852/20.jpg,0.0,nan,0.7394170388579369
fog,0.045,classical,clips/0601/1495058853500724642/20.jpg,0.29055619930475085,0.45028058361391693,1.482041901908815
fog,0.045,classical,clips/0601/1495058859498417310/20.jpg,0.12728588844864372,0.22582716550069282,0.7933330489322543
fog,0.045,classical,clips/0601/1495058865495399571/20.jpg,0.07450059630292188,0.1386701814019632,1.0745000327005982
fog,0.045,classical,clips/0601/1495058871492888869/20.jpg,0.21545658954087182,0.3545278233626734,1.260375021956861
fog,0.045,classical,clips/0601/1495058877492091924/20.jpg,0.17959663207362445,0.3045051625112048,1.1211669771000743
fog,0.045,classical,clips/0601/1495058883487530264/20.jpg,0.15991148810621428,0.27573050141489935,1.1797919869422913
fog,0.045,classical,clips/0601/1495058889484921618/20.jpg,0.2541739347121854,0.40532485595072526,1.2544170022010803
fog,0.045,classical,clips/0601/1495058895482305544/20.jpg,0.16907003535534104,0.2892385062353461,1.152167096734047
fog,0.045,classical,clips/0601/1495058901481630657/20.jpg,0.06929457127798275,0.129608010999559,1.2507919454947114
fog,0.045,classical,clips/0601/1495058907477059235/20.jpg,0.12425841823165991,0.2210495669262683,1.2825409648939967
fog,0.045,classical,clips/0601/1495058913475711516/20.jpg,0.14475303892906602,0.25289828287240834,1.1392079759389162
fog,0.045,classical,clips/0601/1495058919475143504/20.jpg,0.1561841833574231,0.2701718041218702,1.1316250311210752
fog,0.045,classical,clips/0601/1495058925469436408/20.jpg,0.16002379535990482,0.2758974358974359,1.2341659748926759
fog,0.045,classical,clips/0601/1495058931466470327/20.jpg,0.13229729233256182,0.23367942894224525,1.159291947260499
fog,0.045,classical,clips/0601/1495058937463794073/20.jpg,0.17458214431308602,0.29726681127982646,0.9210419375449419
fog,0.045,classical,clips/0601/1495058943463632446/20.jpg,0.1500797643882685,0.26099018352539477,1.1491249315440655
fog,0.045,classical,clips/0601/1495058949458758174/20.jpg,0.0,nan,0.9448750643059611
fog,0.045,classical,clips/0601/1495485009641442407/20.jpg,0.0,nan,1.130749937146902
fog,0.045,classical,clips/0601/1495485015638767825/20.jpg,0.020311731628573262,0.03981475660610632,1.157082966528833
fog,0.045,classical,clips/0601/1495485021636199888/20.jpg,0.02250632265249774,0.04402187478726542,1.5772499609738588
fog,0.045,classical,clips/0601/1495485027633718711/20.jpg,0.004370335507295099,0.008702637568616951,1.1609160574153066
fog,0.045,classical,clips/0601/1495485033630861236/20.jpg,0.17326783601666582,0.2953593897279642,1.4175840187817812
fog,0.045,classical,clips/0601/1495485039628271607/20.jpg,0.06684931506849315,0.12532100667693888,1.5922500751912594
fog,0.045,classical,clips/0601/1495485045626852826/20.jpg,0.11141330933140274,0.20048942800302813,1.5427080215886235
fog,0.045,classical,clips/0601/1495485051623004273/20.jpg,0.0,nan,1.338458969257772
fog,0.045,classical,clips/0601/1495485057620656604/20.jpg,0.09674445151801199,0.17642113690952763,3.027292084880173
fog,0.045,classical,clips/0601/1495485063617750112/20.jpg,0.18939529876188768,0.31847325941012294,1.564415986649692
fog,0.045,classical,clips/0601/1495485069617812641/20.jpg,0.0,nan,1.226334017701447
fog,0.045,classical,clips/0601/1495485075612519689/20.jpg,0.03131419909448112,0.06072678747558358,1.5148329548537731
fog,0.045,classical,clips/0601/1495485081611855219/20.jpg,0.0,nan,1.4637920539826155
fog,0.045,classical,clips/0601/1495485087607351973/20.jpg,0.00018616340492867613,0.00037225750913194203,1.4023749390617013
fog,0.045,classical,clips/0601/1495485093604646206/20.jpg,0.040327753522729624,0.07752893909861171,1.5555419959127903
fog,0.045,classical,clips/0601/1495485099601922885/20.jpg,0.0,nan,1.0641670087352395
fog,0.045,classical,clips/0601/1495485105599385453/20.jpg,0.06900130698854463,0.129094897335395,1.5830839984118938
fog,0.045,classical,clips/0601/1495485111599411627/20.jpg,0.0,nan,1.1535000521689653
fog,0.045,classical,clips/0601/1495485117594185994/20.jpg,0.08856102484765013,0.16271209941591416,1.4642089372500777
fog,0.045,classical,clips/0601/1495485123591495860/20.jpg,0.22302383939774154,0.36470889971787634,1.5066249761730433
fog,0.045,classical,clips/0601/1495485129589080069/20.jpg,0.0,nan,1.4667919604107738
fog,0.045,classical,clips/0601/1495485135586245515/20.jpg,0.028890263938378815,0.05615810538976795,1.3660829281434417
fog,0.045,classical,clips/0601/1495485141585513338/20.jpg,0.061663019693654265,0.11616307349849542,1.9412500550970435
fog,0.045,classical,clips/0601/1495485147581014946/20.jpg,0.1406635655971141,0.24663462538751219,1.8965419149026275
fog,0.045,classical,clips/0601/1495485153579251831/20.jpg,0.05294431174368794,0.10056431504152684,1.2810410698875785
fog,0.045,classical,clips/0601/1495485159575742672/20.jpg,0.035754594433441936,0.06904066779061639,1.3165829004719853
fog,0.045,classical,clips/0601/1495485165575366989/20.jpg,0.10461433824310824,0.18941332666294666,1.8158340826630592
fog,0.045,classical,clips/0601/1495485171570457961/20.jpg,0.10516441821247892,0.19031452058974993,1.650208025239408
fog,0.045,classical,clips/0601/1495485177570314287/20.jpg,0.028173330818559033,0.0548026873953819,2.757459064014256
fog,0.045,classical,clips/0601/1495485183565129358/20.jpg,0.045522197652662015,0.08708030829926994,1.3838749146088958
fog,0.045,classical,clips/0601/1495485189564879401/20.jpg,0.08692875234005065,0.15995299076025285,1.5156660228967667
fog,0.045,classical,clips/0601/1495485195559966192/20.jpg,0.044872204813369995,0.08589032152766443,1.5901249134913087
fog,0.045,classical,clips/0601/1495485201558641598/20.jpg,0.06151330915036019,0.11589738653318574,1.3954999158158898
fog,0.045,classical,clips/0601/1495485207554693841/20.jpg,0.07030179072651711,0.13136816426102868,1.5574590070173144
fog,0.045,classical,clips/0601/1495485213552150385/20.jpg,0.004448948318050372,0.00885848569108492,1.7255420098081231
fog,0.045,classical,clips/0601/1495485219551850010/20.jpg,0.0763980763980764,0.14195134323116843,1.4593329979106784
fog,0.045,classical,clips/0601/1495485225546895923/20.jpg,0.11439531216906314,0.20530472610550324,1.5969580272212625
fog,0.045,classical,clips/0601/1495485231544226883/20.jpg,0.05519565268977955,0.10461690691973821,1.9302499713376164
fog,0.045,classical,clips/0601/1495485237541517645/20.jpg,0.11643105446118192,0.20857724083530538,1.619290909729898
fog,0.045,classical,clips/0601/1495485243539258908/20.jpg,0.04983616178412481,0.09494083667194635,1.7112500499933958
fog,0.045,classical,clips/0601/1495485249536332511/20.jpg,0.0020395156150414275,0.004070728914896324,1.940332935191691
fog,0.045,classical,clips/0601/1495485255533685610/20.jpg,0.14029502757476572,0.24606794589493552,1.943040988408029
fog,0.045,classical,clips/0601/1495485261533592244/20.jpg,0.11295123425016225,0.20297607078222402,1.9930829294025898
fog,0.045,classical,clips/0601/1495485267528430709/20.jpg,0.0,nan,2.058875048533082
fog,0.045,classical,clips/0601/1495485273526142378/20.jpg,0.019471488178025034,0.03819918144611187,1.553458976559341
fog,0.045,classical,clips/0601/1495485279523114914/20.jpg,0.08264061774758429,0.15266491279353017,1.9427500665187836
fog,0.045,classical,clips/0601/1495485285520576618/20.jpg,0.08399519881502669,0.15497337793902843,1.3758339919149876
fog,0.045,classical,clips/0601/1495492512658106755/20.jpg,0.0,nan,1.2212920701131225
fog,0.045,classical,clips/0601/1495492518657921956/20.jpg,0.17397246406155092,0.29638252921139996,1.5794170321896672
fog,0.045,classical,clips/0601/1495492524654518667/20.jpg,0.04533998991911288,0.08674687729610579,1.4174580574035645
fog,0.045,classical,clips/0601/1495492530652417826/20.jpg,0.14067026112696904,0.2466449173277971,1.5247089322656393
fog,0.045,classical,clips/0601/1495492536647945627/20.jpg,0.021927610351412455,0.04291421452811547,1.3613749761134386
fog,0.045,classical,clips/0601/1495492542645333836/20.jpg,0.01156662375281622,0.022868733469882874,1.2250419240444899
fog,0.045,classical,clips/0601/1495492548642776463/20.jpg,0.02022418726736806,0.03964655517830405,1.5849999617785215
fog,0.045,classical,clips/0601/1495492554641955081/20.jpg,0.10348195329087048,0.18755531611959825,1.4571670908480883
fog,0.045,twinlite,clips/0601/1494453497604532231/20.jpg,0.020347988556081043,0.03988440960201425,61.45037501119077
fog,0.045,twinlite,clips/0601/1494453503601902751/20.jpg,0.0,nan,10.066708084195852
fog,0.045,twinlite,clips/0601/1494453509599288720/20.jpg,0.0,nan,9.569041896611452
fog,0.045,twinlite,clips/0601/1494453515596795530/20.jpg,0.01124393083278912,0.02223782114277692,8.554750005714595
fog,0.045,twinlite,clips/0601/1494453521596643824/20.jpg,0.0,nan,7.784249959513545
fog,0.045,twinlite,clips/0601/1494453527591367337/20.jpg,0.0,nan,8.424584055319428
fog,0.045,twinlite,clips/0601/1494453533590270210/20.jpg,0.02224831788752063,0.043528206401937344,9.24783293157816
fog,0.045,twinlite,clips/0601/1494453539586188022/20.jpg,0.0,nan,7.9130829544737935
fog,0.045,twinlite,clips/0601/1494453545585907063/20.jpg,0.0,nan,8.291665930300951
fog,0.045,twinlite,clips/0601/1494453551580996478/20.jpg,0.0,nan,7.482832996174693
fog,0.045,twinlite,clips/0601/1494453557578299956/20.jpg,0.025375887317645743,0.049495775415644594,8.969332906417549
fog,0.045,twinlite,clips/0601/1494453563575744757/20.jpg,0.03212545676004872,0.06225106947927423,8.588249911554158
fog,0.045,twinlite,clips/0601/1494453569573067938/20.jpg,0.0023537418824263394,0.004696429581848017,7.74483394343406
fog,0.045,twinlite,clips/0601/1494453575572346547/20.jpg,0.0,nan,7.8426250256598
fog,0.045,twinlite,clips/0601/1494453581567767982/20.jpg,0.0,nan,8.7407500250265
fog,0.045,twinlite,clips/0601/1494453587565069969/20.jpg,0.0,nan,8.801667019724846
fog,0.045,twinlite,clips/0601/1494453593562528307/20.jpg,0.0,nan,9.028624976053834
fog,0.045,twinlite,clips/0601/1494453599561987554/20.jpg,0.0,nan,7.957166992127895
fog,0.045,twinlite,clips/0601/1494453605557268031/20.jpg,0.0,nan,7.626457954756916
fog,0.045,twinlite,clips/0601/1494453611554664747/20.jpg,0.0,nan,7.5446669943630695
fog,0.045,twinlite,clips/0601/1494453617553424930/20.jpg,0.0,nan,9.329542052000761
fog,0.045,twinlite,clips/0601/1494453623549421445/20.jpg,0.038254928549076875,0.07369082004269746,8.225124911405146
fog,0.045,twinlite,clips/0601/1494453629547675743/20.jpg,0.042074592074592077,0.08075159378145623,7.745292037725449
fog,0.045,twinlite,clips/0601/1494453635544157546/20.jpg,0.031527221000905215,0.06112726908033296,7.589000044390559
fog,0.045,twinlite,clips/0601/1494453641541664519/20.jpg,0.027459359570351977,0.053450989208633094,7.966167060658336
fog,0.045,twinlite,clips/0601/1494453647538775071/20.jpg,0.054602846996691656,0.10355148794105795,7.51737505197525
fog,0.045,twinlite,clips/0601/1494453653536229036/20.jpg,0.03583143183114661,0.06918390527656353,8.310167002491653
fog,0.045,twinlite,clips/0601/1494453661532670510/20.jpg,0.04602174698070056,0.08799386267740698,8.348166011273861
fog,0.045,twinlite,clips/0601/1494453667532618102/20.jpg,0.046023841859061415,0.08799769186381996,8.650125004351139
fog,0.045,twinlite,clips/0601/1494453673527450206/20.jpg,0.00014991941831265696,0.0002997938916994567,7.767625036649406
fog,0.045,twinlite,clips/0601/1494453679527133712/20.jpg,0.03016645831962629,0.05856618234073127,7.685707998462021
fog,0.045,twinlite,clips/0601/1494453685522315222/20.jpg,0.043520686963309914,0.08341125864971011,7.855458999983966
fog,0.045,twinlite,clips/0601/1494453691519533853/20.jpg,0.018222776459230056,0.03579329962073325,8.600917062722147
fog,0.045,twinlite,clips/0601/1494453697518974585/20.jpg,0.042049756625202814,0.08070585182301802,8.588792057707906
fog,0.045,twinlite,clips/0601/1494453703514316264/20.jpg,0.008757405158773964,0.017362757614444647,7.57420901209116
fog,0.045,twinlite,clips/0601/1494453709513778562/20.jpg,0.011041405269761606,0.021841648051625716,7.85533303860575
fog,0.045,twinlite,clips/0601/1494453715509045873/20.jpg,0.05428363401019335,0.10297728667894412,7.825125008821487
fog,0.045,twinlite,clips/0601/1494453721506443914/20.jpg,0.0523972602739726,0.09957696062479661,7.932125008665025
fog,0.045,twinlite,clips/0601/1494453727503739315/20.jpg,0.05651903237282106,0.10699103497621952,9.393749991431832
fog,0.045,twinlite,clips/0601/1494453733501172122/20.jpg,0.021416737382308967,0.041935356252719866,8.370499941520393
fog,0.045,twinlite,clips/0601/1494453739498514009/20.jpg,0.005888803151524997,0.011708656330749353,8.104874985292554
fog,0.045,twinlite,clips/0601/1494453745495966700/20.jpg,0.008187730157486485,0.016242471342529628,7.538249948993325
fog,0.045,twinlite,clips/0601/1494453751493293308/20.jpg,0.002424474431365043,0.00483722114374821,8.46825004555285
fog,0.045,twinlite,clips/0601/1494453757490822445/20.jpg,0.011268616544051677,0.022286099577699708,8.836624911054969
fog,0.045,twinlite,clips/0601/1494453763488013443/20.jpg,0.022998050400750956,0.044962061055232046,8.599541033618152
fog,0.045,twinlite,clips/0601/1494453769487225684/20.jpg,0.03063335455124125,0.059445688257546515,7.743166061118245
fog,0.045,twinlite,clips/0601/1494453775482792464/20.jpg,0.03983237041256408,0.07661306100089996,8.130332920700312
fog,0.045,twinlite,clips/0601/1494453781480173619/20.jpg,0.02987551867219917,0.05801772763900081,8.336208062246442
fog,0.045,twinlite,clips/0601/1494453787480034236/20.jpg,0.043847891854631796,0.08401203316457553,8.121915976516902
fog,0.045,twinlite,clips/0601/1494453793475579483/20.jpg,0.029617595601099726,0.057531253792936034,7.547584013082087
fog,0.045,twinlite,clips/0601/1494453799472239703/20.jpg,0.0024219472455854507,0.004832191179054647,8.711083908565342
fog,0.045,twinlite,clips/0601/1494453805469700214/20.jpg,0.04121449559255632,0.07916619633517703,8.482916979119182
fog,0.045,twinlite,clips/0601/1494453811467016035/20.jpg,0.01837790249807417,0.03609250054030689,8.307375013828278
fog,0.045,twinlite,clips/0601/1494453817464323387/20.jpg,0.0276962582538518,0.053899696591111906,7.659709081053734
fog,0.045,twinlite,clips/0601/1494453823461695785/20.jpg,0.05679505245028965,0.10748546242453424,8.36779095698148
fog,0.045,twinlite,clips/0601/1494453829459036893/20.jpg,0.03026720264838023,0.058756024787697966,8.232332998886704
fog,0.045,twinlite,clips/0601/1494453835456441057/20.jpg,0.04204650548289074,0.08069986370407937,8.248959085904062
fog,0.045,twinlite,clips/0601/1494453841456411836/20.jpg,0.0,nan,8.78675002604723
fog,0.045,twinlite,clips/0601/1494453847451852161/20.jpg,0.01452973279467007,0.028643286293139582,8.536500041373074
fog,0.045,twinlite,clips/0601/1494453853451104735/20.jpg,0.0078016712209417445,0.015482552656397358,7.8881660010665655
fog,0.045,twinlite,clips/0601/1494453859446867209/20.jpg,0.06291997556505803,0.11839080459770114,7.704792078584433
fog,0.045,twinlite,clips/0601/1494453865443302705/20.jpg,0.06550569891106309,0.12295701276494214,9.517624974250793
fog,0.045,twinlite,clips/0601/1494453871443269121/20.jpg,0.06192411378907979,0.1166262503789027,9.586125030182302
fog,0.045,twinlite,clips/0601/1494453877438073356/20.jpg,0.01034832864729772,0.02048467514397248,8.05791700258851
fog,0.045,twinlite,clips/0601/1494453883436198482/20.jpg,0.029426269932599048,0.05717023315234749,7.65254208818078
fog,0.045,twinlite,clips/0601/1494453889432873365/20.jpg,0.029581504648028476,0.05746316248783271,8.412125054746866
fog,0.045,twinlite,clips/0601/1494453895431227611/20.jpg,0.08076602830974189,0.14946070878274267,9.33945900760591
fog,0.045,twinlite,clips/0601/1494453901427565927/20.jpg,0.0448881207931599,0.08591947769314473,8.419165969826281
fog,0.045,twinlite,clips/0601/1494453907426815473/20.jpg,0.0634803317730147,0.11938223938223938,8.436707896180451
fog,0.045,twinlite,clips/0601/1494453913422263611/20.jpg,0.08050309627293357,0.14901039441833974,7.812749943695962
fog,0.045,twinlite,clips/0601/1494453919420314205/20.jpg,0.08147599750623441,0.15067555395424248,8.563790936022997
fog,0.045,twinlite,clips/0601/1495058507652622962/20.jpg,0.0008198681378744918,0.001638393009523159,9.339874959550798
fog,0.045,twinlite,clips/0601/1495058515650447849/20.jpg,0.0,nan,9.080208954401314
fog,0.045,twinlite,clips/0601/1495058521646381547/20.jpg,0.012312246118965897,0.02432499688938659,7.952791987918317
fog,0.045,twinlite,clips/0601/1495058527645454477/20.jpg,0.0,nan,8.574625011533499
fog,0.045,twinlite,clips/0601/1495058533641199011/20.jpg,0.02628411476557033,0.051221907047785294,8.729791967198253
fog,0.045,twinlite,clips/0601/1495058539638866627/20.jpg,0.01083236615778353,0.021432566903170722,8.4329170640558
fog,0.045,twinlite,clips/0601/1495058545635832279/20.jpg,0.0,nan,8.189417072571814
fog,0.045,twinlite,clips/0601/1495058551633359536/20.jpg,0.0,nan,9.093041066080332
fog,0.045,twinlite,clips/0601/1495058557632067443/20.jpg,0.0,nan,9.087624959647655
fog,0.045,twinlite,clips/0601/1495058563627986766/20.jpg,0.0,nan,9.292458067648113
fog,0.045,twinlite,clips/0601/1495058569626907953/20.jpg,0.0,nan,9.396499954164028
fog,0.045,twinlite,clips/0601/1495058575622734256/20.jpg,0.0,nan,9.41395794507116
fog,0.045,twinlite,clips/0601/1495058581620129503/20.jpg,0.04170333123821496,0.08006757775967659,9.410333004780114
fog,0.045,twinlite,clips/0601/1495058587617442669/20.jpg,0.0,nan,8.708749897778034
fog,0.045,twinlite,clips/0601/1495058593615616960/20.jpg,0.0,nan,8.944000001065433
fog,0.045,twinlite,clips/0601/1495058599612448574/20.jpg,0.0,nan,8.264292031526566
fog,0.045,twinlite,clips/0601/1495058605609578659/20.jpg,0.0,nan,8.411250077188015
fog,0.045,twinlite,clips/0601/1495058611609939176/20.jpg,0.0,nan,8.136707940138876
fog,0.045,twinlite,clips/0601/1495058617604256196/20.jpg,0.02802249601768473,0.0545172817253265,7.58070801384747
fog,0.045,twinlite,clips/0601/1495058623602404204/20.jpg,0.039158018570648295,0.0753648971010391,8.933166973292828
fog,0.045,twinlite,clips/0601/1495058629599018470/20.jpg,0.03414366506288512,0.06603273068603845,10.093332966789603
fog,0.045,twinlite,clips/0601/1495058635596342127/20.jpg,0.055121428024208996,0.10448357233617717,10.80337492749095
fog,0.045,twinlite,clips/0601/1495058641593823148/20.jpg,0.007052245034217993,0.014005718311026394,8.534832973964512
fog,0.045,twinlite,clips/0601/1495058647591446332/20.jpg,0.0,nan,9.995957952924073
fog,0.045,twinlite,clips/0601/1495058653588446886/20.jpg,0.015698008033445364,0.030910778418950006,9.271790971979499
fog,0.045,twinlite,clips/0601/1495058659585835658/20.jpg,0.0,nan,8.684625034220517
fog,0.045,twinlite,clips/0601/1495058665583165347/20.jpg,0.0,nan,8.27587500680238
fog,0.045,twinlite,clips/0601/1495058671580580478/20.jpg,0.016823899371069182,0.0330910777794959,8.49012506660074
fog,0.045,twinlite,clips/0601/1495058677578062974/20.jpg,0.0033038299955133175,0.006585901292788031,7.868542103096843
fog,0.045,twinlite,clips/0601/1495058683578929172/20.jpg,0.015407288317256162,0.03034701147908695,7.634000037796795
fog,0.045,twinlite,clips/0601/1495058689572753425/20.jpg,0.0,nan,7.613916997797787
fog,0.045,twinlite,clips/0601/1495058695570408263/20.jpg,0.0,nan,9.176958003081381
fog,0.045,twinlite,clips/0601/1495058701567358056/20.jpg,0.0,nan,7.828791975043714
fog,0.045,twinlite,clips/0601/1495058707565707879/20.jpg,0.0,nan,7.680875016376376
fog,0.045,twinlite,clips/0601/1495058715562283498/20.jpg,0.0,nan,7.7584999380633235
fog,0.045,twinlite,clips/0601/1495058721558633337/20.jpg,0.02453472437115954,0.04789437348981705,8.195083937607706
fog,0.045,twinlite,clips/0601/1495058727556647955/20.jpg,0.0,nan,8.197583025321364
fog,0.045,twinlite,clips/0601/1495058733553446687/20.jpg,0.006720830320302863,0.01335192462077999,8.438459015451372
fog,0.045,twinlite,clips/0601/1495058739553286402/20.jpg,0.01154562383612663,0.022827687776141387,8.34166700951755
fog,0.045,twinlite,clips/0601/1495058745548122682/20.jpg,0.0402322348515823,0.07735240940177658,8.183708996511996
fog,0.045,twinlite,clips/0601/1495058751545486604/20.jpg,0.027384773907185037,0.05330967443295787,7.624541991390288
fog,0.045,twinlite,clips/0601/1495058757543228003/20.jpg,0.05006647831145089,0.09535868317967792,8.070332929491997
fog,0.045,twinlite,clips/0601/1495058763540182973/20.jpg,0.04435318275154004,0.08493904836806922,7.77679099701345
fog,0.045,twinlite,clips/0601/1495058769540492239/20.jpg,0.003550006120700208,0.007074896316174677,7.502750027924776
fog,0.045,twinlite,clips/0601/1495058775535017414/20.jpg,0.006784901447159359,0.013478353593516741,8.366583031602204
fog,0.045,twinlite,clips/0601/1495058781534953658/20.jpg,0.011612515042117931,0.02295842502825195,9.674375061877072
fog,0.045,twinlite,clips/0601/1495058787529671793/20.jpg,0.0763163849112713,0.1418103189380744,8.620708016678691
fog,0.045,twinlite,clips/0601/1495058793526969174/20.jpg,0.05901905746786822,0.11145985910581015,7.865124964155257
fog,0.045,twinlite,clips/0601/1495058799525818237/20.jpg,0.009589597724502234,0.01899702165338485,7.676459033973515
fog,0.045,twinlite,clips/0601/1495058805523198969/20.jpg,0.02910549675657221,0.05656465123994361,9.174415958113968
fog,0.045,twinlite,clips/0601/1495058811520330339/20.jpg,0.059678963257492085,0.11263593093145259,8.309458033181727
fog,0.045,twinlite,clips/0601/1495058817516570927/20.jpg,0.017844831082451232,0.03506395186675698,8.135708048939705
fog,0.045,twinlite,clips/0601/1495058823515900521/20.jpg,0.026339285714285714,0.05132666376685516,8.214459056034684
fog,0.045,twinlite,clips/0601/1495058829511203058/20.jpg,0.08388385939156676,0.15478385191316452,8.325750008225441
fog,0.045,twinlite,clips/0601/1495058835510553015/20.jpg,0.05576491510352712,0.10563888666078446,8.703041006810963
fog,0.045,twinlite,clips/0601/1495058841505989452/20.jpg,0.057020830211299264,0.10788970014886226,7.456666091457009
fog,0.045,twinlite,clips/0601/1495058847507116852/20.jpg,0.03402849296258153,0.0658173216582977,8.601207984611392
fog,0.045,twinlite,clips/0601/1495058853500724642/20.jpg,0.11390485312899105,0.20451451092798278,7.922958000563085
fog,0.045,twinlite,clips/0601/1495058859498417310/20.jpg,0.07149240393208221,0.1334445371142619,7.983249961398542
fog,0.045,twinlite,clips/0601/1495058865495399571/20.jpg,0.06377462841341168,0.11990251827782289,7.65079096890986
fog,0.045,twinlite,clips/0601/1495058871492888869/20.jpg,0.10272474981078127,0.1863107721639657,8.850582991726696
fog,0.045,twinlite,clips/0601/1495058877492091924/20.jpg,0.07257072570725707,0.13532110091743116,8.876958047039807
fog,0.045,twinlite,clips/0601/1495058883487530264/20.jpg,0.048675082451950416,0.09283158008892745,8.330125012435019
fog,0.045,twinlite,clips/0601/1495058889484921618/20.jpg,0.11154430971967719,0.20070150824272184,7.6785830315202475
fog,0.045,twinlite,clips/0601/1495058895482305544/20.jpg,0.0922232092384721,0.1688724584103512,8.22820805478841
fog,0.045,twinlite,clips/0601/1495058901481630657/20.jpg,0.0857811834823329,0.15800823367967062,8.759834105148911
fog,0.045,twinlite,clips/0601/1495058907477059235/20.jpg,0.052410721932003086,0.09960126942794369,8.362208027392626
fog,0.045,twinlite,clips/0601/1495058913475711516/20.jpg,0.05766565012475742,0.109043250327654,7.873166003264487
fog,0.045,twinlite,clips/0601/1495058919475143504/20.jpg,0.049451939291736934,0.09424336158759491,7.63954094145447
fog,0.045,twinlite,clips/0601/1495058925469436408/20.jpg,0.07525549705791267,0.1399769585253456,8.193999994546175
fog,0.045,twinlite,clips/0601/1495058931466470327/20.jpg,0.06391249666526926,0.12014615274394612,8.78975004889071
fog,0.045,twinlite,clips/0601/1495058937463794073/20.jpg,0.03423323128305038,0.06620021528525297,7.66608293633908
fog,0.045,twinlite,clips/0601/1495058943463632446/20.jpg,0.07712323508083437,0.14320224941586474,8.228749968111515
fog,0.045,twinlite,clips/0601/1495058949458758174/20.jpg,0.002812374447569305,0.005608974358974359,8.291458943858743
fog,0.045,twinlite,clips/0601/1495485009641442407/20.jpg,0.0,nan,9.017082978971303
fog,0.045,twinlite,clips/0601/1495485015638767825/20.jpg,0.0,nan,8.698250050656497
fog,0.045,twinlite,clips/0601/1495485021636199888/20.jpg,0.0,nan,7.589916931465268
fog,0.045,twinlite,clips/0601/1495485027633718711/20.jpg,0.01369692131131181,0.027023701114912257,7.502708933316171
fog,0.045,twinlite,clips/0601/1495485033630861236/20.jpg,0.00495599961876926,0.009863117630322762,8.228166960179806
fog,0.045,twinlite,clips/0601/1495485039628271607/20.jpg,0.0,nan,8.675832999870181
fog,0.045,twinlite,clips/0601/1495485045626852826/20.jpg,0.022563758735398023,0.044131739547082265,8.265624986961484
fog,0.045,twinlite,clips/0601/1495485051623004273/20.jpg,0.0,nan,7.936542038805783
fog,0.045,twinlite,clips/0601/1495485057620656604/20.jpg,0.0,nan,7.584832957945764
fog,0.045,twinlite,clips/0601/1495485063617750112/20.jpg,0.0,nan,8.406959008425474
fog,0.045,twinlite,clips/0601/1495485069617812641/20.jpg,0.0,nan,8.505749981850386
fog,0.045,twinlite,clips/0601/1495485075612519689/20.jpg,0.01845241220011549,0.03623617947991031,8.72949999757111
fog,0.045,twinlite,clips/0601/1495485081611855219/20.jpg,0.0,nan,8.352125063538551
fog,0.045,twinlite,clips/0601/1495485087607351973/20.jpg,0.0,nan,8.009916986338794
fog,0.045,twinlite,clips/0601/1495485093604646206/20.jpg,0.0,nan,8.796124951913953
fog,0.045,twinlite,clips/0601/1495485099601922885/20.jpg,0.0,nan,9.617459028959274
fog,0.045,twinlite,clips/0601/1495485105599385453/20.jpg,0.013168848860970257,0.025995368641219093,8.088957984000444
fog,0.045,twinlite,clips/0601/1495485111599411627/20.jpg,0.0,nan,8.63141706213355
fog,0.045,twinlite,clips/0601/1495485117594185994/20.jpg,0.0,nan,8.746583014726639
fog,0.045,twinlite,clips/0601/1495485123591495860/20.jpg,0.0,nan,8.855915977619588
fog,0.045,twinlite,clips/0601/1495485129589080069/20.jpg,0.0,nan,8.676874917000532
fog,0.045,twinlite,clips/0601/1495485135586245515/20.jpg,0.0,nan,9.01866692584008
fog,0.045,twinlite,clips/0601/1495485141585513338/20.jpg,0.00018366918555835432,0.00036727091476691407,8.698999998159707
fog,0.045,twinlite,clips/0601/1495485147581014946/20.jpg,0.0,nan,9.268708992749453
fog,0.045,twinlite,clips/0601/1495485153579251831/20.jpg,0.0,nan,8.805792080238461
fog,0.045,twinlite,clips/0601/1495485159575742672/20.jpg,0.0,nan,8.748834021389484
fog,0.045,twinlite,clips/0601/1495485165575366989/20.jpg,0.0,nan,8.181583019904792
fog,0.045,twinlite,clips/0601/1495485171570457961/20.jpg,0.0,nan,8.04558303207159
fog,0.045,twinlite,clips/0601/1495485177570314287/20.jpg,0.0,nan,8.239833055995405
fog,0.045,twinlite,clips/0601/1495485183565129358/20.jpg,0.0,nan,8.932666038163006
fog,0.045,twinlite,clips/0601/1495485189564879401/20.jpg,0.0,nan,8.224999997764826
fog,0.045,twinlite,clips/0601/1495485195559966192/20.jpg,0.0,nan,8.448999957181513
fog,0.045,twinlite,clips/0601/1495485201558641598/20.jpg,0.007034984789222078,0.013971679028995281,8.133125025779009
fog,0.045,twinlite,clips/0601/1495485207554693841/20.jpg,0.0,nan,8.202750002965331
fog,0.045,twinlite,clips/0601/1495485213552150385/20.jpg,0.0,nan,8.40166606940329
fog,0.045,twinlite,clips/0601/1495485219551850010/20.jpg,0.0,nan,8.178957970812917
fog,0.045,twinlite,clips/0601/1495485225546895923/20.jpg,0.0001083276912660799,0.0002166319152969211,7.8190830536186695
fog,0.045,twinlite,clips/0601/1495485231544226883/20.jpg,0.006900168364108084,0.013705764644609524,8.969292044639587
fog,0.045,twinlite,clips/0601/1495485237541517645/20.jpg,0.0,nan,9.85608296468854
fog,0.045,twinlite,clips/0601/1495485243539258908/20.jpg,0.0,nan,9.673167020082474
fog,0.045,twinlite,clips/0601/1495485249536332511/20.jpg,0.0,nan,15.038666897453368
fog,0.045,twinlite,clips/0601/1495485255533685610/20.jpg,0.0,nan,9.188041905872524
fog,0.045,twinlite,clips/0601/1495485261533592244/20.jpg,0.0021444983405667604,0.004279818617210985,9.014875045977533
fog,0.045,twinlite,clips/0601/1495485267528430709/20.jpg,0.0,nan,9.080082993023098
fog,0.045,twinlite,clips/0601/1495485273526142378/20.jpg,0.0,nan,7.800291990861297
fog,0.045,twinlite,clips/0601/1495485279523114914/20.jpg,0.0,nan,9.034084039740264
fog,0.045,twinlite,clips/0601/1495485285520576618/20.jpg,0.0,nan,8.5248330142349
fog,0.045,twinlite,clips/0601/1495492512658106755/20.jpg,0.0,nan,9.109249920584261
fog,0.045,twinlite,clips/0601/1495492518657921956/20.jpg,0.0,nan,9.08804195933044
fog,0.045,twinlite,clips/0601/1495492524654518667/20.jpg,0.0,nan,8.749999920837581
fog,0.045,twinlite,clips/0601/1495492530652417826/20.jpg,0.013105552830908397,0.025872038297071246,8.030958008021116
fog,0.045,twinlite,clips/0601/1495492536647945627/20.jpg,0.0,nan,7.37616594415158
fog,0.045,twinlite,clips/0601/1495492542645333836/20.jpg,0.0,nan,7.992999977432191
fog,0.045,twinlite,clips/0601/1495492548642776463/20.jpg,0.0,nan,7.648041006177664
fog,0.045,twinlite,clips/0601/1495492554641955081/20.jpg,0.0,nan,7.731375051662326
fog,0.06,classical,clips/0601/1494453497604532231/20.jpg,0.1523802498278745,0.2644617518403926,1.3717500260099769
fog,0.06,classical,clips/0601/1494453503601902751/20.jpg,0.02756446528170722,0.05365009439899307,1.2576660374179482
fog,0.06,classical,clips/0601/1494453509599288720/20.jpg,0.01039107075923535,0.02056841367655242,0.8713339921087027
fog,0.06,classical,clips/0601/1494453515596795530/20.jpg,0.08484892051853449,0.1564253213765075,1.2931670062243938
fog,0.06,classical,clips/0601/1494453521596643824/20.jpg,0.0,nan,1.2047080090269446
fog,0.06,classical,clips/0601/1494453527591367337/20.jpg,0.0,nan,1.1668340303003788
fog,0.06,classical,clips/0601/1494453533590270210/20.jpg,0.06615670870374199,0.1241031607523754,1.2488749343901873
fog,0.06,classical,clips/0601/1494453539586188022/20.jpg,0.0,nan,1.2985420180484653
fog,0.06,classical,clips/0601/1494453545585907063/20.jpg,0.028727049108319424,0.055849701110162256,1.1936250375583768
fog,0.06,classical,clips/0601/1494453551580996478/20.jpg,0.10716760716760716,0.19358876916886486,1.2349160388112068
fog,0.06,classical,clips/0601/1494453557578299956/20.jpg,0.0026094087825244165,0.00520523497917906,1.5112078981474042
fog,0.06,classical,clips/0601/1494453563575744757/20.jpg,0.0925878496055732,0.16948357908061606,1.4932920457795262
fog,0.06,classical,clips/0601/1494453569573067938/20.jpg,0.05582265589844398,0.10574248541947062,0.9561249753460288
fog,0.06,classical,clips/0601/1494453575572346547/20.jpg,0.05728393652243407,0.10836055395081393,1.1847499990835786
fog,0.06,classical,clips/0601/1494453581567767982/20.jpg,0.0,nan,1.3573749456554651
fog,0.06,classical,clips/0601/1494453587565069969/20.jpg,0.0072890508677970626,0.014472610144064242,1.2482920428737998
fog,0.06,classical,clips/0601/1494453593562528307/20.jpg,0.0,nan,1.1534580262377858
fog,0.06,classical,clips/0601/1494453599561987554/20.jpg,0.003702255247034285,0.0073771982232381725,1.1934589128941298
fog,0.06,classical,clips/0601/1494453605557268031/20.jpg,0.036757775683317624,0.07090909090909091,1.138458028435707
fog,0.06,classical,clips/0601/1494453611554664747/20.jpg,0.0,nan,1.1896659852936864
fog,0.06,classical,clips/0601/1494453617553424930/20.jpg,0.10654475457170356,0.19257197529790382,1.2239170027896762
fog,0.06,classical,clips/0601/1494453623549421445/20.jpg,0.09112872052570545,0.16703569214418562,1.3778330758213997
fog,0.06,classical,clips/0601/1494453629547675743/20.jpg,0.06452545010002222,0.12122857202513937,1.180291990749538
fog,0.06,classical,clips/0601/1494453635544157546/20.jpg,0.07196481208548268,0.1342671163719951,1.3878749450668693
fog,0.06,classical,clips/0601/1494453641541664519/20.jpg,0.042487599549433826,0.08151195192690462,1.3885420048609376
fog,0.06,classical,clips/0601/1494453647538775071/20.jpg,0.13004566210045662,0.23016001293033778,1.319749979302287
fog,0.06,classical,clips/0601/1494453653536229036/20.jpg,0.14698367636621718,0.25629602128581147,1.2109579984098673
fog,0.06,classical,clips/0601/1494453661532670510/20.jpg,0.0012113503528057902,0.0024197695169535104,1.1720419861376286
fog,0.06,classical,clips/0601/1494453667532618102/20.jpg,0.10276858784607348,0.18638287121834143,1.1270419927313924
fog,0.06,classical,clips/0601/1494453673527450206/20.jpg,0.024061629241108017,0.046992541374563844,1.2122499756515026
fog,0.06,classical,clips/0601/1494453679527133712/20.jpg,0.11153821513229548,0.20069164265129683,1.1722079943865538
fog,0.06,classical,clips/0601/1494453685522315222/20.jpg,0.23907880340511836,0.38589765678842175,1.3075410388410091
fog,0.06,classical,clips/0601/1494453691519533853/20.jpg,0.07853073906932012,0.14562540727784065,1.148916082456708
fog,0.06,classical,clips/0601/1494453697518974585/20.jpg,0.10764061036743237,0.1943601730740538,1.137249986641109
fog,0.06,classical,clips/0601/1494453703514316264/20.jpg,0.13885238720981166,0.2438461538461538,1.255249953828752
fog,0.06,classical,clips/0601/1494453709513778562/20.jpg,0.07634362437063347,0.14185734488885665,1.1178329586982727
fog,0.06,classical,clips/0601/1494453715509045873/20.jpg,0.14142391690054518,0.24780261707599693,1.0997499339282513
fog,0.06,classical,clips/0601/1494453721506443914/20.jpg,0.13259146855504975,0.23413820823532913,1.1378750205039978
fog,0.06,classical,clips/0601/1494453727503739315/20.jpg,0.07091688201236467,0.1324414307095513,1.1645000195130706
fog,0.06,classical,clips/0601/1494453733501172122/20.jpg,0.08594040276436056,0.15827830430766074,0.8742921054363251
fog,0.06,classical,clips/0601/1494453739498514009/20.jpg,0.18798485694780612,0.31647685717270924,1.219834084622562
fog,0.06,classical,clips/0601/1494453745495966700/20.jpg,0.06515907505767476,0.12234618581106609,1.2461249716579914
fog,0.06,classical,clips/0601/1494453751493293308/20.jpg,0.0,nan,0.8174160029739141
fog,0.06,classical,clips/0601/1494453757490822445/20.jpg,0.06476531751160194,0.12165181650161375,1.117291976697743
fog,0.06,classical,clips/0601/1494453763488013443/20.jpg,0.011356370832699041,0.022457703654645073,1.1136250104755163
fog,0.06,classical,clips/0601/1494453769487225684/20.jpg,0.04751155162075412,0.090713179338676,1.2325410498306155
fog,0.06,classical,clips/0601/1494453775482792464/20.jpg,0.004447910348612194,0.008856428099030967,0.8478329982608557
fog,0.06,classical,clips/0601/1494453781480173619/20.jpg,0.039178090946857126,0.07540207263445986,1.179541926831007
fog,0.06,classical,clips/0601/1494453787480034236/20.jpg,0.0,nan,0.8139170240610838
fog,0.06,classical,clips/0601/1494453793475579483/20.jpg,0.0,nan,0.806917087174952
fog,0.06,classical,clips/0601/1494453799472239703/20.jpg,0.0,nan,1.1312500573694706
fog,0.06,classical,clips/0601/1494453805469700214/20.jpg,0.1257634647418101,0.22342786683107274,0.9197919862344861
fog,0.06,classical,clips/0601/1494453811467016035/20.jpg,0.14526474245696708,0.25367888676172246,1.140250009484589
fog,0.06,classical,clips/0601/1494453817464323387/20.jpg,0.0,nan,1.1582080041989684
fog,0.06,classical,clips/0601/1494453823461695785/20.jpg,0.16511032457263347,0.2834243609216947,1.1217499850317836
fog,0.06,classical,clips/0601/1494453829459036893/20.jpg,0.0417934252887143,0.08023361306418689,1.1075410293415189
fog,0.06,classical,clips/0601/1494453835456441057/20.jpg,0.12571006771719245,0.22334359676131832,1.1435000924393535
fog,0.06,classical,clips/0601/1494453841456411836/20.jpg,0.0,nan,0.9577079908922315
fog,0.06,classical,clips/0601/1494453847451852161/20.jpg,0.1104857202418178,0.1989862962267693,1.1783749796450138
fog,0.06,classical,clips/0601/1494453853451104735/20.jpg,0.0226097964063434,0.044219792311395355,1.0930419666692615
fog,0.06,classical,clips/0601/1494453859446867209/20.jpg,0.1907435079358669,0.32037715371048703,0.921166967600584
fog,0.06,classical,clips/0601/1494453865443302705/20.jpg,0.12833687929027338,0.22747972107585027,1.1187500786036253
fog,0.06,classical,clips/0601/1494453871443269121/20.jpg,0.03304500608190296,0.06397592725845488,1.0262500727549195
fog,0.06,classical,clips/0601/1494453877438073356/20.jpg,0.10383053451871364,0.18812767226807195,1.0352910030633211
fog,0.06,classical,clips/0601/1494453883436198482/20.jpg,0.17560818430803932,0.29875291215568045,1.2845000019297004
fog,0.06,classical,clips/0601/1494453889432873365/20.jpg,0.08837047957679299,0.16239043824701194,1.253166003152728
fog,0.06,classical,clips/0601/1494453895431227611/20.jpg,0.14457416597343736,0.2526252474875316,1.2629999546334147
fog,0.06,classical,clips/0601/1494453901427565927/20.jpg,0.09884783810212151,0.17991178518919754,1.0766249615699053
fog,0.06,classical,clips/0601/1494453907426815473/20.jpg,0.1635928823314823,0.2811857735047201,1.0967919370159507
fog,0.06,classical,clips/0601/1494453913422263611/20.jpg,0.19110168064396618,0.320882228191715,1.210083020851016
fog,0.06,classical,clips/0601/1494453919420314205/20.jpg,0.16715417601454008,0.28643032677194097,1.1377909686416388
fog,0.06,classical,clips/0601/1495058507652622962/20.jpg,0.1208496255550401,0.21563932002956393,1.3091249857097864
fog,0.06,classical,clips/0601/1495058515650447849/20.jpg,0.10174230145867098,0.1846934647493656,1.415582955814898
fog,0.06,classical,clips/0601/1495058521646381547/20.jpg,0.11783807412495707,0.21083209966202063,1.314666005782783
fog,0.06,classical,clips/0601/1495058527645454477/20.jpg,0.02730402754423893,0.05315666406858924,1.3144159456714988
fog,0.06,classical,clips/0601/1495058533641199011/20.jpg,0.10448702612175653,0.18920462377660938,1.583209028467536
fog,0.06,classical,clips/0601/1495058539638866627/20.jpg,0.10957799686722565,0.19751292324939274,1.406208029948175
fog,0.06,classical,clips/0601/1495058545635832279/20.jpg,0.005817767004135177,0.01156823272562307,1.0353329125791788
fog,0.06,classical,clips/0601/1495058551633359536/20.jpg,0.029620245528308147,0.05753625311264098,1.173041993752122
fog,0.06,classical,clips/0601/1495058557632067443/20.jpg,0.0,nan,1.0105830151587725
fog,0.06,classical,clips/0601/1495058563627986766/20.jpg,0.021346644010195412,0.04180097743579079,1.3601250248029828
fog,0.06,classical,clips/0601/1495058569626907953/20.jpg,0.14155878467635402,0.24800962784669509,1.3158749788999557
fog,0.06,classical,clips/0601/1495058575622734256/20.jpg,0.2539745627980922,0.4050713153724247,1.3000410981476307
fog,0.06,classical,clips/0601/1495058581620129503/20.jpg,0.021200034683083326,0.041519847166206755,1.2372920755296946
fog,0.06,classical,clips/0601/1495058587617442669/20.jpg,0.24393022001079073,0.39219277108433737,1.391374971717596
fog,0.06,classical,clips/0601/1495058593615616960/20.jpg,0.0,nan,1.6560410149395466
fog,0.06,classical,clips/0601/1495058599612448574/20.jpg,0.016264158008050172,0.03200773712206692,1.0260420385748148
fog,0.06,classical,clips/0601/1495058605609578659/20.jpg,0.06811216848314477,0.12753748247222524,1.2108749942854047
fog,0.06,classical,clips/0601/1495058611609939176/20.jpg,0.13172050133813826,0.23277920861624912,1.3647910673171282
fog,0.06,classical,clips/0601/1495058617604256196/20.jpg,0.06298110566829951,0.11849901250822908,1.3795830309391022
fog,0.06,classical,clips/0601/1495058623602404204/20.jpg,0.1458214894826606,0.2545274125527165,1.3240419793874025
fog,0.06,classical,clips/0601/1495058629599018470/20.jpg,0.14764480350540873,0.25730052199850856,1.2298750225454569
fog,0.06,classical,clips/0601/1495058635596342127/20.jpg,0.1652569941444372,0.28364042434394193,1.1613749666139483
fog,0.06,classical,clips/0601/1495058641593823148/20.jpg,0.11244547833672579,0.20215908199806573,1.4752080896869302
fog,0.06,classical,clips/0601/1495058647591446332/20.jpg,0.18671537502536895,0.3146759180083555,1.3475409941747785
fog,0.06,classical,clips/0601/1495058653588446886/20.jpg,0.20907476407702755,0.3458425736585928,1.3484170194715261
fog,0.06,classical,clips/0601/1495058659585835658/20.jpg,0.007345648400694273,0.01458416664102643,1.4057500520721078
fog,0.06,classical,clips/0601/1495058665583165347/20.jpg,0.10538811580821737,0.19068074697213772,1.3330000219866633
fog,0.06,classical,clips/0601/1495058671580580478/20.jpg,0.10637966481839138,0.1923022777824704,1.0879170149564743
fog,0.06,classical,clips/0601/1495058677578062974/20.jpg,0.06802644850386641,0.1273871983210913,1.281708013266325
fog,0.06,classical,clips/0601/1495058683578929172/20.jpg,0.06412587965525421,0.12052310893149057,1.0787080973386765
fog,0.06,classical,clips/0601/1495058689572753425/20.jpg,0.122862637077075,0.21883823189076604,1.3126659905537963
fog,0.06,classical,clips/0601/1495058695570408263/20.jpg,0.17922292642601267,0.303967845959714,1.4980420237407088
fog,0.06,classical,clips/0601/1495058701567358056/20.jpg,0.15601023017902813,0.26991150442477874,1.1596670374274254
fog,0.06,classical,clips/0601/1495058707565707879/20.jpg,0.035352410644694354,0.06829058450287681,1.3487499672919512
fog,0.06,classical,clips/0601/1495058715562283498/20.jpg,0.0,nan,1.2034170795232058
fog,0.06,classical,clips/0601/1495058721558633337/20.jpg,0.1952275506494365,0.32667846477159607,1.3220839900895953
fog,0.06,classical,clips/0601/1495058727556647955/20.jpg,0.1405414551607445,0.24644690383645368,1.213290961459279
fog,0.06,classical,clips/0601/1495058733553446687/20.jpg,0.21418812023586942,0.3528087891261216,1.470666960813105
fog,0.06,classical,clips/0601/1495058739553286402/20.jpg,0.09167715261549524,0.16795652889840276,1.3383330078795552
fog,0.06,classical,clips/0601/1495058745548122682/20.jpg,0.0387850328409665,0.0746738384069581,1.2119159800931811
fog,0.06,classical,clips/0601/1495058751545486604/20.jpg,0.0,nan,1.2335830833762884
fog,0.06,classical,clips/0601/1495058757543228003/20.jpg,0.09880059495553657,0.17983353014026093,1.249041990377009
fog,0.06,classical,clips/0601/1495058763540182973/20.jpg,0.16343623925627082,0.2809543552824998,1.1796249309554696
fog,0.06,classical,clips/0601/1495058769540492239/20.jpg,0.0484154600217009,0.09235930195210736,1.3857920421287417
fog,0.06,classical,clips/0601/1495058775535017414/20.jpg,0.1765549230444866,0.3001218550641531,1.088791061192751
fog,0.06,classical,clips/0601/1495058781534953658/20.jpg,0.0945482272207396,0.17276210379658657,0.9692920139059424
fog,0.06,classical,clips/0601/1495058787529671793/20.jpg,0.14564191359231435,0.2542538150260836,1.2612079735845327
fog,0.06,classical,clips/0601/1495058793526969174/20.jpg,0.04133131019923473,0.07938167189331306,1.1832499876618385
fog,0.06,classical,clips/0601/1495058799525818237/20.jpg,0.0,nan,1.0762909660115838
fog,0.06,classical,clips/0601/1495058805523198969/20.jpg,0.1740008594757198,0.29642373439730585,1.1674159904941916
fog,0.06,classical,clips/0601/1495058811520330339/20.jpg,0.17824248582385527,0.3025565415750967,0.9038751013576984
fog,0.06,classical,clips/0601/1495058817516570927/20.jpg,0.09211337030191004,0.16868829337094499,1.1158750858157873
fog,0.06,classical,clips/0601/1495058823515900521/20.jpg,0.04990552406357675,0.09506669489731104,1.11158296931535
fog,0.06,classical,clips/0601/1495058829511203058/20.jpg,0.07119592290301567,0.1329279198712216,1.0658750543370843
fog,0.06,classical,clips/0601/1495058835510553015/20.jpg,0.17593140153755174,0.2992205179783757,1.1520839761942625
fog,0.06,classical,clips/0601/1495058841505989452/20.jpg,0.2231316848368126,0.364853085899058,0.8681250037625432
fog,0.06,classical,clips/0601/1495058847507116852/20.jpg,0.0,nan,1.048916019499302
fog,0.06,classical,clips/0601/1495058853500724642/20.jpg,0.2775984506132989,0.43456291056088925,1.148083945736289
fog,0.06,classical,clips/0601/1495058859498417310/20.jpg,0.1763065646908859,0.2997629529292245,1.140833948738873
fog,0.06,classical,clips/0601/1495058865495399571/20.jpg,0.0,nan,1.0160000529140234
fog,0.06,classical,clips/0601/1495058871492888869/20.jpg,0.23446431188626704,0.37986405865067824,1.2119159800931811
fog,0.06,classical,clips/0601/1495058877492091924/20.jpg,0.15891771226233548,0.27425193450898344,1.1509169125929475
fog,0.06,classical,clips/0601/1495058883487530264/20.jpg,0.17602603913352538,0.2993573837246294,1.2506250059232116
fog,0.06,classical,clips/0601/1495058889484921618/20.jpg,0.25919649791710797,0.41168554446562744,1.1563750449568033
fog,0.06,classical,clips/0601/1495058895482305544/20.jpg,0.16907003535534104,0.2892385062353461,2.8785000322386622
fog,0.06,classical,clips/0601/1495058901481630657/20.jpg,0.16982219794890466,0.2903384774996758,1.398624968715012
fog,0.06,classical,clips/0601/1495058907477059235/20.jpg,0.08443856715024697,0.15572770963345525,1.2639999622479081
fog,0.06,classical,clips/0601/1495058913475711516/20.jpg,0.1355569972903866,0.23874978995126872,1.1603750754147768
fog,0.06,classical,clips/0601/1495058919475143504/20.jpg,0.17258138852809318,0.29436146644750943,1.1953749926760793
fog,0.06,classical,clips/0601/1495058925469436408/20.jpg,0.11665844838921761,0.20894204231830726,1.1799579951912165
fog,0.06,classical,clips/0601/1495058931466470327/20.jpg,0.11066311469508244,0.19927395306625179,1.1881249956786633
fog,0.06,classical,clips/0601/1495058937463794073/20.jpg,0.08370964732226162,0.15448722363799158,1.2416249373927712
fog,0.06,classical,clips/0601/1495058943463632446/20.jpg,0.1689888948966435,0.28911976090514474,1.110041979700327
fog,0.06,classical,clips/0601/1495058949458758174/20.jpg,0.0,nan,1.0797500144690275
fog,0.06,classical,clips/0601/1495485009641442407/20.jpg,0.0,nan,1.3722910080105066
fog,0.06,classical,clips/0601/1495485015638767825/20.jpg,0.0,nan,1.3158749788999557
fog,0.06,classical,clips/0601/1495485021636199888/20.jpg,0.028039801463150715,0.0545500308903279,1.4090000186115503
fog,0.06,classical,clips/0601/1495485027633718711/20.jpg,0.05874258888281835,0.11096670616566644,1.3688340550288558
fog,0.06,classical,clips/0601/1495485033630861236/20.jpg,0.1552055904395382,0.2687064393109192,1.384458038955927
fog,0.06,classical,clips/0601/1495485039628271607/20.jpg,0.06004679654021085,0.11329084100096724,1.3844589702785015
fog,0.06,classical,clips/0601/1495485045626852826/20.jpg,0.06841418316293235,0.12806678204214597,1.5192499849945307
fog,0.06,classical,clips/0601/1495485051623004273/20.jpg,0.0,nan,1.5420829877257347
fog,0.06,classical,clips/0601/1495485057620656604/20.jpg,0.08967231342795474,0.1645858343337335,1.3180420501157641
fog,0.06,classical,clips/0601/1495485063617750112/20.jpg,0.07857876669422938,0.14570798002090835,1.4154999516904354
fog,0.06,classical,clips/0601/1495485069617812641/20.jpg,0.03626596527205046,0.0699935469993547,1.30658398848027
fog,0.06,classical,clips/0601/1495485075612519689/20.jpg,0.013508152911455832,0.026656229400131837,1.3811669778078794
fog,0.06,classical,clips/0601/1495485081611855219/20.jpg,0.0,nan,1.4940840192139149
fog,0.06,classical,clips/0601/1495485087607351973/20.jpg,0.008095930914722861,0.016061826392606903,1.3747080229222775
fog,0.06,classical,clips/0601/1495485093604646206/20.jpg,0.0,nan,1.4657500432804227
fog,0.06,classical,clips/0601/1495485099601922885/20.jpg,0.0,nan,1.0677080135792494
fog,0.06,classical,clips/0601/1495485105599385453/20.jpg,0.0830440161219522,0.1533529845246868,1.4877080684527755
fog,0.06,classical,clips/0601/1495485111599411627/20.jpg,0.024852706929971023,0.048500056177671245,1.5391659690067172
fog,0.06,classical,clips/0601/1495485117594185994/20.jpg,0.08538553945491403,0.15733679204496326,1.5112919500097632
fog,0.06,classical,clips/0601/1495485123591495860/20.jpg,0.14197916666666666,0.24865456535619812,1.4386660186573863
fog,0.06,classical,clips/0601/1495485129589080069/20.jpg,0.0,nan,1.3841670006513596
fog,0.06,classical,clips/0601/1495485135586245515/20.jpg,0.026246384209630765,0.05115025906735751,1.2827080208808184
fog,0.06,classical,clips/0601/1495485141585513338/20.jpg,0.12154619357528314,0.2167475477542592,1.5879579586908221
fog,0.06,classical,clips/0601/1495485147581014946/20.jpg,0.06544727787897187,0.1228540899916894,1.4186669141054153
fog,0.06,classical,clips/0601/1495485153579251831/20.jpg,0.026295702618120753,0.05124391060206016,1.3269999762997031
fog,0.06,classical,clips/0601/1495485159575742672/20.jpg,0.04096277470473912,0.0787017090334626,1.3412500265985727
fog,0.06,classical,clips/0601/1495485165575366989/20.jpg,0.10636890635334396,0.19228469951120017,1.310999970883131
fog,0.06,classical,clips/0601/1495485171570457961/20.jpg,0.0762282921720918,0.14165822015001014,1.4634160324931145
fog,0.06,classical,clips/0601/1495485177570314287/20.jpg,0.007585393492287412,0.015056576923959697,1.52449996676296
fog,0.06,classical,clips/0601/1495485183565129358/20.jpg,0.0283245999150262,0.05508883073956755,1.361916889436543
fog,0.06,classical,clips/0601/1495485189564879401/20.jpg,0.07445557491289198,0.1385921887350777,1.5707500278949738
fog,0.06,classical,clips/0601/1495485195559966192/20.jpg,0.07454070545885555,0.1387396588703912,1.5044580213725567
fog,0.06,classical,clips/0601/1495485201558641598/20.jpg,0.03593262632563943,0.06937251595808744,1.3752919621765614
fog,0.06,classical,clips/0601/1495485207554693841/20.jpg,0.0675854584915898,0.12661367378885524,1.4874159824103117
fog,0.06,classical,clips/0601/1495485213552150385/20.jpg,0.01529320329932058,0.030125688322591798,1.7162089934572577
fog,0.06,classical,clips/0601/1495485219551850010/20.jpg,0.05364873222016079,0.10183418928833457,0.9782910346984863
fog,0.06,classical,clips/0601/1495485225546895923/20.jpg,0.09622580496142652,0.1755583649388959,1.5118750743567944
fog,0.06,classical,clips/0601/1495485231544226883/20.jpg,0.040136893814168975,0.07717617566085459,1.7129579791799188
fog,0.06,classical,clips/0601/1495485237541517645/20.jpg,0.08190545949198211,0.15140964263262247,1.4976250240579247
fog,0.06,classical,clips/0601/1495485243539258908/20.jpg,0.05311449670027723,0.10087126683129106,1.6084170201793313
fog,0.06,classical,clips/0601/1495485249536332511/20.jpg,0.012276756868522396,0.024255732012459782,1.7076249932870269
fog,0.06,classical,clips/0601/1495485255533685610/20.jpg,0.14962926947854624,0.26030873334743077,1.7267500516027212
fog,0.06,classical,clips/0601/1495485261533592244/20.jpg,0.09288141993957703,0.16997529328426547,1.8464999739080667
fog,0.06,classical,clips/0601/1495485267528430709/20.jpg,0.0,nan,1.8716249614953995
fog,0.06,classical,clips/0601/1495485273526142378/20.jpg,0.020817598187311177,0.04078612716763006,1.505166059359908
fog,0.06,classical,clips/0601/1495485279523114914/20.jpg,0.06050713295469791,0.11410980855191026,1.6415000427514315
fog,0.06,classical,clips/0601/1495485285520576618/20.jpg,0.0,nan,1.239666948094964
fog,0.06,classical,clips/0601/1495492512658106755/20.jpg,0.0,nan,1.2172500137239695
fog,0.06,classical,clips/0601/1495492518657921956/20.jpg,0.11919225874612817,0.21299693205466524,1.4210420195013285
fog,0.06,classical,clips/0601/1495492524654518667/20.jpg,0.023571604566485067,0.04605755857494383,1.0760409059002995
fog,0.06,classical,clips/0601/1495492530652417826/20.jpg,0.14420898871647225,0.2520675683176377,1.3870419934391975
fog,0.06,classical,clips/0601/1495492536647945627/20.jpg,0.03464917157789392,0.0669776239709391,1.3181660324335098
fog,0.06,classical,clips/0601/1495492542645333836/20.jpg,0.0260917438408148,0.05085655156555398,1.1991249630227685
fog,0.06,classical,clips/0601/1495492548642776463/20.jpg,0.03184491396209976,0.061724225280756564,1.5272919554263353
fog,0.06,classical,clips/0601/1495492554641955081/20.jpg,0.10322804581742451,0.1871381827334508,1.439749961718917
fog,0.06,twinlite,clips/0601/1494453497604532231/20.jpg,0.012310803175830385,0.024322180771377374,36.08537488617003
fog,0.06,twinlite,clips/0601/1494453503601902751/20.jpg,0.0,nan,28.93441601190716
fog,0.06,twinlite,clips/0601/1494453509599288720/20.jpg,0.0,nan,16.752582974731922
fog,0.06,twinlite,clips/0601/1494453515596795530/20.jpg,0.003191701575902653,0.0063630940544839925,9.456582949496806
fog,0.06,twinlite,clips/0601/1494453521596643824/20.jpg,0.0,nan,8.407666929997504
fog,0.06,twinlite,clips/0601/1494453527591367337/20.jpg,0.0,nan,8.433957933448255
fog,0.06,twinlite,clips/0601/1494453533590270210/20.jpg,0.014046461372231226,0.02770378263185935,8.105291053652763
fog,0.06,twinlite,clips/0601/1494453539586188022/20.jpg,0.0,nan,7.951500010676682
fog,0.06,twinlite,clips/0601/1494453545585907063/20.jpg,0.0,nan,8.582500042393804
fog,0.06,twinlite,clips/0601/1494453551580996478/20.jpg,0.0,nan,7.525207940489054
fog,0.06,twinlite,clips/0601/1494453557578299956/20.jpg,0.01736276682281002,0.03413289219740833,8.105291984975338
fog,0.06,twinlite,clips/0601/1494453563575744757/20.jpg,0.011057824479946238,0.021873772621529355,8.43570800498128
fog,0.06,twinlite,clips/0601/1494453569573067938/20.jpg,0.0,nan,8.320124936290085
fog,0.06,twinlite,clips/0601/1494453575572346547/20.jpg,0.0,nan,8.75454198103398
fog,0.06,twinlite,clips/0601/1494453581567767982/20.jpg,0.0,nan,7.7397089917212725
fog,0.06,twinlite,clips/0601/1494453587565069969/20.jpg,0.0,nan,7.666833000257611
fog,0.06,twinlite,clips/0601/1494453593562528307/20.jpg,0.0,nan,8.02466704044491
fog,0.06,twinlite,clips/0601/1494453599561987554/20.jpg,0.0,nan,8.476958028040826
fog,0.06,twinlite,clips/0601/1494453605557268031/20.jpg,0.0,nan,8.494167006574571
fog,0.06,twinlite,clips/0601/1494453611554664747/20.jpg,0.0,nan,7.675415952689946
fog,0.06,twinlite,clips/0601/1494453617553424930/20.jpg,0.0,nan,7.980333990417421
fog,0.06,twinlite,clips/0601/1494453623549421445/20.jpg,0.026809021614284223,0.05221812635057836,7.535458076745272
fog,0.06,twinlite,clips/0601/1494453629547675743/20.jpg,0.03082930240690017,0.05981456354590683,8.312165969982743
fog,0.06,twinlite,clips/0601/1494453635544157546/20.jpg,0.02398917625019514,0.04685435511738997,8.518749964423478
fog,0.06,twinlite,clips/0601/1494453641541664519/20.jpg,0.01681377514107944,0.03307149362477231,8.28204199206084
fog,0.06,twinlite,clips/0601/1494453647538775071/20.jpg,0.0343906510851419,0.06649451258876694,8.24412505608052
fog,0.06,twinlite,clips/0601/1494453653536229036/20.jpg,0.024735615701738663,0.048277068392513556,7.624041987583041
fog,0.06,twinlite,clips/0601/1494453661532670510/20.jpg,0.02610514460399823,0.05088200705605645,7.575833005830646
fog,0.06,twinlite,clips/0601/1494453667532618102/20.jpg,0.03210732589689479,0.062217029355922306,8.483749930746853
fog,0.06,twinlite,clips/0601/1494453673527450206/20.jpg,0.0,nan,8.199999923817813
fog,0.06,twinlite,clips/0601/1494453679527133712/20.jpg,0.019067726717909808,0.037421902819591464,7.642207900062203
fog,0.06,twinlite,clips/0601/1494453685522315222/20.jpg,0.029501406689590497,0.05731202793486924,7.752166944555938
fog,0.06,twinlite,clips/0601/1494453691519533853/20.jpg,0.013518421371211816,0.02667622232839624,8.335457998327911
fog,0.06,twinlite,clips/0601/1494453697518974585/20.jpg,0.02464051846351178,0.048095928317301355,7.632625056430697
fog,0.06,twinlite,clips/0601/1494453703514316264/20.jpg,0.0074109756549449735,0.014712914260492147,7.93266692198813
fog,0.06,twinlite,clips/0601/1494453709513778562/20.jpg,0.010395010395010396,0.0205761316872428,8.69404198601842
fog,0.06,twinlite,clips/0601/1494453715509045873/20.jpg,0.037564190691844246,0.07240841777084957,8.62408394459635
fog,0.06,twinlite,clips/0601/1494453721506443914/20.jpg,0.036625021393119975,0.0706620439161301,7.591750007122755
fog,0.06,twinlite,clips/0601/1494453727503739315/20.jpg,0.03874555160142349,0.07460065950066377,7.553833071142435
fog,0.06,twinlite,clips/0601/1494453733501172122/20.jpg,0.007808706910503318,0.015496406921193143,8.40412499383092
fog,0.06,twinlite,clips/0601/1494453739498514009/20.jpg,0.0037757297714262517,0.00752305452192202,8.215000038035214
fog,0.06,twinlite,clips/0601/1494453745495966700/20.jpg,0.008283789139912802,0.01643146350092378,8.553709019906819
fog,0.06,twinlite,clips/0601/1494453751493293308/20.jpg,0.0023516525997036276,0.004692270609031014,8.346125017851591
fog,0.06,twinlite,clips/0601/1494453757490822445/20.jpg,0.007350811123986095,0.014594341996477226,7.792333955876529
fog,0.06,twinlite,clips/0601/1494453763488013443/20.jpg,0.01290392539579267,0.02547907076330157,7.606916013173759
fog,0.06,twinlite,clips/0601/1494453769487225684/20.jpg,0.009120235772033932,0.018075617649380378,7.873959024436772
fog,0.06,twinlite,clips/0601/1494453775482792464/20.jpg,0.019341965958139914,0.03794990612391643,9.264125023037195
fog,0.06,twinlite,clips/0601/1494453781480173619/20.jpg,0.022628843655262017,0.04425622022233986,8.878791937604547
fog,0.06,twinlite,clips/0601/1494453787480034236/20.jpg,0.029838740567663845,0.057948374618760685,8.33108404185623
fog,0.06,twinlite,clips/0601/1494453793475579483/20.jpg,0.013499437523436523,0.026639260020554983,7.897165953181684
fog,0.06,twinlite,clips/0601/1494453799472239703/20.jpg,0.0003119846681820208,0.0006237747282124399,7.884792052209377
fog,0.06,twinlite,clips/0601/1494453805469700214/20.jpg,0.021785980173190705,0.042642942056218124,8.822375093586743
fog,0.06,twinlite,clips/0601/1494453811467016035/20.jpg,0.009092253104671792,0.018020657827265404,8.466458995826542
fog,0.06,twinlite,clips/0601/1494453817464323387/20.jpg,0.013296602387511479,0.02624424547794251,8.181417011655867
fog,0.06,twinlite,clips/0601/1494453823461695785/20.jpg,0.0406303769748162,0.07808800871819925,8.166374987922609
fog,0.06,twinlite,clips/0601/1494453829459036893/20.jpg,0.02128840436075322,0.041689309836192845,8.897750056348741
fog,0.06,twinlite,clips/0601/1494453835456441057/20.jpg,0.02826410723150753,0.054974411793105665,7.913584006018937
fog,0.06,twinlite,clips/0601/1494453841456411836/20.jpg,0.0,nan,8.196540991775692
fog,0.06,twinlite,clips/0601/1494453847451852161/20.jpg,0.007055805003207184,0.014012738853503187,8.90829204581678
fog,0.06,twinlite,clips/0601/1494453853451104735/20.jpg,0.003715986734326927,0.007404458598726115,9.748750017024577
fog,0.06,twinlite,clips/0601/1494453859446867209/20.jpg,0.04201954397394137,0.0806502031884964,7.5750830583274364
fog,0.06,twinlite,clips/0601/1494453865443302705/20.jpg,0.04628336929390363,0.08847195827099592,7.747332914732397
fog,0.06,twinlite,clips/0601/1494453871443269121/20.jpg,0.044527573307590204,0.08525878003696859,8.528750040568411
fog,0.06,twinlite,clips/0601/1494453877438073356/20.jpg,3.9123630672926444e-05,7.824420014866398e-05,8.798750001005828
fog,0.06,twinlite,clips/0601/1494453883436198482/20.jpg,0.010373785608430759,0.020534550195567144,8.398249978199601
fog,0.06,twinlite,clips/0601/1494453889432873365/20.jpg,0.013651759176055852,0.026935797333697026,8.650625008158386
fog,0.06,twinlite,clips/0601/1494453895431227611/20.jpg,0.05264916148860827,0.1000317359568391,8.189041982404888
fog,0.06,twinlite,clips/0601/1494453901427565927/20.jpg,0.029366094263792473,0.05705665734948311,8.680209051817656
fog,0.06,twinlite,clips/0601/1494453907426815473/20.jpg,0.04688466454991547,0.08956987553174728,8.591624908149242
fog,0.06,twinlite,clips/0601/1494453913422263611/20.jpg,0.047456044810953786,0.09061200237670824,7.703374954871833
fog,0.06,twinlite,clips/0601/1494453919420314205/20.jpg,0.05799531981279251,0.10963246949533675,9.208208066411316
fog,0.06,twinlite,clips/0601/1495058507652622962/20.jpg,0.0,nan,9.457333013415337
fog,0.06,twinlite,clips/0601/1495058515650447849/20.jpg,0.0,nan,8.779499912634492
fog,0.06,twinlite,clips/0601/1495058521646381547/20.jpg,0.0012611930886618741,0.0025192089683839275,8.984375046566129
fog,0.06,twinlite,clips/0601/1495058527645454477/20.jpg,0.0,nan,7.832709001377225
fog,0.06,twinlite,clips/0601/1495058533641199011/20.jpg,0.012747597568150618,0.025174283501161892,7.592584006488323
fog,0.06,twinlite,clips/0601/1495058539638866627/20.jpg,0.005962495900784068,0.01185431052366417,7.520208018831909
fog,0.06,twinlite,clips/0601/1495058545635832279/20.jpg,0.0,nan,8.583791088312864
fog,0.06,twinlite,clips/0601/1495058551633359536/20.jpg,0.0,nan,7.73341697640717
fog,0.06,twinlite,clips/0601/1495058557632067443/20.jpg,0.0,nan,7.650292012840509
fog,0.06,twinlite,clips/0601/1495058563627986766/20.jpg,0.0,nan,7.8636250691488385
fog,0.06,twinlite,clips/0601/1495058569626907953/20.jpg,0.0,nan,7.950333063490689
fog,0.06,twinlite,clips/0601/1495058575622734256/20.jpg,0.0,nan,8.277290966361761
fog,0.06,twinlite,clips/0601/1495058581620129503/20.jpg,0.029958514108370016,0.0581742151708022,9.080291958525777
fog,0.06,twinlite,clips/0601/1495058587617442669/20.jpg,0.0,nan,8.294499944895506
fog,0.06,twinlite,clips/0601/1495058593615616960/20.jpg,0.0,nan,8.387000067159534
fog,0.06,twinlite,clips/0601/1495058599612448574/20.jpg,0.0,nan,8.014165912754834
fog,0.06,twinlite,clips/0601/1495058605609578659/20.jpg,0.0,nan,8.5444999858737
fog,0.06,twinlite,clips/0601/1495058611609939176/20.jpg,0.0,nan,7.892875000834465
fog,0.06,twinlite,clips/0601/1495058617604256196/20.jpg,0.025068279360124852,0.04891045770292131,7.532958989031613
fog,0.06,twinlite,clips/0601/1495058623602404204/20.jpg,0.03393104606727418,0.06563502700946347,8.205791004002094
fog,0.06,twinlite,clips/0601/1495058629599018470/20.jpg,0.022855208024717483,0.044689038771879006,7.781666936352849
fog,0.06,twinlite,clips/0601/1495058635596342127/20.jpg,0.03461124769514444,0.06690676864812682,8.582708076573908
fog,0.06,twinlite,clips/0601/1495058641593823148/20.jpg,0.00029320599815699087,0.000586240107198191,7.903333054855466
fog,0.06,twinlite,clips/0601/1495058647591446332/20.jpg,0.0,nan,7.747584022581577
fog,0.06,twinlite,clips/0601/1495058653588446886/20.jpg,0.009020460043462216,0.0178796375309846,8.3137919427827
fog,0.06,twinlite,clips/0601/1495058659585835658/20.jpg,0.0,nan,8.294290979392827
fog,0.06,twinlite,clips/0601/1495058665583165347/20.jpg,0.0,nan,8.392957970499992
fog,0.06,twinlite,clips/0601/1495058671580580478/20.jpg,0.002672955974842767,0.005331660655480633,7.886707899160683
fog,0.06,twinlite,clips/0601/1495058677578062974/20.jpg,0.0,nan,7.8483750112354755
fog,0.06,twinlite,clips/0601/1495058683578929172/20.jpg,0.009394712119178633,0.018614545938040152,8.576291962526739
fog,0.06,twinlite,clips/0601/1495058689572753425/20.jpg,0.0,nan,7.549625006504357
fog,0.06,twinlite,clips/0601/1495058695570408263/20.jpg,0.0,nan,8.339708088897169
fog,0.06,twinlite,clips/0601/1495058701567358056/20.jpg,0.0,nan,8.090540999546647
fog,0.06,twinlite,clips/0601/1495058707565707879/20.jpg,0.0,nan,7.986832992173731
fog,0.06,twinlite,clips/0601/1495058715562283498/20.jpg,0.0,nan,8.472000015899539
fog,0.06,twinlite,clips/0601/1495058721558633337/20.jpg,0.009021758358393773,0.017882187938288923,7.7838749857619405
fog,0.06,twinlite,clips/0601/1495058727556647955/20.jpg,0.0,nan,9.001458995044231
fog,0.06,twinlite,clips/0601/1495058733553446687/20.jpg,0.0015767493394698714,0.003148534229672808,10.407375055365264
fog,0.06,twinlite,clips/0601/1495058739553286402/20.jpg,0.002479720926322868,0.004947174241153781,7.8663749154657125
fog,0.06,twinlite,clips/0601/1495058745548122682/20.jpg,0.011711711711711712,0.02315227070347284,9.188124909996986
fog,0.06,twinlite,clips/0601/1495058751545486604/20.jpg,0.005529697259020567,0.010998575724006962,7.916291011497378
fog,0.06,twinlite,clips/0601/1495058757543228003/20.jpg,0.03457303137336381,0.06683536169016348,8.449000073596835
fog,0.06,twinlite,clips/0601/1495058763540182973/20.jpg,0.023923663425101584,0.04672938868328354,8.874124963767827
fog,0.06,twinlite,clips/0601/1495058769540492239/20.jpg,0.0002909514111143439,0.0005817335660267598,7.952457992359996
fog,0.06,twinlite,clips/0601/1495058775535017414/20.jpg,0.0024066354377068203,0.004801714898177921,7.867207983508706
fog,0.06,twinlite,clips/0601/1495058781534953658/20.jpg,0.004504778717964327,0.008969153384643354,7.83299992326647
fog,0.06,twinlite,clips/0601/1495058787529671793/20.jpg,0.05578505676088866,0.10567502618768869,8.871500031091273
fog,0.06,twinlite,clips/0601/1495058793526969174/20.jpg,0.043822343848230465,0.0839651385247644,8.52895900607109
fog,0.06,twinlite,clips/0601/1495058799525818237/20.jpg,0.003444126312295116,0.0068646100405260115,8.47233401145786
fog,0.06,twinlite,clips/0601/1495058805523198969/20.jpg,0.020084112951677967,0.03937736642827093,8.46683292184025
fog,0.06,twinlite,clips/0601/1495058811520330339/20.jpg,0.033287204996820884,0.06442972454482934,7.920583011582494
fog,0.06,twinlite,clips/0601/1495058817516570927/20.jpg,0.011953328981723238,0.023624269300544246,8.838542038574815
fog,0.06,twinlite,clips/0601/1495058823515900521/20.jpg,0.0171365620792362,0.03369569577600385,8.50150000769645
fog,0.06,twinlite,clips/0601/1495058829511203058/20.jpg,0.04348722176422094,0.08334979261307525,7.7299169497564435
fog,0.06,twinlite,clips/0601/1495058835510553015/20.jpg,0.03895112016293279,0.07498162215143347,8.181917015463114
fog,0.06,twinlite,clips/0601/1495058841505989452/20.jpg,0.03610995576057776,0.06970294139113933,7.933416985906661
fog,0.06,twinlite,clips/0601/1495058847507116852/20.jpg,0.0,nan,7.742166984826326
fog,0.06,twinlite,clips/0601/1495058853500724642/20.jpg,0.09000199560965876,0.165140974002197,8.627042057923973
fog,0.06,twinlite,clips/0601/1495058859498417310/20.jpg,0.04859169199594732,0.09267991033469893,8.268874953500926
fog,0.06,twinlite,clips/0601/1495058865495399571/20.jpg,0.027907782977985785,0.05430016863406408,8.22845904622227
fog,0.06,twinlite,clips/0601/1495058871492888869/20.jpg,0.06649399176255785,0.12469642075088587,8.043042034842074
fog,0.06,twinlite,clips/0601/1495058877492091924/20.jpg,0.05195764590002462,0.09878277153558053,8.8631670223549
fog,0.06,twinlite,clips/0601/1495058883487530264/20.jpg,0.03264761904761905,0.06323089976758771,8.587333024479449
fog,0.06,twinlite,clips/0601/1495058889484921618/20.jpg,0.07698328832531016,0.14296097100079946,7.925999932922423
fog,0.06,twinlite,clips/0601/1495058895482305544/20.jpg,0.05347134148836068,0.10151456310679612,7.67062499653548
fog,0.06,twinlite,clips/0601/1495058901481630657/20.jpg,0.06477732793522267,0.12167300380228138,7.579541997984052
fog,0.06,twinlite,clips/0601/1495058907477059235/20.jpg,0.033310498373009076,0.06447335708958317,9.127500001341105
fog,0.06,twinlite,clips/0601/1495058913475711516/20.jpg,0.04328370030096626,0.0829758967546024,8.06354102678597
fog,0.06,twinlite,clips/0601/1495058919475143504/20.jpg,0.039707683859248936,0.07638239954495592,7.957374909892678
fog,0.06,twinlite,clips/0601/1495058925469436408/20.jpg,0.05299508566874751,0.10065590312815337,7.574374903924763
fog,0.06,twinlite,clips/0601/1495058931466470327/20.jpg,0.04947090957710968,0.09427781013395457,7.9337089555338025
fog,0.06,twinlite,clips/0601/1495058937463794073/20.jpg,0.004164664424155053,0.008294783857074493,8.296875050291419
fog,0.06,twinlite,clips/0601/1495058943463632446/20.jpg,0.0513050153531218,0.0976025313374711,8.306874893605709
fog,0.06,twinlite,clips/0601/1495058949458758174/20.jpg,0.0,nan,8.265832904726267
fog,0.06,twinlite,clips/0601/1495485009641442407/20.jpg,0.0,nan,8.024416049011052
fog,0.06,twinlite,clips/0601/1495485015638767825/20.jpg,0.0,nan,7.6991659589111805
fog,0.06,twinlite,clips/0601/1495485021636199888/20.jpg,0.0,nan,7.839708006940782
fog,0.06,twinlite,clips/0601/1495485027633718711/20.jpg,0.0027444425039295428,0.005473862307481775,7.689791033044457
fog,0.06,twinlite,clips/0601/1495485033630861236/20.jpg,0.002541538266035518,0.005070190449028743,8.286125026643276
fog,0.06,twinlite,clips/0601/1495485039628271607/20.jpg,0.0,nan,8.853874984197319
fog,0.06,twinlite,clips/0601/1495485045626852826/20.jpg,0.014462062909973658,0.028511786568911967,7.820834056474268
fog,0.06,twinlite,clips/0601/1495485051623004273/20.jpg,0.0,nan,7.885957951657474
fog,0.06,twinlite,clips/0601/1495485057620656604/20.jpg,0.0,nan,7.815625052899122
fog,0.06,twinlite,clips/0601/1495485063617750112/20.jpg,0.0,nan,9.948875056579709
fog,0.06,twinlite,clips/0601/1495485069617812641/20.jpg,0.0,nan,9.405750082805753
fog,0.06,twinlite,clips/0601/1495485075612519689/20.jpg,0.009226644235318857,0.018284583127132548,9.51200001873076
fog,0.06,twinlite,clips/0601/1495485081611855219/20.jpg,0.0,nan,9.32054198347032
fog,0.06,twinlite,clips/0601/1495485087607351973/20.jpg,0.0,nan,9.785415953956544
fog,0.06,twinlite,clips/0601/1495485093604646206/20.jpg,0.0,nan,9.371708030812442
fog,0.06,twinlite,clips/0601/1495485099601922885/20.jpg,0.0,nan,9.048333042301238
fog,0.06,twinlite,clips/0601/1495485105599385453/20.jpg,0.007630298113972825,0.015145035095222522,9.049125015735626
fog,0.06,twinlite,clips/0601/1495485111599411627/20.jpg,0.0,nan,8.781208074651659
fog,0.06,twinlite,clips/0601/1495485117594185994/20.jpg,0.0,nan,8.005082956515253
fog,0.06,twinlite,clips/0601/1495485123591495860/20.jpg,0.0,nan,7.594333961606026
fog,0.06,twinlite,clips/0601/1495485129589080069/20.jpg,0.0,nan,8.878958062268794
fog,0.06,twinlite,clips/0601/1495485135586245515/20.jpg,0.0,nan,8.256499888375401
fog,0.06,twinlite,clips/0601/1495485141585513338/20.jpg,0.0,nan,8.072249940596521
fog,0.06,twinlite,clips/0601/1495485147581014946/20.jpg,0.0,nan,8.054459001868963
fog,0.06,twinlite,clips/0601/1495485153579251831/20.jpg,0.0,nan,7.635083049535751
fog,0.06,twinlite,clips/0601/1495485159575742672/20.jpg,0.0,nan,8.014624938368797
fog,0.06,twinlite,clips/0601/1495485165575366989/20.jpg,0.0,nan,8.239083108492196
fog,0.06,twinlite,clips/0601/1495485171570457961/20.jpg,0.0,nan,8.198290946893394
fog,0.06,twinlite,clips/0601/1495485177570314287/20.jpg,0.0,nan,7.725375005975366
fog,0.06,twinlite,clips/0601/1495485183565129358/20.jpg,0.0,nan,8.004624978639185
fog,0.06,twinlite,clips/0601/1495485189564879401/20.jpg,0.0,nan,7.959417067468166
fog,0.06,twinlite,clips/0601/1495485195559966192/20.jpg,0.0,nan,8.01404204685241
fog,0.06,twinlite,clips/0601/1495485201558641598/20.jpg,0.003585495042781475,0.007145370395431294,8.570500067435205
fog,0.06,twinlite,clips/0601/1495485207554693841/20.jpg,0.0,nan,8.28800001181662
fog,0.06,twinlite,clips/0601/1495485213552150385/20.jpg,0.0,nan,8.478624979034066
fog,0.06,twinlite,clips/0601/1495485219551850010/20.jpg,0.0,nan,8.030125056393445
fog,0.06,twinlite,clips/0601/1495485225546895923/20.jpg,0.0,nan,8.158750017173588
fog,0.06,twinlite,clips/0601/1495485231544226883/20.jpg,0.0,nan,8.677624980919063
fog,0.06,twinlite,clips/0601/1495485237541517645/20.jpg,0.0,nan,8.726083906367421
fog,0.06,twinlite,clips/0601/1495485243539258908/20.jpg,0.0,nan,8.324792026542127
fog,0.06,twinlite,clips/0601/1495485249536332511/20.jpg,0.0,nan,8.99945804849267
fog,0.06,twinlite,clips/0601/1495485255533685610/20.jpg,0.0,nan,8.803625009022653
fog,0.06,twinlite,clips/0601/1495485261533592244/20.jpg,7.677543186180422e-05,0.0001535390756947643,8.861250011250377
fog,0.06,twinlite,clips/0601/1495485267528430709/20.jpg,0.0,nan,9.215917089022696
fog,0.06,twinlite,clips/0601/1495485273526142378/20.jpg,0.0,nan,9.241458028554916
fog,0.06,twinlite,clips/0601/1495485279523114914/20.jpg,0.0,nan,9.083707933314145
fog,0.06,twinlite,clips/0601/1495485285520576618/20.jpg,0.0,nan,9.004541905596852
fog,0.06,twinlite,clips/0601/1495492512658106755/20.jpg,0.0,nan,8.880625013262033
fog,0.06,twinlite,clips/0601/1495492518657921956/20.jpg,0.0,nan,8.16920807119459
fog,0.06,twinlite,clips/0601/1495492524654518667/20.jpg,0.0,nan,8.232416003011167
fog,0.06,twinlite,clips/0601/1495492530652417826/20.jpg,0.001064991807755325,0.002127717613682861,8.351124939508736
fog,0.06,twinlite,clips/0601/1495492536647945627/20.jpg,0.0,nan,8.851208025589585
fog,0.06,twinlite,clips/0601/1495492542645333836/20.jpg,0.0,nan,8.596083032898605
fog,0.06,twinlite,clips/0601/1495492548642776463/20.jpg,0.0,nan,8.309958968311548
fog,0.06,twinlite,clips/0601/1495492554641955081/20.jpg,0.0,nan,7.842750055715442
fog,0.08,classical,clips/0601/1494453497604532231/20.jpg,0.13090179106812316,0.2314998386278759,1.3857498997822404
fog,0.08,classical,clips/0601/1494453503601902751/20.jpg,0.04066169970955929,0.07814585608542653,1.1961249401792884
fog,0.08,classical,clips/0601/1494453509599288720/20.jpg,0.013962998055153842,0.027541435105493534,1.2144999345764518
fog,0.08,classical,clips/0601/1494453515596795530/20.jpg,0.09273969625998986,0.16973794688231914,1.2236670590937138
fog,0.08,classical,clips/0601/1494453521596643824/20.jpg,0.0,nan,1.214000047184527
fog,0.08,classical,clips/0601/1494453527591367337/20.jpg,0.0,nan,1.3299999991431832
fog,0.08,classical,clips/0601/1494453533590270210/20.jpg,0.12569030262867242,0.22331240188383045,1.2795840157195926
fog,0.08,classical,clips/0601/1494453539586188022/20.jpg,0.0,nan,1.229583052918315
fog,0.08,classical,clips/0601/1494453545585907063/20.jpg,0.025488865044780696,0.04971066174115436,1.1622910387814045
fog,0.08,classical,clips/0601/1494453551580996478/20.jpg,0.09264949760998926,0.16958685802290024,1.1670830426737666
fog,0.08,classical,clips/0601/1494453557578299956/20.jpg,0.0009178863805507318,0.0018340892755347364,1.2842919677495956
fog,0.08,classical,clips/0601/1494453563575744757/20.jpg,0.08691903952939983,0.15993654792731005,1.3532910961657763
fog,0.08,classical,clips/0601/1494453569573067938/20.jpg,0.0747394653375623,0.13908387613566897,1.47220806684345
fog,0.08,classical,clips/0601/1494453575572346547/20.jpg,0.03312166055892802,0.06411957434133926,1.1747500393539667
fog,0.08,classical,clips/0601/1494453581567767982/20.jpg,0.0,nan,1.1815419420599937
fog,0.08,classical,clips/0601/1494453587565069969/20.jpg,0.007490054008401307,0.014868740348555043,1.234999974258244
fog,0.08,classical,clips/0601/1494453593562528307/20.jpg,7.763975155279503e-05,0.00015526744817948916,1.15387502592057
fog,0.08,classical,clips/0601/1494453599561987554/20.jpg,0.0,nan,1.2575829168781638
fog,0.08,classical,clips/0601/1494453605557268031/20.jpg,0.05921728663280585,0.11181329341981262,1.2023750459775329
fog,0.08,classical,clips/0601/1494453611554664747/20.jpg,0.0,nan,1.2440839782357216
fog,0.08,classical,clips/0601/1494453617553424930/20.jpg,0.10174963796500724,0.1847055528022582,1.2119159800931811
fog,0.08,classical,clips/0601/1494453623549421445/20.jpg,0.04397836128035082,0.08425148051232613,1.3781670713797212
fog,0.08,classical,clips/0601/1494453629547675743/20.jpg,0.08127248713394361,0.15032748562643472,1.2984999921172857
fog,0.08,classical,clips/0601/1494453635544157546/20.jpg,0.08232265844213064,0.15212221198551626,1.300874981097877
fog,0.08,classical,clips/0601/1494453641541664519/20.jpg,0.04116010273972603,0.07906584709002323,1.3494580052793026
fog,0.08,classical,clips/0601/1494453647538775071/20.jpg,0.11439349970980847,0.2053018071975418,1.1970000341534615
fog,0.08,classical,clips/0601/1494453653536229036/20.jpg,0.003792942639515001,0.00755722117260817,1.2005410389974713
fog,0.08,classical,clips/0601/1494453661532670510/20.jpg,0.0,nan,0.8557910332456231
fog,0.08,classical,clips/0601/1494453667532618102/20.jpg,0.09028902132350408,0.16562401263823065,1.206708955578506
fog,0.08,classical,clips/0601/1494453673527450206/20.jpg,0.032368873034746996,0.06270796007166624,1.1525829322636127
fog,0.08,classical,clips/0601/1494453679527133712/20.jpg,0.0,nan,1.2041670270264149
fog,0.08,classical,clips/0601/1494453685522315222/20.jpg,0.28769311096778155,0.44683489958498307,0.9270840091630816
fog,0.08,classical,clips/0601/1494453691519533853/20.jpg,0.02651195499296765,0.05165444954442694,1.1541669955477118
fog,0.08,classical,clips/0601/1494453697518974585/20.jpg,0.07027737610095965,0.1313255379777931,1.2268749997019768
fog,0.08,classical,clips/0601/1494453703514316264/20.jpg,0.04413526827319931,0.08453936882371692,1.1606250191107392
fog,0.08,classical,clips/0601/1494453709513778562/20.jpg,0.049809741248097415,0.09489289209467541,1.2962500331923366
fog,0.08,classical,clips/0601/1494453715509045873/20.jpg,0.08159468923256492,0.1508784945873942,1.1764579685404897
fog,0.08,classical,clips/0601/1494453721506443914/20.jpg,0.09822419533851276,0.17887822132390097,1.156916026957333
fog,0.08,classical,clips/0601/1494453727503739315/20.jpg,0.08687985894045043,0.1598702160607625,1.134374993853271
fog,0.08,classical,clips/0601/1494453733501172122/20.jpg,0.08195811440834752,0.15149960671659657,1.1389580322429538
fog,0.08,classical,clips/0601/1494453739498514009/20.jpg,0.002654050311562428,0.005294049948210381,1.0909580159932375
fog,0.08,classical,clips/0601/1494453745495966700/20.jpg,0.05377263878237272,0.10205738278516444,1.1898339726030827
fog,0.08,classical,clips/0601/1494453751493293308/20.jpg,0.0,nan,1.0582919931039214
fog,0.08,classical,clips/0601/1494453757490822445/20.jpg,0.06948893745696237,0.1299479312468507,1.1109589831903577
fog,0.08,classical,clips/0601/1494453763488013443/20.jpg,0.010596473984888506,0.0209707321520834,1.1475409846752882
fog,0.08,classical,clips/0601/1494453769487225684/20.jpg,0.05679794886404102,0.10749064932439262,1.138417050242424
fog,0.08,classical,clips/0601/1494453775482792464/20.jpg,0.0,nan,0.8095829980447888
fog,0.08,classical,clips/0601/1494453781480173619/20.jpg,0.03820052888138401,0.07358988522678452,0.8714169962331653
fog,0.08,classical,clips/0601/1494453787480034236/20.jpg,0.0,nan,1.1463750852271914
fog,0.08,classical,clips/0601/1494453793475579483/20.jpg,0.0,nan,1.1167500633746386
fog,0.08,classical,clips/0601/1494453799472239703/20.jpg,0.0,nan,0.8927909657359123
fog,0.08,classical,clips/0601/1494453805469700214/20.jpg,0.045723432389171134,0.08744842273392786,0.9128330275416374
fog,0.08,classical,clips/0601/1494453811467016035/20.jpg,0.08902259332023575,0.16349081068891644,1.1202499736100435
fog,0.08,classical,clips/0601/1494453817464323387/20.jpg,0.0,nan,1.1381660588085651
fog,0.08,classical,clips/0601/1494453823461695785/20.jpg,0.15566760037348273,0.269398571567075,1.1522499844431877
fog,0.08,classical,clips/0601/1494453829459036893/20.jpg,0.09179715558109466,0.16815789473684212,1.190457958728075
fog,0.08,classical,clips/0601/1494453835456441057/20.jpg,0.1318089463669494,0.23291730780190345,1.2076669372618198
fog,0.08,classical,clips/0601/1494453841456411836/20.jpg,0.0,nan,0.9175000013783574
fog,0.08,classical,clips/0601/1494453847451852161/20.jpg,0.05669421487603306,0.10730486469576098,1.209583948366344
fog,0.08,classical,clips/0601/1494453853451104735/20.jpg,0.11203821864467786,0.20150066205678974,1.0856249136850238
fog,0.08,classical,clips/0601/1494453859446867209/20.jpg,0.14306420652642302,0.25031700880770413,1.2255830224603415
fog,0.08,classical,clips/0601/1494453865443302705/20.jpg,0.06772180794399635,0.12685290763968074,0.8884579874575138
fog,0.08,classical,clips/0601/1494453871443269121/20.jpg,0.07673827020915772,0.14253839086494288,1.1937079252675176
fog,0.08,classical,clips/0601/1494453877438073356/20.jpg,0.0625285739405662,0.11769767980670572,1.158874947577715
fog,0.08,classical,clips/0601/1494453883436198482/20.jpg,0.14495765370138017,0.2532105064895038,1.1816660407930613
fog,0.08,classical,clips/0601/1494453889432873365/20.jpg,0.078032449137265,0.1447682752030578,1.2337920488789678
fog,0.08,classical,clips/0601/1494453895431227611/20.jpg,0.17432066967160334,0.29688768012633515,1.2610000558197498
fog,0.08,classical,clips/0601/1494453901427565927/20.jpg,0.0815942453264188,0.15087773567396176,1.1437920620664954
fog,0.08,classical,clips/0601/1494453907426815473/20.jpg,0.15816635084465588,0.2731323539650491,1.0702910367399454
fog,0.08,classical,clips/0601/1494453913422263611/20.jpg,0.15033770669979038,0.26138012485237055,0.9271251037716866
fog,0.08,classical,clips/0601/1494453919420314205/20.jpg,0.2531920168588075,0.4040753746476087,1.0948750423267484
fog,0.08,classical,clips/0601/1495058507652622962/20.jpg,0.08775877587758776,0.16135705419942076,1.343625015579164
fog,0.08,classical,clips/0601/1495058515650447849/20.jpg,0.1447597709733632,0.2529085571381972,1.4275000430643559
fog,0.08,classical,clips/0601/1495058521646381547/20.jpg,0.08954178718221951,0.1643659531660426,1.4641660964116454
fog,0.08,classical,clips/0601/1495058527645454477/20.jpg,0.023805090831715295,0.04650316948976411,1.2305419659242034
fog,0.08,classical,clips/0601/1495058533641199011/20.jpg,0.0624486066697122,0.11755600464376316,1.4556250534951687
fog,0.08,classical,clips/0601/1495058539638866627/20.jpg,0.0009165902841429881,0.0018315018315018315,1.3902910286560655
fog,0.08,classical,clips/0601/1495058545635832279/20.jpg,0.007302417847799212,0.014498958244141907,1.2289999285712838
fog,0.08,classical,clips/0601/1495058551633359536/20.jpg,0.0679000751314801,0.12716559669334274,1.3554580509662628
fog,0.08,classical,clips/0601/1495058557632067443/20.jpg,0.0,nan,1.1350420536473393
fog,0.08,classical,clips/0601/1495058563627986766/20.jpg,0.04553476110590644,0.08710329450499073,1.324458047747612
fog,0.08,classical,clips/0601/1495058569626907953/20.jpg,0.0,nan,1.3139999937266111
fog,0.08,classical,clips/0601/1495058575622734256/20.jpg,0.20357961558807972,0.33829023514760825,1.2456249678507447
fog,0.08,classical,clips/0601/1495058581620129503/20.jpg,0.003707023962396724,0.007386665379230435,1.408749958500266
fog,0.08,classical,clips/0601/1495058587617442669/20.jpg,0.11628801325286948,0.20834768782297597,4.952540970407426
fog,0.08,classical,clips/0601/1495058593615616960/20.jpg,0.00013091289928434283,0.00026179152668091973,12.470707995817065
fog,0.08,classical,clips/0601/1495058599612448574/20.jpg,0.01140197789412449,0.022546876797423215,1.8012920627370477
fog,0.08,classical,clips/0601/1495058605609578659/20.jpg,0.0030005037342035524,0.0059830552886715,1.2094159610569477
fog,0.08,classical,clips/0601/1495058611609939176/20.jpg,0.059880239520958084,0.11299435028248586,1.2651659781113267
fog,0.08,classical,clips/0601/1495058617604256196/20.jpg,0.04210365153486948,0.0808051127598619,1.3253330253064632
fog,0.08,classical,clips/0601/1495058623602404204/20.jpg,0.1323224878031659,0.2337187315954248,1.263290992937982
fog,0.08,classical,clips/0601/1495058629599018470/20.jpg,0.13711290709770346,0.2411597058513071,0.8554999949410558
fog,0.08,classical,clips/0601/1495058635596342127/20.jpg,0.2312815958464271,0.375676200515993,1.04674999602139
fog,0.08,classical,clips/0601/1495058641593823148/20.jpg,0.0844147582697201,0.15568721769226257,1.3979169307276607
fog,0.08,classical,clips/0601/1495058647591446332/20.jpg,0.1876070236540415,0.31594124978616295,1.3610409805551171
fog,0.08,classical,clips/0601/1495058653588446886/20.jpg,0.18148275862068966,0.3072118611913726,1.310375053435564
fog,0.08,classical,clips/0601/1495058659585835658/20.jpg,0.013442946863312398,0.026529262263691122,1.0604170383885503
fog,0.08,classical,clips/0601/1495058665583165347/20.jpg,0.21054026300970552,0.3478451224517718,1.2847919715568423
fog,0.08,classical,clips/0601/1495058671580580478/20.jpg,0.14201602265049387,0.24871108606846035,0.9638749761506915
fog,0.08,classical,clips/0601/1495058677578062974/20.jpg,0.06675128798626148,0.1251487366137048,1.1775000020861626
fog,0.08,classical,clips/0601/1495058683578929172/20.jpg,0.21681483054704329,0.3563645430744296,1.3119579525664449
fog,0.08,classical,clips/0601/1495058689572753425/20.jpg,0.0328983983674479,0.0637011315332575,1.3394160196185112
fog,0.08,classical,clips/0601/1495058695570408263/20.jpg,0.08946337440074231,0.16423383567153232,1.4410000294446945
fog,0.08,classical,clips/0601/1495058701567358056/20.jpg,0.1340138421683486,0.23635309761669335,1.1225410271435976
fog,0.08,classical,clips/0601/1495058707565707879/20.jpg,0.09126655075565067,0.1672672010196828,1.3298330595716834
fog,0.08,classical,clips/0601/1495058715562283498/20.jpg,0.0,nan,0.9368339087814093
fog,0.08,classical,clips/0601/1495058721558633337/20.jpg,0.1181898364882285,0.21139493962744976,1.3542920351028442
fog,0.08,classical,clips/0601/1495058727556647955/20.jpg,0.13818306010928963,0.2428134189521695,1.4192919479683042
fog,0.08,classical,clips/0601/1495058733553446687/20.jpg,0.14522821576763487,0.25362318840579706,1.4366250252351165
fog,0.08,classical,clips/0601/1495058739553286402/20.jpg,0.07633273078996607,0.14183853859752504,1.2778749223798513
fog,0.08,classical,clips/0601/1495058745548122682/20.jpg,0.009452908587257617,0.018728775769217575,1.6275830566883087
fog,0.08,classical,clips/0601/1495058751545486604/20.jpg,0.015236212420751244,0.030015108275977843,1.1726670200005174
fog,0.08,classical,clips/0601/1495058757543228003/20.jpg,0.048965169106511865,0.0933589990375361,2.070041955448687
fog,0.08,classical,clips/0601/1495058763540182973/20.jpg,0.06985947342917138,0.13059560655242697,1.18245801422745
fog,0.08,classical,clips/0601/1495058769540492239/20.jpg,0.0021510773312300576,0.0042929202590061884,1.2155830627307296
fog,0.08,classical,clips/0601/1495058775535017414/20.jpg,0.000789152736925174,0.0015770609318996416,1.2084579793736339
fog,0.08,classical,clips/0601/1495058781534953658/20.jpg,0.07235045560378281,0.13493807966546936,1.2564579956233501
fog,0.08,classical,clips/0601/1495058787529671793/20.jpg,0.2280254021010149,0.37136919433570154,1.2352080084383488
fog,0.08,classical,clips/0601/1495058793526969174/20.jpg,0.0601546738399462,0.11348282533540549,1.2267499696463346
fog,0.08,classical,clips/0601/1495058799525818237/20.jpg,0.0,nan,1.0835420107468963
fog,0.08,classical,clips/0601/1495058805523198969/20.jpg,0.13815378203792456,0.24276821677041374,1.179667073301971
fog,0.08,classical,clips/0601/1495058811520330339/20.jpg,0.070859167404783,0.13234077750206782,1.0070829885080457
fog,0.08,classical,clips/0601/1495058817516570927/20.jpg,0.08045101325613287,0.14892116767733746,1.197582925669849
fog,0.08,classical,clips/0601/1495058823515900521/20.jpg,0.06091579617357445,0.11483625070581592,1.1097920360043645
fog,0.08,classical,clips/0601/1495058829511203058/20.jpg,0.11909149174811728,0.21283602391094247,1.2382499407976866
fog,0.08,classical,clips/0601/1495058835510553015/20.jpg,0.16341891778874298,0.2809287614118323,1.2178749311715364
fog,0.08,classical,clips/0601/1495058841505989452/20.jpg,0.24339563537642267,0.3915015115888479,1.2239590287208557
fog,0.08,classical,clips/0601/1495058847507116852/20.jpg,0.0,nan,1.0869590332731605
fog,0.08,classical,clips/0601/1495058853500724642/20.jpg,0.2927457381211462,0.4529053618024185,1.318124937824905
fog,0.08,classical,clips/0601/1495058859498417310/20.jpg,0.11662708733838441,0.2088917395267191,1.1117910034954548
fog,0.08,classical,clips/0601/1495058865495399571/20.jpg,0.0,nan,0.90487499255687
fog,0.08,classical,clips/0601/1495058871492888869/20.jpg,0.05489478499542543,0.10407632263660017,1.1871249880641699
fog,0.08,classical,clips/0601/1495058877492091924/20.jpg,0.14747582833339704,0.257043895290748,1.1760829947888851
fog,0.08,classical,clips/0601/1495058883487530264/20.jpg,0.1816267438799684,0.3074181332145244,1.22637499589473
fog,0.08,classical,clips/0601/1495058889484921618/20.jpg,0.30190542369162127,0.46379010056744757,1.3274999801069498
fog,0.08,classical,clips/0601/1495058895482305544/20.jpg,0.16829520177947252,0.2881038996362153,1.163374981842935
fog,0.08,classical,clips/0601/1495058901481630657/20.jpg,0.1981796202801678,0.33080118694362015,1.1251249816268682
fog,0.08,classical,clips/0601/1495058907477059235/20.jpg,0.14414747300570677,0.2519735897803933,1.332125044427812
fog,0.08,classical,clips/0601/1495058913475711516/20.jpg,0.08851919561243145,0.16264149675859058,1.1609999928623438
fog,0.08,classical,clips/0601/1495058919475143504/20.jpg,0.15843672456575683,0.27353539680839667,1.1875840136781335
fog,0.08,classical,clips/0601/1495058925469436408/20.jpg,0.16769002752487824,0.2872166817769719,1.09270797111094
fog,0.08,classical,clips/0601/1495058931466470327/20.jpg,0.09878522318406897,0.1798080663986513,0.9717079810798168
fog,0.08,classical,clips/0601/1495058937463794073/20.jpg,0.07803682803682804,0.14477581100626769,1.1666250647976995
fog,0.08,classical,clips/0601/1495058943463632446/20.jpg,0.15657791860417267,0.27076069166725963,1.240083947777748
fog,0.08,classical,clips/0601/1495058949458758174/20.jpg,0.0,nan,1.0752080706879497
fog,0.08,classical,clips/0601/1495485009641442407/20.jpg,0.0,nan,1.3379160081967711
fog,0.08,classical,clips/0601/1495485015638767825/20.jpg,0.04567858209698297,0.0873663913157331,1.358125009573996
fog,0.08,classical,clips/0601/1495485021636199888/20.jpg,0.040046527085410434,0.07700910688608403,1.1692909756675363
fog,0.08,classical,clips/0601/1495485027633718711/20.jpg,0.04693628238924966,0.0896640668181539,1.351832994259894
fog,0.08,classical,clips/0601/1495485033630861236/20.jpg,0.12128867442520579,0.21633799964559655,1.4422079548239708
fog,0.08,classical,clips/0601/1495485039628271607/20.jpg,0.03164627987880148,0.061351027956053523,1.3143329415470362
fog,0.08,classical,clips/0601/1495485045626852826/20.jpg,0.05521855102392015,0.1046580368973601,1.4184580650180578
fog,0.08,classical,clips/0601/1495485051623004273/20.jpg,0.0,nan,1.5747499419376254
fog,0.08,classical,clips/0601/1495485057620656604/20.jpg,0.06632228317715115,0.12439444288745646,1.3503329828381538
fog,0.08,classical,clips/0601/1495485063617750112/20.jpg,0.08780438516722239,0.16143414452907298,1.3610839378088713
fog,0.08,classical,clips/0601/1495485069617812641/20.jpg,0.0,nan,1.2796659721061587
fog,0.08,classical,clips/0601/1495485075612519689/20.jpg,0.011654506014592782,0.023040486540223386,1.098250038921833
fog,0.08,classical,clips/0601/1495485081611855219/20.jpg,0.0,nan,1.3688750332221389
fog,0.08,classical,clips/0601/1495485087607351973/20.jpg,0.0348052448900887,0.06726916984999534,1.3355830451473594
fog,0.08,classical,clips/0601/1495485093604646206/20.jpg,0.0,nan,1.5765409916639328
fog,0.08,classical,clips/0601/1495485099601922885/20.jpg,0.0,nan,1.1363750090822577
fog,0.08,classical,clips/0601/1495485105599385453/20.jpg,0.05329911556978939,0.10120413998630744,1.372292055748403
fog,0.08,classical,clips/0601/1495485111599411627/20.jpg,0.034759247778466625,0.06718325611119987,1.187833957374096
fog,0.08,classical,clips/0601/1495485117594185994/20.jpg,0.04403612581750234,0.08435747524161795,1.3964170357212424
fog,0.08,classical,clips/0601/1495485123591495860/20.jpg,0.11420057252803979,0.20499104980520164,1.4863329706713557
fog,0.08,classical,clips/0601/1495485129589080069/20.jpg,0.0,nan,1.3068330008536577
fog,0.08,classical,clips/0601/1495485135586245515/20.jpg,0.030969095111719885,0.06007764007390339,1.2839160626754165
fog,0.08,classical,clips/0601/1495485141585513338/20.jpg,0.11282192915832355,0.20276726437922693,1.1941660195589066
fog,0.08,classical,clips/0601/1495485147581014946/20.jpg,0.06903903751459466,0.12916092881903224,1.453957986086607
fog,0.08,classical,clips/0601/1495485153579251831/20.jpg,0.026908880961708972,0.05240753383398257,1.2894170358777046
fog,0.08,classical,clips/0601/1495485159575742672/20.jpg,0.04303916137554864,0.08252645340523757,1.3240829575806856
fog,0.08,classical,clips/0601/1495485165575366989/20.jpg,0.03349121768304717,0.06481180896366033,1.3046669773757458
fog,0.08,classical,clips/0601/1495485171570457961/20.jpg,0.004720456848116422,0.009396557651318955,1.4739169273525476
fog,0.08,classical,clips/0601/1495485177570314287/20.jpg,0.003200552613400875,0.006380683513507309,1.1671249521896243
fog,0.08,classical,clips/0601/1495485183565129358/20.jpg,0.042650400669776344,0.08181150775442783,1.295124995522201
fog,0.08,classical,clips/0601/1495485189564879401/20.jpg,0.09973963548968556,0.18138772536878528,1.170584000647068
fog,0.08,classical,clips/0601/1495485195559966192/20.jpg,0.040736915427665554,0.07828475155207827,1.5117499278858304
fog,0.08,classical,clips/0601/1495485201558641598/20.jpg,0.03261518559060603,0.0631700676994242,1.2803750578314066
fog,0.08,classical,clips/0601/1495485207554693841/20.jpg,0.08629879464779387,0.15888592544332922,1.4722079504281282
fog,0.08,classical,clips/0601/1495485213552150385/20.jpg,0.03667963550732057,0.07076368484728772,1.1963329743593931
fog,0.08,classical,clips/0601/1495485219551850010/20.jpg,2.3769342302298494e-05,4.7537554668187874e-05,1.2273750035092235
fog,0.08,classical,clips/0601/1495485225546895923/20.jpg,0.13817166782972784,0.2427958307786634,1.7377500189468265
fog,0.08,classical,clips/0601/1495485231544226883/20.jpg,0.07455702192544297,0.1387679209277291,1.6523749800398946
fog,0.08,classical,clips/0601/1495485237541517645/20.jpg,0.10021718083575372,0.18217708754489026,1.4596249675378203
fog,0.08,classical,clips/0601/1495485243539258908/20.jpg,0.025500322788896062,0.04973245199874095,1.6225000144913793
fog,0.08,classical,clips/0601/1495485249536332511/20.jpg,0.0,nan,1.6777919372543693
fog,0.08,classical,clips/0601/1495485255533685610/20.jpg,0.019808386213761353,0.03884727068641566,1.727291033603251
fog,0.08,classical,clips/0601/1495485261533592244/20.jpg,0.055966589641941025,0.10600068258015298,1.6086249379441142
fog,0.08,classical,clips/0601/1495485267528430709/20.jpg,0.0,nan,1.602750038728118
fog,0.08,classical,clips/0601/1495485273526142378/20.jpg,0.026856952887537994,0.052309044238373834,1.4657500432804227
fog,0.08,classical,clips/0601/1495485279523114914/20.jpg,0.01542435244523502,0.030380111345747744,1.57512491568923
fog,0.08,classical,clips/0601/1495485285520576618/20.jpg,0.0,nan,1.3116670306771994
fog,0.08,classical,clips/0601/1495492512658106755/20.jpg,0.0,nan,1.1696669971570373
fog,0.08,classical,clips/0601/1495492518657921956/20.jpg,0.13096658711217185,0.23160116064362968,1.3749159406870604
fog,0.08,classical,clips/0601/1495492524654518667/20.jpg,0.039428714329378424,0.075866124893071,1.4084590366110206
fog,0.08,classical,clips/0601/1495492530652417826/20.jpg,0.06425474814203137,0.1207506910431114,1.3604590203613043
fog,0.08,classical,clips/0601/1495492536647945627/20.jpg,0.00957281025057511,0.0189640809526143,1.1853749165311456
fog,0.08,classical,clips/0601/1495492542645333836/20.jpg,0.005511683379264028,0.010962942490614708,1.3134999899193645
fog,0.08,classical,clips/0601/1495492548642776463/20.jpg,0.02769305040486274,0.05389362201866205,1.4407919952645898
fog,0.08,classical,clips/0601/1495492554641955081/20.jpg,0.058215983297054776,0.11002665659173436,1.216959091834724
fog,0.08,twinlite,clips/0601/1494453497604532231/20.jpg,0.005790579057905791,0.011514482594039912,34.245582995936275
fog,0.08,twinlite,clips/0601/1494453503601902751/20.jpg,0.0,nan,8.488083025440574
fog,0.08,twinlite,clips/0601/1494453509599288720/20.jpg,0.0,nan,8.08499997947365
fog,0.08,twinlite,clips/0601/1494453515596795530/20.jpg,0.0,nan,7.562041049823165
fog,0.08,twinlite,clips/0601/1494453521596643824/20.jpg,0.0,nan,8.190333959646523
fog,0.08,twinlite,clips/0601/1494453527591367337/20.jpg,0.0,nan,8.936082944273949
fog,0.08,twinlite,clips/0601/1494453533590270210/20.jpg,0.0017204575142574952,0.003435005247924684,7.83887505531311
fog,0.08,twinlite,clips/0601/1494453539586188022/20.jpg,0.0,nan,7.651124964468181
fog,0.08,twinlite,clips/0601/1494453545585907063/20.jpg,0.0,nan,7.892541936598718
fog,0.08,twinlite,clips/0601/1494453551580996478/20.jpg,0.0,nan,7.913375040516257
fog,0.08,twinlite,clips/0601/1494453557578299956/20.jpg,0.0015717092337917485,0.003138485680659082,7.545209024101496
fog,0.08,twinlite,clips/0601/1494453563575744757/20.jpg,0.0012225312509551026,0.002442076986476999,7.970541948452592
fog,0.08,twinlite,clips/0601/1494453569573067938/20.jpg,0.0,nan,8.466125000268221
fog,0.08,twinlite,clips/0601/1494453575572346547/20.jpg,0.0,nan,8.404916035942733
fog,0.08,twinlite,clips/0601/1494453581567767982/20.jpg,0.0,nan,8.279375033453107
fog,0.08,twinlite,clips/0601/1494453587565069969/20.jpg,0.0,nan,7.73529103025794
fog,0.08,twinlite,clips/0601/1494453593562528307/20.jpg,0.0,nan,8.018999942578375
fog,0.08,twinlite,clips/0601/1494453599561987554/20.jpg,0.0,nan,8.591708028689027
fog,0.08,twinlite,clips/0601/1494453605557268031/20.jpg,0.0,nan,8.004750008694828
fog,0.08,twinlite,clips/0601/1494453611554664747/20.jpg,0.0,nan,7.657291949726641
fog,0.08,twinlite,clips/0601/1494453617553424930/20.jpg,0.0,nan,8.088333997875452
fog,0.08,twinlite,clips/0601/1494453623549421445/20.jpg,0.019186592878772057,0.037650795277002276,7.870292058214545
fog,0.08,twinlite,clips/0601/1494453629547675743/20.jpg,0.021884197336597022,0.04283107106193681,8.39587498921901
fog,0.08,twinlite,clips/0601/1494453635544157546/20.jpg,0.017336814621409923,0.034082743044861925,7.960165967233479
fog,0.08,twinlite,clips/0601/1494453641541664519/20.jpg,0.009955273409320444,0.019714285714285712,8.074500015936792
fog,0.08,twinlite,clips/0601/1494453647538775071/20.jpg,0.023093496798470548,0.045144450376698106,7.9780000960454345
fog,0.08,twinlite,clips/0601/1494453653536229036/20.jpg,0.013854901396286166,0.027331132644730766,7.54629191942513
fog,0.08,twinlite,clips/0601/1494453661532670510/20.jpg,0.014645529894584373,0.028868268696962487,8.155249990522861
fog,0.08,twinlite,clips/0601/1494453667532618102/20.jpg,0.015650337519327224,0.030818357344422995,8.096458041109145
fog,0.08,twinlite,clips/0601/1494453673527450206/20.jpg,0.0,nan,8.362000109627843
fog,0.08,twinlite,clips/0601/1494453679527133712/20.jpg,0.0060294848434652975,0.011986696084565483,8.478833944536746
fog,0.08,twinlite,clips/0601/1494453685522315222/20.jpg,0.020011771630370805,0.03923831506058857,8.485333994030952
fog,0.08,twinlite,clips/0601/1494453691519533853/20.jpg,0.004558033534103858,0.009074704261870037,8.073874982073903
fog,0.08,twinlite,clips/0601/1494453697518974585/20.jpg,0.015155615696887685,0.02985870434550786,7.991999969817698
fog,0.08,twinlite,clips/0601/1494453703514316264/20.jpg,0.0048044692737430165,0.009562993439341711,7.959209033288062
fog,0.08,twinlite,clips/0601/1494453709513778562/20.jpg,0.008264462809917356,0.01639344262295082,9.172042016871274
fog,0.08,twinlite,clips/0601/1494453715509045873/20.jpg,0.022902613402270067,0.04477965566261254,8.829708094708622
fog,0.08,twinlite,clips/0601/1494453721506443914/20.jpg,0.02180525210984021,0.04267985913130975,7.883457932621241
fog,0.08,twinlite,clips/0601/1494453727503739315/20.jpg,0.019353977576081153,0.037973026057352366,7.84874998498708
fog,0.08,twinlite,clips/0601/1494453733501172122/20.jpg,0.0008913017056273549,0.0017810159886662616,8.456042036414146
fog,0.08,twinlite,clips/0601/1494453739498514009/20.jpg,0.00020332642023504534,0.0004065701740120345,8.433916955254972
fog,0.08,twinlite,clips/0601/1494453745495966700/20.jpg,0.0038287925197485087,0.00762837756454009,8.102958090603352
fog,0.08,twinlite,clips/0601/1494453751493293308/20.jpg,0.0007800565541001722,0.0015588970803156767,8.159124990925193
fog,0.08,twinlite,clips/0601/1494453757490822445/20.jpg,0.0011621572544034864,0.0023216164254362096,9.151290985755622
fog,0.08,twinlite,clips/0601/1494453763488013443/20.jpg,0.00014466022928646342,0.00028927861146266497,7.9507079208269715
fog,0.08,twinlite,clips/0601/1494453769487225684/20.jpg,0.0007178178337852927,0.001434605881884116,7.707334007136524
fog,0.08,twinlite,clips/0601/1494453775482792464/20.jpg,0.0009781146839466927,0.0019543178209356295,9.057416929863393
fog,0.08,twinlite,clips/0601/1494453781480173619/20.jpg,0.014025955247080939,0.027663897900253104,8.999416953884065
fog,0.08,twinlite,clips/0601/1494453787480034236/20.jpg,0.0030644296330345515,0.006110135186741006,8.960167062468827
fog,0.08,twinlite,clips/0601/1494453793475579483/20.jpg,0.0,nan,8.459666045382619
fog,0.08,twinlite,clips/0601/1494453799472239703/20.jpg,0.0,nan,8.058708044700325
fog,0.08,twinlite,clips/0601/1494453805469700214/20.jpg,0.010387268736280967,0.020560965201536253,8.151458925567567
fog,0.08,twinlite,clips/0601/1494453811467016035/20.jpg,0.002871741319509193,0.00572703607288955,8.09533300343901
fog,0.08,twinlite,clips/0601/1494453817464323387/20.jpg,0.0026276831976313844,0.005241593149016279,7.6412910129874945
fog,0.08,twinlite,clips/0601/1494453823461695785/20.jpg,0.029694835680751173,0.057676963410463924,8.348333998583257
fog,0.08,twinlite,clips/0601/1494453829459036893/20.jpg,0.00948872963126076,0.01879907987625922,8.232916006818414
fog,0.08,twinlite,clips/0601/1494453835456441057/20.jpg,0.015215805874162965,0.029975510204081634,8.129958994686604
fog,0.08,twinlite,clips/0601/1494453841456411836/20.jpg,0.0,nan,7.913584006018937
fog,0.08,twinlite,clips/0601/1494453847451852161/20.jpg,0.0006493975034273758,0.0012979521199884625,8.4431660361588
fog,0.08,twinlite,clips/0601/1494453853451104735/20.jpg,0.0008887452532923972,0.0017759121730707135,7.953790947794914
fog,0.08,twinlite,clips/0601/1494453859446867209/20.jpg,0.0258420085731782,0.05038204393505253,8.295624982565641
fog,0.08,twinlite,clips/0601/1494453865443302705/20.jpg,0.027471366383500274,0.05347373616881247,8.219124982133508
fog,0.08,twinlite,clips/0601/1494453871443269121/20.jpg,0.026273372018052868,0.05120150777446207,7.831790950149298
fog,0.08,twinlite,clips/0601/1494453877438073356/20.jpg,0.0,nan,8.843042072840035
fog,0.08,twinlite,clips/0601/1494453883436198482/20.jpg,0.0007034385732610584,0.0014058881905391995,7.549041998572648
fog,0.08,twinlite,clips/0601/1494453889432873365/20.jpg,0.00017325017325017325,0.0003464403256539062,8.291375008411705
fog,0.08,twinlite,clips/0601/1494453895431227611/20.jpg,0.028642256540819405,0.05568944180290497,7.726666983217001
fog,0.08,twinlite,clips/0601/1494453901427565927/20.jpg,0.015995966633055275,0.03148824829701809,8.300583926029503
fog,0.08,twinlite,clips/0601/1494453907426815473/20.jpg,0.036504196122204305,0.07043714103382259,8.145041996613145
fog,0.08,twinlite,clips/0601/1494453913422263611/20.jpg,0.02118242175150174,0.04148606811145511,7.845624932087958
fog,0.08,twinlite,clips/0601/1494453919420314205/20.jpg,0.04175609756097561,0.08016482487357182,8.06162494700402
fog,0.08,twinlite,clips/0601/1495058507652622962/20.jpg,0.0,nan,9.58154199179262
fog,0.08,twinlite,clips/0601/1495058515650447849/20.jpg,0.0,nan,8.396791061386466
fog,0.08,twinlite,clips/0601/1495058521646381547/20.jpg,0.0,nan,8.363459026440978
fog,0.08,twinlite,clips/0601/1495058527645454477/20.jpg,0.0,nan,8.016000036150217
fog,0.08,twinlite,clips/0601/1495058533641199011/20.jpg,0.004429492570787777,0.00881991738305236,7.993250037543476
fog,0.08,twinlite,clips/0601/1495058539638866627/20.jpg,0.00047762619779694916,0.000954796359838878,8.024291950277984
fog,0.08,twinlite,clips/0601/1495058545635832279/20.jpg,0.0,nan,8.162874961271882
fog,0.08,twinlite,clips/0601/1495058551633359536/20.jpg,0.0,nan,8.565833093598485
fog,0.08,twinlite,clips/0601/1495058557632067443/20.jpg,0.0,nan,7.792874937877059
fog,0.08,twinlite,clips/0601/1495058563627986766/20.jpg,0.0,nan,8.012041915208101
fog,0.08,twinlite,clips/0601/1495058569626907953/20.jpg,0.0,nan,8.361208019778132
fog,0.08,twinlite,clips/0601/1495058575622734256/20.jpg,0.0,nan,8.27437499538064
fog,0.08,twinlite,clips/0601/1495058581620129503/20.jpg,0.016209116827369703,0.03190114428017527,8.705541957169771
fog,0.08,twinlite,clips/0601/1495058587617442669/20.jpg,0.0,nan,8.511957945302129
fog,0.08,twinlite,clips/0601/1495058593615616960/20.jpg,0.0,nan,9.134457912296057
fog,0.08,twinlite,clips/0601/1495058599612448574/20.jpg,0.0,nan,9.682541014626622
fog,0.08,twinlite,clips/0601/1495058605609578659/20.jpg,0.0,nan,8.699625032022595
fog,0.08,twinlite,clips/0601/1495058611609939176/20.jpg,0.0,nan,9.337374940514565
fog,0.08,twinlite,clips/0601/1495058617604256196/20.jpg,0.017361901355788925,0.03413121983957048,8.96949996240437
fog,0.08,twinlite,clips/0601/1495058623602404204/20.jpg,0.021749209694415173,0.04257250113444165,9.100958937779069
fog,0.08,twinlite,clips/0601/1495058629599018470/20.jpg,0.01108468529686571,0.021926324190364176,7.382999989204109
fog,0.08,twinlite,clips/0601/1495058635596342127/20.jpg,0.01885553108457942,0.03701315939170996,8.196042035706341
fog,0.08,twinlite,clips/0601/1495058641593823148/20.jpg,0.0,nan,9.785583009943366
fog,0.08,twinlite,clips/0601/1495058647591446332/20.jpg,0.0,nan,12.433625059202313
fog,0.08,twinlite,clips/0601/1495058653588446886/20.jpg,0.001312282140660242,0.002621124626284966,8.253333042375743
fog,0.08,twinlite,clips/0601/1495058659585835658/20.jpg,0.0,nan,8.462707977741957
fog,0.08,twinlite,clips/0601/1495058665583165347/20.jpg,0.0,nan,7.851499947719276
fog,0.08,twinlite,clips/0601/1495058671580580478/20.jpg,0.0,nan,12.828417005948722
fog,0.08,twinlite,clips/0601/1495058677578062974/20.jpg,0.0,nan,7.993375067599118
fog,0.08,twinlite,clips/0601/1495058683578929172/20.jpg,0.0033291858627299323,0.006636278321490816,8.242750074714422
fog,0.08,twinlite,clips/0601/1495058689572753425/20.jpg,0.0,nan,9.447457967326045
fog,0.08,twinlite,clips/0601/1495058695570408263/20.jpg,0.0,nan,7.863249978981912
fog,0.08,twinlite,clips/0601/1495058701567358056/20.jpg,0.0,nan,7.808291004039347
fog,0.08,twinlite,clips/0601/1495058707565707879/20.jpg,0.0,nan,7.810791954398155
fog,0.08,twinlite,clips/0601/1495058715562283498/20.jpg,0.0,nan,9.13645897526294
fog,0.08,twinlite,clips/0601/1495058721558633337/20.jpg,0.004245533345126481,0.008455169984146556,8.720209007151425
fog,0.08,twinlite,clips/0601/1495058727556647955/20.jpg,0.0,nan,8.043417008593678
fog,0.08,twinlite,clips/0601/1495058733553446687/20.jpg,0.00034113683851434907,0.0006820410077155888,7.917750044725835
fog,0.08,twinlite,clips/0601/1495058739553286402/20.jpg,0.00017050298380221653,0.0003409478349812479,7.470333017408848
fog,0.08,twinlite,clips/0601/1495058745548122682/20.jpg,0.000369321679182568,0.0007383706620723603,8.189458982087672
fog,0.08,twinlite,clips/0601/1495058751545486604/20.jpg,0.0,nan,8.64470808301121
fog,0.08,twinlite,clips/0601/1495058757543228003/20.jpg,0.016381855224314998,0.032235631008386174,7.920374977402389
fog,0.08,twinlite,clips/0601/1495058763540182973/20.jpg,0.01314888371455965,0.025956468838718397,7.866333005949855
fog,0.08,twinlite,clips/0601/1495058769540492239/20.jpg,4.242141432995376e-05,8.48392296597947e-05,7.816666970029473
fog,0.08,twinlite,clips/0601/1495058775535017414/20.jpg,0.0,nan,7.822333951480687
fog,0.08,twinlite,clips/0601/1495058781534953658/20.jpg,0.00030659798871719403,0.0006130080304051984,7.880791090428829
fog,0.08,twinlite,clips/0601/1495058787529671793/20.jpg,0.0323324873932962,0.06263967818146988,8.418791927397251
fog,0.08,twinlite,clips/0601/1495058793526969174/20.jpg,0.02999371278523614,0.058240574506283664,8.56795790605247
fog,0.08,twinlite,clips/0601/1495058799525818237/20.jpg,0.0,nan,8.631707984022796
fog,0.08,twinlite,clips/0601/1495058805523198969/20.jpg,0.013276823941530078,0.026205719163465643,7.872625021263957
fog,0.08,twinlite,clips/0601/1495058811520330339/20.jpg,0.009856325107092763,0.01952025226172154,7.582415943033993
fog,0.08,twinlite,clips/0601/1495058817516570927/20.jpg,0.0043906442347148135,0.008742901499366752,8.371125091798604
fog,0.08,twinlite,clips/0601/1495058823515900521/20.jpg,0.005697188294122469,0.011329828422382525,8.036250015720725
fog,0.08,twinlite,clips/0601/1495058829511203058/20.jpg,0.011600250365115795,0.022934455306686467,7.659332943148911
fog,0.08,twinlite,clips/0601/1495058835510553015/20.jpg,0.02905589638718473,0.056470977891860556,7.6665839878842235
fog,0.08,twinlite,clips/0601/1495058841505989452/20.jpg,0.020242605135269584,0.03968194434025955,8.652167045511305
fog,0.08,twinlite,clips/0601/1495058847507116852/20.jpg,0.0,nan,7.967957993969321
fog,0.08,twinlite,clips/0601/1495058853500724642/20.jpg,0.06753673085391729,0.1265281632040801,7.605041959322989
fog,0.08,twinlite,clips/0601/1495058859498417310/20.jpg,0.03341172654285946,0.06466295220905595,9.180332999676466
fog,0.08,twinlite,clips/0601/1495058865495399571/20.jpg,0.0,nan,8.455832954496145
fog,0.08,twinlite,clips/0601/1495058871492888869/20.jpg,0.038841201716738195,0.07477793844247056,8.316125022247434
fog,0.08,twinlite,clips/0601/1495058877492091924/20.jpg,0.03560721179514559,0.06876586294416243,7.953749969601631
fog,0.08,twinlite,clips/0601/1495058883487530264/20.jpg,0.027305848513902206,0.05316011498114757,7.590625085867941
fog,0.08,twinlite,clips/0601/1495058889484921618/20.jpg,0.043714555765595464,0.08376726284808693,7.99883296713233
fog,0.08,twinlite,clips/0601/1495058895482305544/20.jpg,0.038422194034125785,0.07400110331783434,9.000999969430268
fog,0.08,twinlite,clips/0601/1495058901481630657/20.jpg,0.039025846626290196,0.07512006896268626,9.322166908532381
fog,0.08,twinlite,clips/0601/1495058907477059235/20.jpg,0.012574850299401197,0.024837374334713187,7.986583048477769
fog,0.08,twinlite,clips/0601/1495058913475711516/20.jpg,0.029824144486692017,0.05792084919810777,7.97995796892792
fog,0.08,twinlite,clips/0601/1495058919475143504/20.jpg,0.02238869138310479,0.04379682907645817,7.944875047542155
fog,0.08,twinlite,clips/0601/1495058925469436408/20.jpg,0.03564628260195722,0.06883872071147597,8.444415987469256
fog,0.08,twinlite,clips/0601/1495058931466470327/20.jpg,0.03404271577579949,0.06584392550990245,8.91754194162786
fog,0.08,twinlite,clips/0601/1495058937463794073/20.jpg,0.0012836970474967907,0.002564102564102564,9.10987495444715
fog,0.08,twinlite,clips/0601/1495058943463632446/20.jpg,0.03390481064483111,0.06558594233386958,9.163000038824975
fog,0.08,twinlite,clips/0601/1495058949458758174/20.jpg,0.0,nan,10.153708048164845
fog,0.08,twinlite,clips/0601/1495485009641442407/20.jpg,0.0,nan,8.878541993908584
fog,0.08,twinlite,clips/0601/1495485015638767825/20.jpg,0.0,nan,9.111999999731779
fog,0.08,twinlite,clips/0601/1495485021636199888/20.jpg,0.0,nan,9.705750038847327
fog,0.08,twinlite,clips/0601/1495485027633718711/20.jpg,0.0,nan,9.213375044055283
fog,0.08,twinlite,clips/0601/1495485033630861236/20.jpg,0.0001270769133017759,0.00025412153362345543,7.932916982099414
fog,0.08,twinlite,clips/0601/1495485039628271607/20.jpg,0.0,nan,7.714833947829902
fog,0.08,twinlite,clips/0601/1495485045626852826/20.jpg,0.005760636511585854,0.011455283299943494,8.179083932191133
fog,0.08,twinlite,clips/0601/1495485051623004273/20.jpg,0.0,nan,8.880042005330324
fog,0.08,twinlite,clips/0601/1495485057620656604/20.jpg,0.0,nan,8.184625068679452
fog,0.08,twinlite,clips/0601/1495485063617750112/20.jpg,0.0,nan,7.876791059970856
fog,0.08,twinlite,clips/0601/1495485069617812641/20.jpg,0.0,nan,7.511707954108715
fog,0.08,twinlite,clips/0601/1495485075612519689/20.jpg,0.0,nan,8.892292040400207
fog,0.08,twinlite,clips/0601/1495485081611855219/20.jpg,0.0,nan,8.668750058859587
fog,0.08,twinlite,clips/0601/1495485087607351973/20.jpg,0.0,nan,8.155375020578504
fog,0.08,twinlite,clips/0601/1495485093604646206/20.jpg,0.0,nan,8.000417030416429
fog,0.08,twinlite,clips/0601/1495485099601922885/20.jpg,0.0,nan,7.5732499826699495
fog,0.08,twinlite,clips/0601/1495485105599385453/20.jpg,0.0013464078853775022,0.0026891950173782886,8.716708980500698
fog,0.08,twinlite,clips/0601/1495485111599411627/20.jpg,0.0,nan,8.047165931202471
fog,0.08,twinlite,clips/0601/1495485117594185994/20.jpg,0.0,nan,8.087540976703167
fog,0.08,twinlite,clips/0601/1495485123591495860/20.jpg,0.0,nan,8.440583012998104
fog,0.08,twinlite,clips/0601/1495485129589080069/20.jpg,0.0,nan,8.296667016111314
fog,0.08,twinlite,clips/0601/1495485135586245515/20.jpg,0.0,nan,8.22087493725121
fog,0.08,twinlite,clips/0601/1495485141585513338/20.jpg,0.0,nan,7.956958026625216
fog,0.08,twinlite,clips/0601/1495485147581014946/20.jpg,0.0,nan,7.86929193418473
fog,0.08,twinlite,clips/0601/1495485153579251831/20.jpg,0.0,nan,7.780959014780819
fog,0.08,twinlite,clips/0601/1495485159575742672/20.jpg,0.0,nan,8.34591593593359
fog,0.08,twinlite,clips/0601/1495485165575366989/20.jpg,0.0,nan,8.828917052596807
fog,0.08,twinlite,clips/0601/1495485171570457961/20.jpg,0.0,nan,7.896833005361259
fog,0.08,twinlite,clips/0601/1495485177570314287/20.jpg,0.0,nan,7.830999908037484
fog,0.08,twinlite,clips/0601/1495485183565129358/20.jpg,0.0,nan,7.796207908540964
fog,0.08,twinlite,clips/0601/1495485189564879401/20.jpg,0.0,nan,8.737290976569057
fog,0.08,twinlite,clips/0601/1495485195559966192/20.jpg,0.0,nan,8.113207994028926
fog,0.08,twinlite,clips/0601/1495485201558641598/20.jpg,0.00010865136493277196,0.00021727912219234632,8.369042072445154
fog,0.08,twinlite,clips/0601/1495485207554693841/20.jpg,0.0,nan,7.977208006195724
fog,0.08,twinlite,clips/0601/1495485213552150385/20.jpg,0.0,nan,7.899957941845059
fog,0.08,twinlite,clips/0601/1495485219551850010/20.jpg,0.0,nan,8.694250020198524
fog,0.08,twinlite,clips/0601/1495485225546895923/20.jpg,0.0,nan,8.02670803386718
fog,0.08,twinlite,clips/0601/1495485231544226883/20.jpg,0.0,nan,7.835624972358346
fog,0.08,twinlite,clips/0601/1495485237541517645/20.jpg,0.0,nan,7.956332992762327
fog,0.08,twinlite,clips/0601/1495485243539258908/20.jpg,0.0,nan,8.941250038333237
fog,0.08,twinlite,clips/0601/1495485249536332511/20.jpg,0.0,nan,9.161041001789272
fog,0.08,twinlite,clips/0601/1495485255533685610/20.jpg,0.0,nan,8.3799579879269
fog,0.08,twinlite,clips/0601/1495485261533592244/20.jpg,0.0,nan,8.537416928447783
fog,0.08,twinlite,clips/0601/1495485267528430709/20.jpg,0.0,nan,9.135458967648447
fog,0.08,twinlite,clips/0601/1495485273526142378/20.jpg,0.0,nan,8.88520898297429
fog,0.08,twinlite,clips/0601/1495485279523114914/20.jpg,0.0,nan,8.585375035181642
fog,0.08,twinlite,clips/0601/1495485285520576618/20.jpg,0.0,nan,8.668874972499907
fog,0.08,twinlite,clips/0601/1495492512658106755/20.jpg,0.0,nan,8.862417074851692
fog,0.08,twinlite,clips/0601/1495492518657921956/20.jpg,0.0,nan,8.865667041391134
fog,0.08,twinlite,clips/0601/1495492524654518667/20.jpg,0.0,nan,8.965249988250434
fog,0.08,twinlite,clips/0601/1495492530652417826/20.jpg,0.0,nan,9.459000080823898
fog,0.08,twinlite,clips/0601/1495492536647945627/20.jpg,0.0,nan,8.165542036294937
fog,0.08,twinlite,clips/0601/1495492542645333836/20.jpg,0.0,nan,7.86895805504173
fog,0.08,twinlite,clips/0601/1495492548642776463/20.jpg,0.0,nan,7.580792065709829
fog,0.08,twinlite,clips/0601/1495492554641955081/20.jpg,0.0,nan,8.96466604899615
fog,0.1,classical,clips/0601/1494453497604532231/20.jpg,0.050398963377207937,0.09596156343332034,1.3146250275895
fog,0.1,classical,clips/0601/1494453503601902751/20.jpg,0.04010062517123714,0.07710912617639311,1.2108329683542252
fog,0.1,classical,clips/0601/1494453509599288720/20.jpg,0.008376081084429906,0.01661301024796638,1.243666047230363
fog,0.1,classical,clips/0601/1494453515596795530/20.jpg,0.08384595131525407,0.15471931451791,1.02937500923872
fog,0.1,classical,clips/0601/1494453521596643824/20.jpg,0.0,nan,1.2067080242559314
fog,0.1,classical,clips/0601/1494453527591367337/20.jpg,0.0,nan,0.9915409609675407
fog,0.1,classical,clips/0601/1494453533590270210/20.jpg,0.140673362390247,0.2466496843504264,1.1692920234054327
fog,0.1,classical,clips/0601/1494453539586188022/20.jpg,0.0003542151604088655,0.0007081794729121351,1.115916995331645
fog,0.1,classical,clips/0601/1494453545585907063/20.jpg,0.015295046378527728,0.030129264262804937,1.2412500800564885
fog,0.1,classical,clips/0601/1494453551580996478/20.jpg,0.0,nan,1.2196250027045608
fog,0.1,classical,clips/0601/1494453557578299956/20.jpg,0.01701837985023826,0.03346720214190094,1.1834580218419433
fog,0.1,classical,clips/0601/1494453563575744757/20.jpg,0.08524716903906498,0.15710185010581013,1.3231659540906549
fog,0.1,classical,clips/0601/1494453569573067938/20.jpg,0.006473594548551959,0.01286391333784699,1.1992909712716937
fog,0.1,classical,clips/0601/1494453575572346547/20.jpg,0.03312166055892802,0.06411957434133926,1.1987090110778809
fog,0.1,classical,clips/0601/1494453581567767982/20.jpg,0.0,nan,1.3826660579070449
fog,0.1,classical,clips/0601/1494453587565069969/20.jpg,0.0,nan,1.2030410580337048
fog,0.1,classical,clips/0601/1494453593562528307/20.jpg,0.014102261088789097,0.027812305779987574,0.9865000611171126
fog,0.1,classical,clips/0601/1494453599561987554/20.jpg,0.0,nan,1.2422079453244805
fog,0.1,classical,clips/0601/1494453605557268031/20.jpg,0.06226242743907829,0.1172260748959778,1.2472079833969474
fog,0.1,classical,clips/0601/1494453611554664747/20.jpg,0.0,nan,1.1630409862846136
fog,0.1,classical,clips/0601/1494453617553424930/20.jpg,0.12563965105511965,0.22323245443131146,1.2282920069992542
fog,0.1,classical,clips/0601/1494453623549421445/20.jpg,0.049723756906077346,0.09473684210526317,1.3297500554472208
fog,0.1,classical,clips/0601/1494453629547675743/20.jpg,0.10954587081829446,0.1974607336197898,0.953375012613833
fog,0.1,classical,clips/0601/1494453635544157546/20.jpg,0.033383074997593146,0.06460929311750321,0.952916918322444
fog,0.1,classical,clips/0601/1494453641541664519/20.jpg,0.053286611889801834,0.10118159917402776,1.3252090429887176
fog,0.1,classical,clips/0601/1494453647538775071/20.jpg,0.09742431605728824,0.1775508609237021,1.2727499706670642
fog,0.1,classical,clips/0601/1494453653536229036/20.jpg,0.0,nan,1.2094579869881272
fog,0.1,classical,clips/0601/1494453661532670510/20.jpg,0.0,nan,0.8777080802246928
fog,0.1,classical,clips/0601/1494453667532618102/20.jpg,0.06814889674919994,0.12760186703670998,1.1679580202326179
fog,0.1,classical,clips/0601/1494453673527450206/20.jpg,0.022380734245141025,0.04378160404531781,1.0564579861238599
fog,0.1,classical,clips/0601/1494453679527133712/20.jpg,0.07777295015827695,0.1443215848882746,1.0888329707086086
fog,0.1,classical,clips/0601/1494453685522315222/20.jpg,0.16922515831703192,0.289465475684106,1.2467500055208802
fog,0.1,classical,clips/0601/1494453691519533853/20.jpg,0.0,nan,1.125624985434115
fog,0.1,classical,clips/0601/1494453697518974585/20.jpg,0.0,nan,0.9981249459087849
fog,0.1,classical,clips/0601/1494453703514316264/20.jpg,0.006873508353221957,0.013653171517967194,1.1874580522999167
fog,0.1,classical,clips/0601/1494453709513778562/20.jpg,0.0754226267880364,0.14026602176541716,1.1605418985709548
fog,0.1,classical,clips/0601/1494453715509045873/20.jpg,0.08957546121360302,0.16442268461852305,1.102166948840022
fog,0.1,classical,clips/0601/1494453721506443914/20.jpg,0.13362863078671947,0.2357538035961273,1.231375033967197
fog,0.1,classical,clips/0601/1494453727503739315/20.jpg,0.1332469811557264,0.23515964899343705,1.6347500495612621
fog,0.1,classical,clips/0601/1494453733501172122/20.jpg,0.06185604411551299,0.11650551778332022,1.2868749909102917
fog,0.1,classical,clips/0601/1494453739498514009/20.jpg,0.05873177102227382,0.11094740448860717,1.332291983999312
fog,0.1,classical,clips/0601/1494453745495966700/20.jpg,0.046047785994166694,0.08804145778178336,1.4632079983130097
fog,0.1,classical,clips/0601/1494453751493293308/20.jpg,0.0,nan,1.2735830387100577
fog,0.1,classical,clips/0601/1494453757490822445/20.jpg,0.048880646443237516,0.09320535488759789,1.144459005445242
fog,0.1,classical,clips/0601/1494453763488013443/20.jpg,0.0,nan,1.313959015533328
fog,0.1,classical,clips/0601/1494453769487225684/20.jpg,0.05834816660733357,0.11026270644824919,1.2949169613420963
fog,0.1,classical,clips/0601/1494453775482792464/20.jpg,0.0,nan,0.9342909324914217
fog,0.1,classical,clips/0601/1494453781480173619/20.jpg,0.0,nan,1.1512089986354113
fog,0.1,classical,clips/0601/1494453787480034236/20.jpg,0.0,nan,1.177166006527841
fog,0.1,classical,clips/0601/1494453793475579483/20.jpg,0.0,nan,1.4767079846933484
fog,0.1,classical,clips/0601/1494453799472239703/20.jpg,0.0,nan,1.2917499989271164
fog,0.1,classical,clips/0601/1494453805469700214/20.jpg,0.011675777822771141,0.023082054703135426,1.2207080144435167
fog,0.1,classical,clips/0601/1494453811467016035/20.jpg,0.007536474604657155,0.014960202026659847,1.0876249289140105
fog,0.1,classical,clips/0601/1494453817464323387/20.jpg,0.0,nan,1.3069170527160168
fog,0.1,classical,clips/0601/1494453823461695785/20.jpg,0.08765295565623774,0.16117816845972185,0.9744999697431922
fog,0.1,classical,clips/0601/1494453829459036893/20.jpg,0.0918543570554796,0.16825386364385278,1.6130420845001936
fog,0.1,classical,clips/0601/1494453835456441057/20.jpg,0.03213265396283097,0.06226458166875927,1.2289589503780007
fog,0.1,classical,clips/0601/1494453841456411836/20.jpg,0.0,nan,1.2885420583188534
fog,0.1,classical,clips/0601/1494453847451852161/20.jpg,0.10639847407664296,0.1923330094348494,1.2380420230329037
fog,0.1,classical,clips/0601/1494453853451104735/20.jpg,0.007601263406337857,0.015087840165346195,1.2571249390020967
fog,0.1,classical,clips/0601/1494453859446867209/20.jpg,0.12907487275129192,0.2286382876217351,1.2041250010952353
fog,0.1,classical,clips/0601/1494453865443302705/20.jpg,0.15488090830556583,0.26821970506518483,1.1899590026587248
fog,0.1,classical,clips/0601/1494453871443269121/20.jpg,0.004904044201785072,0.009760223834466605,1.1786670656874776
fog,0.1,classical,clips/0601/1494453877438073356/20.jpg,0.0,nan,1.2534999987110496
fog,0.1,classical,clips/0601/1494453883436198482/20.jpg,0.13219175410539455,0.233514779852546,1.2534580891951919
fog,0.1,classical,clips/0601/1494453889432873365/20.jpg,0.0003881871659350832,0.0007760730702644617,1.2287090066820383
fog,0.1,classical,clips/0601/1494453895431227611/20.jpg,0.09552529182879377,0.17439175990055053,1.4058329397812486
fog,0.1,classical,clips/0601/1494453901427565927/20.jpg,0.16988469364684602,0.29042980828695114,1.1595420073717833
fog,0.1,classical,clips/0601/1494453907426815473/20.jpg,0.11072825119052228,0.19937955313883368,1.255583018064499
fog,0.1,classical,clips/0601/1494453913422263611/20.jpg,0.1464499903269491,0.2554843064461694,1.1049170279875398
fog,0.1,classical,clips/0601/1494453919420314205/20.jpg,0.18119717494500406,0.3068025877278964,1.1923749698325992
fog,0.1,classical,clips/0601/1495058507652622962/20.jpg,0.0,nan,2.038832986727357
fog,0.1,classical,clips/0601/1495058515650447849/20.jpg,0.15820820400973074,0.2731947562830448,1.4929170720279217
fog,0.1,classical,clips/0601/1495058521646381547/20.jpg,0.02845808899620559,0.05534127117222874,1.1402920354157686
fog,0.1,classical,clips/0601/1495058527645454477/20.jpg,0.030936947554507956,0.06001714775650186,1.1800830252468586
fog,0.1,classical,clips/0601/1495058533641199011/20.jpg,0.06661485003657644,0.12490891165502166,1.536416937597096
fog,0.1,classical,clips/0601/1495058539638866627/20.jpg,0.0015463647324002725,0.0030879543610813076,1.3717080000787973
fog,0.1,classical,clips/0601/1495058545635832279/20.jpg,0.009686280179268468,0.01918671248568156,1.2476250994950533
fog,0.1,classical,clips/0601/1495058551633359536/20.jpg,0.05957976653696498,0.11245923793295926,1.1915839277207851
fog,0.1,classical,clips/0601/1495058557632067443/20.jpg,0.0,nan,1.2049999786540866
fog,0.1,classical,clips/0601/1495058563627986766/20.jpg,0.010441615193915711,0.020667429046678447,1.3999580405652523
fog,0.1,classical,clips/0601/1495058569626907953/20.jpg,0.0,nan,1.104000024497509
fog,0.1,classical,clips/0601/1495058575622734256/20.jpg,0.16636522837539114,0.28527124150831934,1.3577500358223915
fog,0.1,classical,clips/0601/1495058581620129503/20.jpg,0.0,nan,1.3120410731062293
fog,0.1,classical,clips/0601/1495058587617442669/20.jpg,0.07526962628542765,0.14000139954747964,1.3212079647928476
fog,0.1,classical,clips/0601/1495058593615616960/20.jpg,0.05460846105542247,0.10356158341603262,1.4230830129235983
fog,0.1,classical,clips/0601/1495058599612448574/20.jpg,0.02585513554430619,0.050406991491226044,1.3113749446347356
fog,0.1,classical,clips/0601/1495058605609578659/20.jpg,0.00463663187126528,0.009230465472135841,1.350790960714221
fog,0.1,classical,clips/0601/1495058611609939176/20.jpg,0.05458667069669034,0.10352239832621593,1.206708955578506
fog,0.1,classical,clips/0601/1495058617604256196/20.jpg,0.14241001564945227,0.24931506849315066,1.3704589800909162
fog,0.1,classical,clips/0601/1495058623602404204/20.jpg,0.10165557262331455,0.18455055309391752,1.016416004858911
fog,0.1,classical,clips/0601/1495058629599018470/20.jpg,0.0,nan,1.2014579260721803
fog,0.1,classical,clips/0601/1495058635596342127/20.jpg,0.09324573885138203,0.17058514026197005,1.3034589355811477
fog,0.1,classical,clips/0601/1495058641593823148/20.jpg,0.09654080940538096,0.17608247422680415,1.233207993209362
fog,0.1,classical,clips/0601/1495058647591446332/20.jpg,0.1441805625736904,0.25202414249963195,1.3992920285090804
fog,0.1,classical,clips/0601/1495058653588446886/20.jpg,0.2195592673170047,0.3600633002445691,1.25662493519485
fog,0.1,classical,clips/0601/1495058659585835658/20.jpg,0.0,nan,1.2929589720442891
fog,0.1,classical,clips/0601/1495058665583165347/20.jpg,0.20391375249139337,0.33875142977545,1.2392919743433595
fog,0.1,classical,clips/0601/1495058671580580478/20.jpg,0.15735957627672792,0.2719285855532642,1.2468750355765224
fog,0.1,classical,clips/0601/1495058677578062974/20.jpg,0.06675128798626148,0.1251487366137048,1.2009169440716505
fog,0.1,classical,clips/0601/1495058683578929172/20.jpg,0.161559808059201,0.2781773386755594,1.3515000464394689
fog,0.1,classical,clips/0601/1495058689572753425/20.jpg,0.028352919231486664,0.05514239071286052,1.1815420584753156
fog,0.1,classical,clips/0601/1495058695570408263/20.jpg,0.2559539698075155,0.40758495288922475,1.17125001270324
fog,0.1,classical,clips/0601/1495058701567358056/20.jpg,0.09501892955237176,0.17354755609789166,1.1120419949293137
fog,0.1,classical,clips/0601/1495058707565707879/20.jpg,0.039009002077402474,0.0750888625592417,1.3005000073462725
fog,0.1,classical,clips/0601/1495058715562283498/20.jpg,0.0,nan,0.9426659671589732
fog,0.1,classical,clips/0601/1495058721558633337/20.jpg,0.13548942026492344,0.23864497166924217,1.3032919960096478
fog,0.1,classical,clips/0601/1495058727556647955/20.jpg,0.013895616372002905,0.027410349048998237,1.4889580197632313
fog,0.1,classical,clips/0601/1495058733553446687/20.jpg,0.06194221751626078,0.11665835766683284,1.3180000241845846
fog,0.1,classical,clips/0601/1495058739553286402/20.jpg,0.029676396132613535,0.057642180094786735,1.2357920641079545
fog,0.1,classical,clips/0601/1495058745548122682/20.jpg,0.0,nan,1.2683329405263066
fog,0.1,classical,clips/0601/1495058751545486604/20.jpg,0.028216197547919184,0.05488378342066372,1.1570419883355498
fog,0.1,classical,clips/0601/1495058757543228003/20.jpg,0.12765706651997957,0.22641114982578395,1.2204169761389494
fog,0.1,classical,clips/0601/1495058763540182973/20.jpg,0.13805233805233805,0.24261158021712909,0.9035000111907721
fog,0.1,classical,clips/0601/1495058769540492239/20.jpg,0.011517566099239407,0.022772844457175596,1.1278330348432064
fog,0.1,classical,clips/0601/1495058775535017414/20.jpg,0.0,nan,1.157958060503006
fog,0.1,classical,clips/0601/1495058781534953658/20.jpg,0.08109752564176856,0.15002814032642778,1.1190000222995877
fog,0.1,classical,clips/0601/1495058787529671793/20.jpg,0.19799600359097622,0.330545349062077,1.2747079599648714
fog,0.1,classical,clips/0601/1495058793526969174/20.jpg,0.06885568093253364,0.1288399961956694,1.2110000243410468
fog,0.1,classical,clips/0601/1495058799525818237/20.jpg,0.0,nan,1.2227499391883612
fog,0.1,classical,clips/0601/1495058805523198969/20.jpg,0.15085988872028325,0.26216899241841557,1.1262909974902868
fog,0.1,classical,clips/0601/1495058811520330339/20.jpg,0.0622685865412871,0.11723699134139258,1.1505000293254852
fog,0.1,classical,clips/0601/1495058817516570927/20.jpg,0.0,nan,1.2829590123146772
fog,0.1,classical,clips/0601/1495058823515900521/20.jpg,0.016601527483954246,0.03266083521444695,1.1159159475937486
fog,0.1,classical,clips/0601/1495058829511203058/20.jpg,0.04212529383231969,0.08084496956677407,1.3456660090014338
fog,0.1,classical,clips/0601/1495058835510553015/20.jpg,0.1537856196156395,0.26657572602936425,0.9712500032037497
fog,0.1,classical,clips/0601/1495058841505989452/20.jpg,0.23252116813547608,0.37730981689706417,1.3770000077784061
fog,0.1,classical,clips/0601/1495058847507116852/20.jpg,0.0,nan,1.0980000952258706
fog,0.1,classical,clips/0601/1495058853500724642/20.jpg,0.19425279657043337,0.3253126928038589,1.2353750644251704
fog,0.1,classical,clips/0601/1495058859498417310/20.jpg,0.16085347610424375,0.27712967986977755,1.0059999767690897
fog,0.1,classical,clips/0601/1495058865495399571/20.jpg,0.0,nan,1.1780840577557683
fog,0.1,classical,clips/0601/1495058871492888869/20.jpg,0.0489107785565448,0.09326013147439138,1.0934160090982914
fog,0.1,classical,clips/0601/1495058877492091924/20.jpg,0.15061785072114464,0.26180343130735473,1.2055840343236923
fog,0.1,classical,clips/0601/1495058883487530264/20.jpg,0.18266696784880657,0.3089068568154326,1.110458979383111
fog,0.1,classical,clips/0601/1495058889484921618/20.jpg,0.1994262099115407,0.3325360214135202,0.9326250292360783
fog,0.1,classical,clips/0601/1495058895482305544/20.jpg,0.14734261925142011,0.256841534131371,1.2229169951751828
fog,0.1,classical,clips/0601/1495058901481630657/20.jpg,0.26273519963285913,0.4161366527348719,1.2510420056059957
fog,0.1,classical,clips/0601/1495058907477059235/20.jpg,0.15083199141170156,0.2621268656716418,1.2084170011803508
fog,0.1,classical,clips/0601/1495058913475711516/20.jpg,0.11170828201395887,0.20096689720002686,0.9596250019967556
fog,0.1,classical,clips/0601/1495058919475143504/20.jpg,0.09625479902844158,0.17560661830397029,1.17958290502429
fog,0.1,classical,clips/0601/1495058925469436408/20.jpg,0.07486255702421336,0.1392969855261726,1.2113749980926514
fog,0.1,classical,clips/0601/1495058931466470327/20.jpg,0.11255458121323662,0.20233538760947128,1.2135000433772802
fog,0.1,classical,clips/0601/1495058937463794073/20.jpg,0.10690864724721671,0.19316616147699092,1.0682919528335333
fog,0.1,classical,clips/0601/1495058943463632446/20.jpg,0.16326023996690112,0.2806942666097596,0.9299590019509196
fog,0.1,classical,clips/0601/1495058949458758174/20.jpg,0.0,nan,1.1407500132918358
fog,0.1,classical,clips/0601/1495485009641442407/20.jpg,0.0,nan,1.2957500293850899
fog,0.1,classical,clips/0601/1495485015638767825/20.jpg,0.0,nan,1.323915901593864
fog,0.1,classical,clips/0601/1495485021636199888/20.jpg,0.045185468086122116,0.08646401900107338,1.3653329806402326
fog,0.1,classical,clips/0601/1495485027633718711/20.jpg,0.03899967461534886,0.07507158196134574,1.2477909913286567
fog,0.1,classical,clips/0601/1495485033630861236/20.jpg,0.044581360309944036,0.08535737282678688,1.4226249186322093
fog,0.1,classical,clips/0601/1495485039628271607/20.jpg,0.06700305092701243,0.1255911140437699,1.0567089775577188
fog,0.1,classical,clips/0601/1495485045626852826/20.jpg,0.022824387701928087,0.04463012023639698,1.450416981242597
fog,0.1,classical,clips/0601/1495485051623004273/20.jpg,0.0,nan,1.5338750090450048
fog,0.1,classical,clips/0601/1495485057620656604/20.jpg,0.026032929481205343,0.050744822574785034,1.380792004056275
fog,0.1,classical,clips/0601/1495485063617750112/20.jpg,0.0,nan,1.3713340740650892
fog,0.1,classical,clips/0601/1495485069617812641/20.jpg,0.0,nan,1.220958074554801
fog,0.1,classical,clips/0601/1495485075612519689/20.jpg,0.0,nan,1.4205420156940818
fog,0.1,classical,clips/0601/1495485081611855219/20.jpg,0.0,nan,1.4194169780239463
fog,0.1,classical,clips/0601/1495485087607351973/20.jpg,0.05900360440428579,0.11143230138008206,1.1458750814199448
fog,0.1,classical,clips/0601/1495485093604646206/20.jpg,0.0,nan,1.4387080445885658
fog,0.1,classical,clips/0601/1495485099601922885/20.jpg,0.0,nan,1.1707500088959932
fog,0.1,classical,clips/0601/1495485105599385453/20.jpg,0.1316038629047529,0.23259705488621155,1.4419161016121507
fog,0.1,classical,clips/0601/1495485111599411627/20.jpg,0.0,nan,1.3712919317185879
fog,0.1,classical,clips/0601/1495485117594185994/20.jpg,0.08336922811853893,0.15390732163091664,1.4015830820426345
fog,0.1,classical,clips/0601/1495485123591495860/20.jpg,0.1146377784915467,0.205695124826448,1.304500037804246
fog,0.1,classical,clips/0601/1495485129589080069/20.jpg,0.0,nan,1.4500829856842756
fog,0.1,classical,clips/0601/1495485135586245515/20.jpg,0.06590615489041186,0.1236622090754093,1.301583950407803
fog,0.1,classical,clips/0601/1495485141585513338/20.jpg,0.1256432549286839,0.22323814295257183,1.4085000148043036
fog,0.1,classical,clips/0601/1495485147581014946/20.jpg,0.07958273528808694,0.14743239714156833,1.0759159922599792
fog,0.1,classical,clips/0601/1495485153579251831/20.jpg,0.02431002431002431,0.04746614546977523,1.1676670983433723
fog,0.1,classical,clips/0601/1495485159575742672/20.jpg,0.015666500664010624,0.030849694567593518,1.3885829830542207
fog,0.1,classical,clips/0601/1495485165575366989/20.jpg,0.0,nan,1.069999998435378
fog,0.1,classical,clips/0601/1495485171570457961/20.jpg,0.0002773732750849456,0.0005545927209705373,1.3866249937564135
fog,0.1,classical,clips/0601/1495485177570314287/20.jpg,0.0020011961172194874,0.003994398659351255,1.2727499706670642
fog,0.1,classical,clips/0601/1495485183565129358/20.jpg,0.022172168649257407,0.04338245420740944,1.2227080296725035
fog,0.1,classical,clips/0601/1495485189564879401/20.jpg,0.07653340935505801,0.14218492187977427,1.1912500485777855
fog,0.1,classical,clips/0601/1495485195559966192/20.jpg,0.01913796366389099,0.0375571597688076,1.461499952711165
fog,0.1,classical,clips/0601/1495485201558641598/20.jpg,0.02600805953175604,0.050697573552444516,1.3021249324083328
fog,0.1,classical,clips/0601/1495485207554693841/20.jpg,0.06904502936697847,0.12917141461826467,1.10691599547863
fog,0.1,classical,clips/0601/1495485213552150385/20.jpg,0.03142667957011155,0.060938271604938275,1.481457962654531
fog,0.1,classical,clips/0601/1495485219551850010/20.jpg,2.3768212392745942e-05,4.753529495650521e-05,1.2247079284861684
fog,0.1,classical,clips/0601/1495485225546895923/20.jpg,0.13560218232508953,0.23881986920358106,1.4070000033825636
fog,0.1,classical,clips/0601/1495485231544226883/20.jpg,0.0,nan,1.2268749997019768
fog,0.1,classical,clips/0601/1495485237541517645/20.jpg,0.07201458523245215,0.13435374149659865,1.4904160052537918
fog,0.1,classical,clips/0601/1495485243539258908/20.jpg,0.016623972675845873,0.03270427045329274,1.4561249408870935
fog,0.1,classical,clips/0601/1495485249536332511/20.jpg,0.0,nan,1.5115829883143306
fog,0.1,classical,clips/0601/1495485255533685610/20.jpg,0.0,nan,1.562208984978497
fog,0.1,classical,clips/0601/1495485261533592244/20.jpg,0.022652282779116843,0.044301045742660354,1.6144579276442528
fog,0.1,classical,clips/0601/1495485267528430709/20.jpg,0.0009629052226145169,0.0019239578561612456,1.5048340428620577
fog,0.1,classical,clips/0601/1495485273526142378/20.jpg,0.03443325117848341,0.06657413832986352,1.4567080652341247
fog,0.1,classical,clips/0601/1495485279523114914/20.jpg,0.003925724332265601,0.007820746569427118,1.5283330576494336
fog,0.1,classical,clips/0601/1495485285520576618/20.jpg,0.0,nan,1.223167055286467
fog,0.1,classical,clips/0601/1495492512658106755/20.jpg,0.0,nan,1.3070829445496202
fog,0.1,classical,clips/0601/1495492518657921956/20.jpg,0.04373932398157254,0.08381273556833961,1.416417071595788
fog,0.1,classical,clips/0601/1495492524654518667/20.jpg,0.0,nan,1.3342909514904022
fog,0.1,classical,clips/0601/1495492530652417826/20.jpg,0.0,nan,1.2962499167770147
fog,0.1,classical,clips/0601/1495492536647945627/20.jpg,0.00957281025057511,0.0189640809526143,1.265792059712112
fog,0.1,classical,clips/0601/1495492542645333836/20.jpg,0.04002282942141685,0.07696529016325972,1.3326250482350588
fog,0.1,classical,clips/0601/1495492548642776463/20.jpg,0.0005060728744939271,0.0010116337885685382,1.006250036880374
fog,0.1,classical,clips/0601/1495492554641955081/20.jpg,0.08336167222108867,0.1538944460720713,1.3465420342981815
fog,0.1,twinlite,clips/0601/1494453497604532231/20.jpg,0.0013863355534794008,0.002768832575917176,29.646000009961426
fog,0.1,twinlite,clips/0601/1494453503601902751/20.jpg,0.0,nan,8.647750015370548
fog,0.1,twinlite,clips/0601/1494453509599288720/20.jpg,0.0,nan,8.924250025302172
fog,0.1,twinlite,clips/0601/1494453515596795530/20.jpg,0.0,nan,9.088083985261619
fog,0.1,twinlite,clips/0601/1494453521596643824/20.jpg,0.0,nan,8.382375002838671
fog,0.1,twinlite,clips/0601/1494453527591367337/20.jpg,0.0,nan,9.343832964077592
fog,0.1,twinlite,clips/0601/1494453533590270210/20.jpg,0.0,nan,8.714499999769032
fog,0.1,twinlite,clips/0601/1494453539586188022/20.jpg,0.0,nan,8.492207969538867
fog,0.1,twinlite,clips/0601/1494453545585907063/20.jpg,0.0,nan,8.540541981346905
fog,0.1,twinlite,clips/0601/1494453551580996478/20.jpg,0.0,nan,9.327459032647312
fog,0.1,twinlite,clips/0601/1494453557578299956/20.jpg,0.0,nan,9.526583948172629
fog,0.1,twinlite,clips/0601/1494453563575744757/20.jpg,0.0,nan,9.28954198025167
fog,0.1,twinlite,clips/0601/1494453569573067938/20.jpg,0.0,nan,9.018833981826901
fog,0.1,twinlite,clips/0601/1494453575572346547/20.jpg,0.0,nan,9.268875000998378
fog,0.1,twinlite,clips/0601/1494453581567767982/20.jpg,0.0,nan,8.23741708882153
fog,0.1,twinlite,clips/0601/1494453587565069969/20.jpg,0.0,nan,8.655415964312851
fog,0.1,twinlite,clips/0601/1494453593562528307/20.jpg,0.0,nan,9.139499976299703
fog,0.1,twinlite,clips/0601/1494453599561987554/20.jpg,0.0,nan,9.476458071731031
fog,0.1,twinlite,clips/0601/1494453605557268031/20.jpg,0.0,nan,8.12129199039191
fog,0.1,twinlite,clips/0601/1494453611554664747/20.jpg,0.0,nan,8.319083019159734
fog,0.1,twinlite,clips/0601/1494453617553424930/20.jpg,0.0,nan,8.218999952077866
fog,0.1,twinlite,clips/0601/1494453623549421445/20.jpg,0.01482602907781055,0.02921885850973533,9.883082937449217
fog,0.1,twinlite,clips/0601/1494453629547675743/20.jpg,0.013935047519095096,0.02748706152961472,7.634832989424467
fog,0.1,twinlite,clips/0601/1494453635544157546/20.jpg,0.009509875640087784,0.01884057971014493,8.116665994748473
fog,0.1,twinlite,clips/0601/1494453641541664519/20.jpg,0.004646330553230787,0.00924968401700563,8.336749975569546
fog,0.1,twinlite,clips/0601/1494453647538775071/20.jpg,0.016529930112427833,0.03252226938482693,8.407708955928683
fog,0.1,twinlite,clips/0601/1494453653536229036/20.jpg,0.005011898752433836,0.009973809780073907,7.984208990819752
fog,0.1,twinlite,clips/0601/1494453661532670510/20.jpg,0.010711984536082474,0.021196908120168938,7.795667042955756
fog,0.1,twinlite,clips/0601/1494453667532618102/20.jpg,0.006154427034170285,0.012233563494446112,7.911458960734308
fog,0.1,twinlite,clips/0601/1494453673527450206/20.jpg,0.0,nan,9.40429198089987
fog,0.1,twinlite,clips/0601/1494453679527133712/20.jpg,0.0020597322348094747,0.0041109969167523125,8.915459038689733
fog,0.1,twinlite,clips/0601/1494453685522315222/20.jpg,0.008232884266918775,0.016331314709904277,7.97695794608444
fog,0.1,twinlite,clips/0601/1494453691519533853/20.jpg,0.00012274456855284154,0.0002454590083456063,7.620375021360815
fog,0.1,twinlite,clips/0601/1494453697518974585/20.jpg,0.010199586594829047,0.02019321078760231,8.5472910432145
fog,0.1,twinlite,clips/0601/1494453703514316264/20.jpg,0.0025778973324366732,0.005142537730575741,9.025499923154712
fog,0.1,twinlite,clips/0601/1494453709513778562/20.jpg,0.00402649694765554,0.008020698576972834,8.51979199796915
fog,0.1,twinlite,clips/0601/1494453715509045873/20.jpg,0.011999515171104197,0.02371446822101565,8.12433403916657
fog,0.1,twinlite,clips/0601/1494453721506443914/20.jpg,0.013170878201553049,0.025999322493224935,7.706957985647023
fog,0.1,twinlite,clips/0601/1494453727503739315/20.jpg,0.0042752171008684035,0.008514034854330185,8.017167099751532
fog,0.1,twinlite,clips/0601/1494453733501172122/20.jpg,0.0,nan,7.96395807992667
fog,0.1,twinlite,clips/0601/1494453739498514009/20.jpg,0.0,nan,7.697082939557731
fog,0.1,twinlite,clips/0601/1494453745495966700/20.jpg,0.0008920968330562427,0.00178260341125471,8.671000017784536
fog,0.1,twinlite,clips/0601/1494453751493293308/20.jpg,0.0,nan,8.895917097106576
fog,0.1,twinlite,clips/0601/1494453757490822445/20.jpg,0.0,nan,8.418708923272789
fog,0.1,twinlite,clips/0601/1494453763488013443/20.jpg,0.0,nan,8.197957999072969
fog,0.1,twinlite,clips/0601/1494453769487225684/20.jpg,0.0,nan,7.860457990318537
fog,0.1,twinlite,clips/0601/1494453775482792464/20.jpg,0.0,nan,8.106666966341436
fog,0.1,twinlite,clips/0601/1494453781480173619/20.jpg,0.007212235430559583,0.014321183116836386,8.265834068879485
fog,0.1,twinlite,clips/0601/1494453787480034236/20.jpg,0.0,nan,7.827416993677616
fog,0.1,twinlite,clips/0601/1494453793475579483/20.jpg,0.0,nan,8.675957913510501
fog,0.1,twinlite,clips/0601/1494453799472239703/20.jpg,0.0,nan,7.988333934918046
fog,0.1,twinlite,clips/0601/1494453805469700214/20.jpg,0.004631264963303112,0.009219830448880728,7.478957995772362
fog,0.1,twinlite,clips/0601/1494453811467016035/20.jpg,0.00052544662963519,0.0010503413609423062,9.22979204915464
fog,0.1,twinlite,clips/0601/1494453817464323387/20.jpg,0.0,nan,9.170582983642817
fog,0.1,twinlite,clips/0601/1494453823461695785/20.jpg,0.017194109352968823,0.033806938508336215,8.008957956917584
fog,0.1,twinlite,clips/0601/1494453829459036893/20.jpg,0.0022206968950619775,0.004431552654902909,7.6195839792490005
fog,0.1,twinlite,clips/0601/1494453835456441057/20.jpg,0.007443591532914631,0.01477718771646271,9.071916923858225
fog,0.1,twinlite,clips/0601/1494453841456411836/20.jpg,0.0,nan,9.755666949786246
fog,0.1,twinlite,clips/0601/1494453847451852161/20.jpg,0.0,nan,8.197291055694222
fog,0.1,twinlite,clips/0601/1494453853451104735/20.jpg,0.0,nan,8.105334010906518
fog,0.1,twinlite,clips/0601/1494453859446867209/20.jpg,0.013612394228017823,0.026859170834005484,8.35587503388524
fog,0.1,twinlite,clips/0601/1494453865443302705/20.jpg,0.014309301045679693,0.028214867064568636,8.997374912723899
fog,0.1,twinlite,clips/0601/1494453871443269121/20.jpg,0.00658506039671959,0.01308396211269867,7.955915993079543
fog,0.1,twinlite,clips/0601/1494453877438073356/20.jpg,0.0,nan,7.527875015512109
fog,0.1,twinlite,clips/0601/1494453883436198482/20.jpg,0.0,nan,8.984000072814524
fog,0.1,twinlite,clips/0601/1494453889432873365/20.jpg,0.0,nan,9.905499988235533
fog,0.1,twinlite,clips/0601/1494453895431227611/20.jpg,0.010904210702902198,0.021573182874211748,8.360833977349102
fog,0.1,twinlite,clips/0601/1494453901427565927/20.jpg,0.00749770009199632,0.014883805871341827,7.612291956320405
fog,0.1,twinlite,clips/0601/1494453907426815473/20.jpg,0.028055198707057312,0.05457916801031925,8.782792021520436
fog,0.1,twinlite,clips/0601/1494453913422263611/20.jpg,0.014144775941994533,0.027894983591186123,9.211707976646721
fog,0.1,twinlite,clips/0601/1494453919420314205/20.jpg,0.03281310963714397,0.06354123380302973,8.34895798470825
fog,0.1,twinlite,clips/0601/1495058507652622962/20.jpg,0.0,nan,8.418458048254251
fog,0.1,twinlite,clips/0601/1495058515650447849/20.jpg,0.0,nan,7.938000024296343
fog,0.1,twinlite,clips/0601/1495058521646381547/20.jpg,0.0,nan,8.465375052765012
fog,0.1,twinlite,clips/0601/1495058527645454477/20.jpg,0.0,nan,8.315542014315724
fog,0.1,twinlite,clips/0601/1495058533641199011/20.jpg,0.0,nan,13.716917019337416
fog,0.1,twinlite,clips/0601/1495058539638866627/20.jpg,0.0,nan,9.027916938066483
fog,0.1,twinlite,clips/0601/1495058545635832279/20.jpg,0.0,nan,9.161541005596519
fog,0.1,twinlite,clips/0601/1495058551633359536/20.jpg,0.0,nan,9.232999989762902
fog,0.1,twinlite,clips/0601/1495058557632067443/20.jpg,0.0,nan,9.130124934017658
fog,0.1,twinlite,clips/0601/1495058563627986766/20.jpg,0.0,nan,9.028665954247117
fog,0.1,twinlite,clips/0601/1495058569626907953/20.jpg,0.0,nan,7.966208970174193
fog,0.1,twinlite,clips/0601/1495058575622734256/20.jpg,0.0,nan,8.528708945959806
fog,0.1,twinlite,clips/0601/1495058581620129503/20.jpg,0.01288974606235937,0.025451429659483986,8.457166026346385
fog,0.1,twinlite,clips/0601/1495058587617442669/20.jpg,0.0,nan,8.663541986607015
fog,0.1,twinlite,clips/0601/1495058593615616960/20.jpg,0.0,nan,7.797917001880705
fog,0.1,twinlite,clips/0601/1495058599612448574/20.jpg,0.0,nan,7.569917012006044
fog,0.1,twinlite,clips/0601/1495058605609578659/20.jpg,0.0,nan,8.817833033390343
fog,0.1,twinlite,clips/0601/1495058611609939176/20.jpg,0.0,nan,8.790666935965419
fog,0.1,twinlite,clips/0601/1495058617604256196/20.jpg,0.007323741943883862,0.014540989433547678,8.325750008225441
fog,0.1,twinlite,clips/0601/1495058623602404204/20.jpg,0.01454853034468175,0.028679811580307638,7.9602079931646585
fog,0.1,twinlite,clips/0601/1495058629599018470/20.jpg,0.001404135818228236,0.0028043339706819628,7.640708005055785
fog,0.1,twinlite,clips/0601/1495058635596342127/20.jpg,0.0030775223996883524,0.006136160627597188,8.761374978348613
fog,0.1,twinlite,clips/0601/1495058641593823148/20.jpg,0.0,nan,7.751166936941445
fog,0.1,twinlite,clips/0601/1495058647591446332/20.jpg,0.0,nan,8.335250080563128
fog,0.1,twinlite,clips/0601/1495058653588446886/20.jpg,0.0,nan,7.807290996424854
fog,0.1,twinlite,clips/0601/1495058659585835658/20.jpg,0.0,nan,7.722208043560386
fog,0.1,twinlite,clips/0601/1495058665583165347/20.jpg,0.0,nan,8.895040955394506
fog,0.1,twinlite,clips/0601/1495058671580580478/20.jpg,0.0,nan,7.935625035315752
fog,0.1,twinlite,clips/0601/1495058677578062974/20.jpg,0.0,nan,7.934708031825721
fog,0.1,twinlite,clips/0601/1495058683578929172/20.jpg,0.0007738635981292688,0.0015465303926842388,8.05237505119294
fog,0.1,twinlite,clips/0601/1495058689572753425/20.jpg,0.0,nan,8.375165984034538
fog,0.1,twinlite,clips/0601/1495058695570408263/20.jpg,0.0,nan,8.577874978072941
fog,0.1,twinlite,clips/0601/1495058701567358056/20.jpg,0.0,nan,7.8627499751746655
fog,0.1,twinlite,clips/0601/1495058707565707879/20.jpg,0.0,nan,7.895249989815056
fog,0.1,twinlite,clips/0601/1495058715562283498/20.jpg,0.0,nan,8.517832960933447
fog,0.1,twinlite,clips/0601/1495058721558633337/20.jpg,0.0010617589807113785,0.0021212656885274883,8.305166964419186
fog,0.1,twinlite,clips/0601/1495058727556647955/20.jpg,0.0,nan,8.349458104930818
fog,0.1,twinlite,clips/0601/1495058733553446687/20.jpg,0.0,nan,8.951249998062849
fog,0.1,twinlite,clips/0601/1495058739553286402/20.jpg,0.0,nan,8.060291991569102
fog,0.1,twinlite,clips/0601/1495058745548122682/20.jpg,0.0,nan,8.437542011961341
fog,0.1,twinlite,clips/0601/1495058751545486604/20.jpg,0.0,nan,8.32937506493181
fog,0.1,twinlite,clips/0601/1495058757543228003/20.jpg,0.0024965672200724003,0.004980699788320259,8.854125044308603
fog,0.1,twinlite,clips/0601/1495058763540182973/20.jpg,0.007304935396977583,0.014503920591034763,8.469042018987238
fog,0.1,twinlite,clips/0601/1495058769540492239/20.jpg,0.0,nan,9.226165944710374
fog,0.1,twinlite,clips/0601/1495058775535017414/20.jpg,0.0,nan,9.521041996777058
fog,0.1,twinlite,clips/0601/1495058781534953658/20.jpg,0.0,nan,9.65029199142009
fog,0.1,twinlite,clips/0601/1495058787529671793/20.jpg,0.02100728959575878,0.04115012656584669,9.801791980862617
fog,0.1,twinlite,clips/0601/1495058793526969174/20.jpg,0.02199874292897549,0.04305043050430504,9.133417042903602
fog,0.1,twinlite,clips/0601/1495058799525818237/20.jpg,0.0,nan,9.072832996025681
fog,0.1,twinlite,clips/0601/1495058805523198969/20.jpg,0.004617529186269385,0.009192611221923512,7.867916952818632
fog,0.1,twinlite,clips/0601/1495058811520330339/20.jpg,0.0025005770562437487,0.004988679534901569,7.55533401388675
fog,0.1,twinlite,clips/0601/1495058817516570927/20.jpg,0.002012485625102678,0.004016887322211747,9.205542039126158
fog,0.1,twinlite,clips/0601/1495058823515900521/20.jpg,0.002875569979049419,0.005734649571949371,9.254334028810263
fog,0.1,twinlite,clips/0601/1495058829511203058/20.jpg,0.008365562468471498,0.016592320840455248,8.215665933676064
fog,0.1,twinlite,clips/0601/1495058835510553015/20.jpg,0.020816413763624707,0.04078385394858052,8.051167009398341
fog,0.1,twinlite,clips/0601/1495058841505989452/20.jpg,0.009729059265863017,0.01927063339731286,8.316375082358718
fog,0.1,twinlite,clips/0601/1495058847507116852/20.jpg,0.0,nan,8.266165968962014
fog,0.1,twinlite,clips/0601/1495058853500724642/20.jpg,0.047913322632423753,0.09144520180745959,8.019333938136697
fog,0.1,twinlite,clips/0601/1495058859498417310/20.jpg,0.02501015022330491,0.04879980987087064,8.127000066451728
fog,0.1,twinlite,clips/0601/1495058865495399571/20.jpg,0.0,nan,8.460249984636903
fog,0.1,twinlite,clips/0601/1495058871492888869/20.jpg,0.007264864864864865,0.014424934529687029,8.703500032424927
fog,0.1,twinlite,clips/0601/1495058877492091924/20.jpg,0.02586880526424018,0.05043296985246953,7.973709027282894
fog,0.1,twinlite,clips/0601/1495058883487530264/20.jpg,0.02190201729106628,0.042865200225606324,7.458999985828996
fog,0.1,twinlite,clips/0601/1495058889484921618/20.jpg,0.023165717900063252,0.04528243566957732,8.236917085014284
fog,0.1,twinlite,clips/0601/1495058895482305544/20.jpg,0.027876703917475133,0.05424133811230586,9.268000023439527
fog,0.1,twinlite,clips/0601/1495058901481630657/20.jpg,0.022006666096914793,0.04306560187314463,9.024875005707145
fog,0.1,twinlite,clips/0601/1495058907477059235/20.jpg,0.008724659994867847,0.017298397354362758,8.326124981977046
fog,0.1,twinlite,clips/0601/1495058913475711516/20.jpg,0.01600063368846291,0.03149729076521264,7.363417069427669
fog,0.1,twinlite,clips/0601/1495058919475143504/20.jpg,0.014246343014627941,0.028092471050541367,7.796042016707361
fog,0.1,twinlite,clips/0601/1495058925469436408/20.jpg,0.023692484832381205,0.04628828517044472,8.064707973971963
fog,0.1,twinlite,clips/0601/1495058931466470327/20.jpg,0.024830009932003974,0.04845683614134486,8.508250000886619
fog,0.1,twinlite,clips/0601/1495058937463794073/20.jpg,0.0026495383380168605,0.005285073670723895,7.517209043726325
fog,0.1,twinlite,clips/0601/1495058943463632446/20.jpg,0.022895881299565105,0.0447667875453295,8.468167041428387
fog,0.1,twinlite,clips/0601/1495058949458758174/20.jpg,0.0,nan,7.780957967042923
fog,0.1,twinlite,clips/0601/1495485009641442407/20.jpg,0.0,nan,7.411916041746736
fog,0.1,twinlite,clips/0601/1495485015638767825/20.jpg,0.0,nan,8.689166978001595
fog,0.1,twinlite,clips/0601/1495485021636199888/20.jpg,0.0,nan,9.548750007525086
fog,0.1,twinlite,clips/0601/1495485027633718711/20.jpg,0.0,nan,8.975457982160151
fog,0.1,twinlite,clips/0601/1495485033630861236/20.jpg,0.0001270769133017759,0.00025412153362345543,7.867040927521884
fog,0.1,twinlite,clips/0601/1495485039628271607/20.jpg,0.0,nan,7.573125069029629
fog,0.1,twinlite,clips/0601/1495485045626852826/20.jpg,0.0027663590061790637,0.005517454751714537,7.870708010159433
fog,0.1,twinlite,clips/0601/1495485051623004273/20.jpg,0.0,nan,8.419415913522243
fog,0.1,twinlite,clips/0601/1495485057620656604/20.jpg,0.0,nan,8.85312503669411
fog,0.1,twinlite,clips/0601/1495485063617750112/20.jpg,0.0,nan,7.7943329233676195
fog,0.1,twinlite,clips/0601/1495485069617812641/20.jpg,0.0,nan,7.590541965328157
fog,0.1,twinlite,clips/0601/1495485075612519689/20.jpg,0.0,nan,7.9724169336259365
fog,0.1,twinlite,clips/0601/1495485081611855219/20.jpg,0.0,nan,8.689458016306162
fog,0.1,twinlite,clips/0601/1495485087607351973/20.jpg,0.0,nan,8.898666012100875
fog,0.1,twinlite,clips/0601/1495485093604646206/20.jpg,0.0,nan,7.9052080400288105
fog,0.1,twinlite,clips/0601/1495485099601922885/20.jpg,0.0,nan,8.523875032551587
fog,0.1,twinlite,clips/0601/1495485105599385453/20.jpg,0.0,nan,8.41699994634837
fog,0.1,twinlite,clips/0601/1495485111599411627/20.jpg,0.0,nan,8.297833963297307
fog,0.1,twinlite,clips/0601/1495485117594185994/20.jpg,0.0,nan,8.733000024221838
fog,0.1,twinlite,clips/0601/1495485123591495860/20.jpg,0.0,nan,7.852165959775448
fog,0.1,twinlite,clips/0601/1495485129589080069/20.jpg,0.0,nan,7.572166039608419
fog,0.1,twinlite,clips/0601/1495485135586245515/20.jpg,0.0,nan,8.340292028151453
fog,0.1,twinlite,clips/0601/1495485141585513338/20.jpg,0.00010495657421741754,0.00020989111898202806,7.947583100758493
fog,0.1,twinlite,clips/0601/1495485147581014946/20.jpg,0.0,nan,8.569083991460502
fog,0.1,twinlite,clips/0601/1495485153579251831/20.jpg,0.0,nan,7.877542055211961
fog,0.1,twinlite,clips/0601/1495485159575742672/20.jpg,0.0,nan,7.811915944330394
fog,0.1,twinlite,clips/0601/1495485165575366989/20.jpg,0.0,nan,9.224166977219284
fog,0.1,twinlite,clips/0601/1495485171570457961/20.jpg,0.0,nan,9.075250010937452
fog,0.1,twinlite,clips/0601/1495485177570314287/20.jpg,0.0,nan,11.3099169684574
fog,0.1,twinlite,clips/0601/1495485183565129358/20.jpg,0.0,nan,9.289250010624528
fog,0.1,twinlite,clips/0601/1495485189564879401/20.jpg,0.0,nan,8.120207930915058
fog,0.1,twinlite,clips/0601/1495485195559966192/20.jpg,0.0,nan,8.80716706160456
fog,0.1,twinlite,clips/0601/1495485201558641598/20.jpg,0.0,nan,7.869374938309193
fog,0.1,twinlite,clips/0601/1495485207554693841/20.jpg,0.0,nan,7.751707918941975
fog,0.1,twinlite,clips/0601/1495485213552150385/20.jpg,0.0,nan,8.059291983954608
fog,0.1,twinlite,clips/0601/1495485219551850010/20.jpg,0.0,nan,8.629291085526347
fog,0.1,twinlite,clips/0601/1495485225546895923/20.jpg,0.0,nan,8.117582998238504
fog,0.1,twinlite,clips/0601/1495485231544226883/20.jpg,0.0,nan,8.322917041368783
fog,0.1,twinlite,clips/0601/1495485237541517645/20.jpg,0.0,nan,7.966666016727686
fog,0.1,twinlite,clips/0601/1495485243539258908/20.jpg,0.0,nan,8.439124911092222
fog,0.1,twinlite,clips/0601/1495485249536332511/20.jpg,0.0,nan,8.688207948580384
fog,0.1,twinlite,clips/0601/1495485255533685610/20.jpg,0.0,nan,9.035459021106362
fog,0.1,twinlite,clips/0601/1495485261533592244/20.jpg,0.0,nan,8.919374900870025
fog,0.1,twinlite,clips/0601/1495485267528430709/20.jpg,0.0,nan,7.9652089625597
fog,0.1,twinlite,clips/0601/1495485273526142378/20.jpg,0.0,nan,8.392082992941141
fog,0.1,twinlite,clips/0601/1495485279523114914/20.jpg,0.0,nan,9.05925000552088
fog,0.1,twinlite,clips/0601/1495485285520576618/20.jpg,0.0,nan,8.902041940018535
fog,0.1,twinlite,clips/0601/1495492512658106755/20.jpg,0.0,nan,8.908167015761137
fog,0.1,twinlite,clips/0601/1495492518657921956/20.jpg,0.0,nan,8.479416952468455
fog,0.1,twinlite,clips/0601/1495492524654518667/20.jpg,0.0,nan,8.589458069764078
fog,0.1,twinlite,clips/0601/1495492530652417826/20.jpg,0.0,nan,8.904916932806373
fog,0.1,twinlite,clips/0601/1495492536647945627/20.jpg,0.0,nan,8.842249982990324
fog,0.1,twinlite,clips/0601/1495492542645333836/20.jpg,0.0,nan,8.957291953265667
fog,0.1,twinlite,clips/0601/1495492548642776463/20.jpg,0.0,nan,7.925999932922423
fog,0.1,twinlite,clips/0601/1495492554641955081/20.jpg,0.0,nan,8.374999975785613
illumination,1.0,classical,clips/0601/1494453497604532231/20.jpg,0.08419779087222459,0.15531813767022792,2.269625081680715
illumination,1.0,classical,clips/0601/1494453503601902751/20.jpg,0.0059547074376365096,0.011838917584677972,1.8081659218296409
illumination,1.0,classical,clips/0601/1494453509599288720/20.jpg,0.01488088667122955,0.029325385602714988,1.9185409182682633
illumination,1.0,classical,clips/0601/1494453515596795530/20.jpg,0.1798671666741969,0.30489392662939424,2.1792500047013164
illumination,1.0,classical,clips/0601/1494453521596643824/20.jpg,0.09886059788499987,0.17993291974483197,2.514334046281874
illumination,1.0,classical,clips/0601/1494453527591367337/20.jpg,0.01897443549189297,0.03724222086638194,1.8780420068651438
illumination,1.0,classical,clips/0601/1494453533590270210/20.jpg,0.12597600673814566,0.22376321695004348,2.3255411069840193
illumination,1.0,classical,clips/0601/1494453539586188022/20.jpg,0.06696663829097248,0.1255271456251662,2.0609579514712095
illumination,1.0,classical,clips/0601/1494453545585907063/20.jpg,0.008427813941457947,0.01671475900395426,1.4757500030100346
illumination,1.0,classical,clips/0601/1494453551580996478/20.jpg,0.08508867531952839,0.15683266677623767,2.2425419883802533
illumination,1.0,classical,clips/0601/1494453557578299956/20.jpg,0.13826486285217823,0.24293970123214478,2.122833044268191
illumination,1.0,classical,clips/0601/1494453563575744757/20.jpg,0.10207087387306972,0.18523468189365408,2.360332990065217
illumination,1.0,classical,clips/0601/1494453569573067938/20.jpg,0.10803206002728513,0.19499807618314738,2.065708045847714
illumination,1.0,classical,clips/0601/1494453575572346547/20.jpg,0.16215675986307873,0.2790617676778535,1.7556250095367432
illumination,1.0,classical,clips/0601/1494453581567767982/20.jpg,0.030449238769030773,0.059098959217836436,3.7450409727171063
illumination,1.0,classical,clips/0601/1494453587565069969/20.jpg,0.035130752077843094,0.06787693633354876,1.8422499997541308
illumination,1.0,classical,clips/0601/1494453593562528307/20.jpg,0.045138399360872224,0.08637784122844488,1.8780409591272473
illumination,1.0,classical,clips/0601/1494453599561987554/20.jpg,0.054433456252095204,0.10324683066407027,1.6584579134359956
illumination,1.0,classical,clips/0601/1494453605557268031/20.jpg,0.006523472420208268,0.012962385078854511,1.6188330482691526
illumination,1.0,classical,clips/0601/1494453611554664747/20.jpg,0.0016770814188568279,0.0033485470516731266,1.7047910951077938
illumination,1.0,classical,clips/0601/1494453617553424930/20.jpg,0.019404397844764817,0.038070068926109785,2.3485840065404773
illumination,1.0,classical,clips/0601/1494453623549421445/20.jpg,0.05163099355079914,0.09819222496755958,3.265917068347335
illumination,1.0,classical,clips/0601/1494453629547675743/20.jpg,0.056916835699797164,0.1077035274248647,2.866499940864742
illumination,1.0,classical,clips/0601/1494453635544157546/20.jpg,0.05730829188627422,0.10840412834374781,2.257874934002757
illumination,1.0,classical,clips/0601/1494453641541664519/20.jpg,0.0,nan,2.8124169912189245
illumination,1.0,classical,clips/0601/1494453647538775071/20.jpg,0.07739621983713924,0.14367271466543396,1.8648330587893724
illumination,1.0,classical,clips/0601/1494453653536229036/20.jpg,0.0011254776736638224,0.002248424795419488,2.089833957143128
illumination,1.0,classical,clips/0601/1494453661532670510/20.jpg,0.025013376136971643,0.04880595067206055,1.8623339710757136
illumination,1.0,classical,clips/0601/1494453667532618102/20.jpg,0.22825298232374538,0.3716709596616017,2.151041990146041
illumination,1.0,classical,clips/0601/1494453673527450206/20.jpg,0.1285251443865333,0.22777542002646228,1.7877500504255295
illumination,1.0,classical,clips/0601/1494453679527133712/20.jpg,0.12162258163821071,0.21686899609416235,1.881500007584691
illumination,1.0,classical,clips/0601/1494453685522315222/20.jpg,0.169072782741338,0.2892425266199119,1.9780000438913703
illumination,1.0,classical,clips/0601/1494453691519533853/20.jpg,0.14960863377609107,0.2602775055449528,1.941957976669073
illumination,1.0,classical,clips/0601/1494453697518974585/20.jpg,0.21213993358560507,0.3500254841997961,1.9009170355275273
illumination,1.0,classical,clips/0601/1494453703514316264/20.jpg,0.21821720061575997,0.35825664012207337,1.9240420078858733
illumination,1.0,classical,clips/0601/1494453709513778562/20.jpg,0.32893219327898193,0.49503231984678003,1.7682920442894101
illumination,1.0,classical,clips/0601/1494453715509045873/20.jpg,0.1425571779299651,0.24954055811586415,1.9417909206822515
illumination,1.0,classical,clips/0601/1494453721506443914/20.jpg,0.1778607833554423,0.3020064609821878,1.8263750243932009
illumination,1.0,classical,clips/0601/1494453727503739315/20.jpg,0.13873904827349254,0.24367136348550225,1.708041992969811
illumination,1.0,classical,clips/0601/1494453733501172122/20.jpg,0.10534048805417146,0.19060278564410796,2.2715830709785223
illumination,1.0,classical,clips/0601/1494453739498514009/20.jpg,0.18608444116198916,0.3137794151986093,1.8640420166775584
illumination,1.0,classical,clips/0601/1494453745495966700/20.jpg,0.20268844648630255,0.3370589400413118,3.061249968595803
illumination,1.0,classical,clips/0601/1494453751493293308/20.jpg,0.11239411291467512,0.20207606568535694,2.517416956834495
illumination,1.0,classical,clips/0601/1494453757490822445/20.jpg,0.11018809147334388,0.1985034649887335,1.9717080285772681
illumination,1.0,classical,clips/0601/1494453763488013443/20.jpg,0.05901944458049665,0.11146054944038479,1.8550000386312604
illumination,1.0,classical,clips/0601/1494453769487225684/20.jpg,0.04514533085961658,0.0863905325443787,1.7925829160958529
illumination,1.0,classical,clips/0601/1494453775482792464/20.jpg,0.06868347338935574,0.12853847766827425,1.8354590283706784
illumination,1.0,classical,clips/0601/1494453781480173619/20.jpg,0.15095906558079725,0.26231873938039707,1.8457089317962527
illumination,1.0,classical,clips/0601/1494453787480034236/20.jpg,0.06146227092205369,0.1158067933373904,1.7431250307708979
illumination,1.0,classical,clips/0601/1494453793475579483/20.jpg,0.09214784534150912,0.16874610106051155,1.7462080577388406
illumination,1.0,classical,clips/0601/1494453799472239703/20.jpg,0.08353200350061864,0.1541846539479181,1.7587080365046859
illumination,1.0,classical,clips/0601/1494453805469700214/20.jpg,0.18863649738127464,0.3173998069163552,1.8669170094653964
illumination,1.0,classical,clips/0601/1494453811467016035/20.jpg,0.16086970182549407,0.27715376079248655,1.7473340267315507
illumination,1.0,classical,clips/0601/1494453817464323387/20.jpg,0.13248886485929817,0.23397822083797487,1.662749913521111
illumination,1.0,classical,clips/0601/1494453823461695785/20.jpg,0.15566760037348273,0.269398571567075,1.5267499256879091
illumination,1.0,classical,clips/0601/1494453829459036893/20.jpg,0.16863155761240414,0.2885966180083827,1.6234589274972677
illumination,1.0,classical,clips/0601/1494453835456441057/20.jpg,0.12571006771719245,0.22334359676131832,1.5463749878108501
illumination,1.0,classical,clips/0601/1494453841456411836/20.jpg,0.0,nan,1.357708009891212
illumination,1.0,classical,clips/0601/1494453847451852161/20.jpg,0.03485888140859658,0.06736934288305758,1.4431660529226065
illumination,1.0,classical,clips/0601/1494453853451104735/20.jpg,0.21162100854999127,0.34931881678619775,1.7529999604448676
illumination,1.0,classical,clips/0601/1494453859446867209/20.jpg,0.16609270474607132,0.2848704979802437,1.7771670827642083
illumination,1.0,classical,clips/0601/1494453865443302705/20.jpg,0.16031732914635155,0.27633359447332806,1.631665974855423
illumination,1.0,classical,clips/0601/1494453871443269121/20.jpg,0.30376056390006273,0.4659759963768116,1.555625000037253
illumination,1.0,classical,clips/0601/1494453877438073356/20.jpg,0.05866872521842872,0.1108349076928176,1.4581250725314021
illumination,1.0,classical,clips/0601/1494453883436198482/20.jpg,0.12626125951985154,0.2242130916829712,1.56074995175004
illumination,1.0,classical,clips/0601/1494453889432873365/20.jpg,0.09917220168177207,0.1804488896826814,1.5522920293733478
illumination,1.0,classical,clips/0601/1494453895431227611/20.jpg,0.1950605442992447,0.3264446227929374,1.7807079711928964
illumination,1.0,classical,clips/0601/1494453901427565927/20.jpg,0.06100110687492313,0.11498782890923843,1.6357910353690386
illumination,1.0,classical,clips/0601/1494453907426815473/20.jpg,0.12783934606617936,0.22669779434823514,1.6265000449493527
illumination,1.0,classical,clips/0601/1494453913422263611/20.jpg,0.32461792028768355,0.49013064871896384,1.720333006232977
illumination,1.0,classical,clips/0601/1494453919420314205/20.jpg,0.2498448939074327,0.399801439563167,1.7568339826539159
illumination,1.0,classical,clips/0601/1495058507652622962/20.jpg,0.22391865516590065,0.365904472851668,2.213332918472588
illumination,1.0,classical,clips/0601/1495058515650447849/20.jpg,0.1405170286278381,0.24640934786724727,2.8432089602574706
illumination,1.0,classical,clips/0601/1495058521646381547/20.jpg,0.07746411938028705,0.14378969654199014,2.234291983768344
illumination,1.0,classical,clips/0601/1495058527645454477/20.jpg,0.010965132889362815,0.021692405667887278,3.00454196985811
illumination,1.0,classical,clips/0601/1495058533641199011/20.jpg,0.11956993489840205,0.2135997603566457,3.2335000578314066
illumination,1.0,classical,clips/0601/1495058539638866627/20.jpg,0.017323635226028467,0.03405727464924082,2.442374941892922
illumination,1.0,classical,clips/0601/1495058545635832279/20.jpg,0.02953149098632146,0.057368795893808784,2.0091660553589463
illumination,1.0,classical,clips/0601/1495058551633359536/20.jpg,0.2727998977439765,0.4286610931184253,1.921999966725707
illumination,1.0,classical,clips/0601/1495058557632067443/20.jpg,0.0028357892505035515,0.005655540579825048,1.9652090268209577
illumination,1.0,classical,clips/0601/1495058563627986766/20.jpg,0.1163898045806132,0.20851104892405675,2.8632499743252993
illumination,1.0,classical,clips/0601/1495058569626907953/20.jpg,0.1294225481209899,0.22918357409511445,2.428916981443763
illumination,1.0,classical,clips/0601/1495058575622734256/20.jpg,0.21594122539506516,0.3551836567181194,2.0148749463260174
illumination,1.0,classical,clips/0601/1495058581620129503/20.jpg,0.04953015344355894,0.09438538431897,2.1910000359639525
illumination,1.0,classical,clips/0601/1495058587617442669/20.jpg,0.08716887224690095,0.16035939672692268,2.9175839154049754
illumination,1.0,classical,clips/0601/1495058593615616960/20.jpg,0.08270646526649415,0.15277726312669063,2.7267499826848507
illumination,1.0,classical,clips/0601/1495058599612448574/20.jpg,0.10116288525656664,0.18373827634591242,2.1721250377595425
illumination,1.0,classical,clips/0601/1495058605609578659/20.jpg,0.1056475170399221,0.19110523998238663,3.4020841121673584
illumination,1.0,classical,clips/0601/1495058611609939176/20.jpg,0.08923460568449092,0.16384827514438835,1.9244160503149033
illumination,1.0,classical,clips/0601/1495058617604256196/20.jpg,0.0032772729948780345,0.006533135122447383,2.3694169940426946
illumination,1.0,classical,clips/0601/1495058623602404204/20.jpg,0.12000455749565614,0.21429298067141403,2.4945419281721115
illumination,1.0,classical,clips/0601/1495058629599018470/20.jpg,0.13186637965399028,0.2330069733042192,1.6248330939561129
illumination,1.0,classical,clips/0601/1495058635596342127/20.jpg,0.13407437116828053,0.2364472288182691,2.5359580758959055
illumination,1.0,classical,clips/0601/1495058641593823148/20.jpg,0.11980929397569087,0.21398160315374506,2.668208093382418
illumination,1.0,classical,clips/0601/1495058647591446332/20.jpg,0.1702975432640166,0.29103289884561917,2.372250077314675
illumination,1.0,classical,clips/0601/1495058653588446886/20.jpg,0.1125839983200336,0.2023829184853132,2.0985829178243876
illumination,1.0,classical,clips/0601/1495058659585835658/20.jpg,0.12325184157147433,0.219455400845887,4.896750091575086
illumination,1.0,classical,clips/0601/1495058665583165347/20.jpg,0.05619286088627497,0.10640643951924136,2.391332993283868
illumination,1.0,classical,clips/0601/1495058671580580478/20.jpg,0.07983434048760159,0.14786405190920712,3.0040419660508633
illumination,1.0,classical,clips/0601/1495058677578062974/20.jpg,0.14130013688370052,0.24761258203213393,2.0529169123619795
illumination,1.0,classical,clips/0601/1495058683578929172/20.jpg,0.14948822927328556,0.26009527625662254,3.031041007488966
illumination,1.0,classical,clips/0601/1495058689572753425/20.jpg,0.03500459314412803,0.06764142570187322,2.5282501010224223
illumination,1.0,classical,clips/0601/1495058695570408263/20.jpg,0.031342771169497345,0.060780512639761884,2.951459027826786
illumination,1.0,classical,clips/0601/1495058701567358056/20.jpg,0.1600947306098283,0.27600285801776053,1.9090418936684728
illumination,1.0,classical,clips/0601/1495058707565707879/20.jpg,0.15915511609428798,0.274605380909766,2.536707906983793
illumination,1.0,classical,clips/0601/1495058715562283498/20.jpg,0.06286765595874991,0.11829818248075433,2.8827089117839932
illumination,1.0,classical,clips/0601/1495058721558633337/20.jpg,0.0679148098848313,0.12719143747459696,2.773083047941327
illumination,1.0,classical,clips/0601/1495058727556647955/20.jpg,0.02085652068715219,0.04086082669700418,3.3970000222325325
illumination,1.0,classical,clips/0601/1495058733553446687/20.jpg,0.19209669640704125,0.3222837492730537,3.008167026564479
illumination,1.0,classical,clips/0601/1495058739553286402/20.jpg,0.09879592466810744,0.17982579376229277,2.392458962276578
illumination,1.0,classical,clips/0601/1495058745548122682/20.jpg,0.17955490785438868,0.30444518802604825,2.316374913789332
illumination,1.0,classical,clips/0601/1495058751545486604/20.jpg,0.20060807075732448,0.3341774483171417,1.9906250527128577
illumination,1.0,classical,clips/0601/1495058757543228003/20.jpg,0.2317979641183319,0.37635711516091513,2.3765420773997903
illumination,1.0,classical,clips/0601/1495058763540182973/20.jpg,0.10676665504011161,0.1929343544168164,2.06941703800112
illumination,1.0,classical,clips/0601/1495058769540492239/20.jpg,0.07151621936255231,0.13348602302090673,1.953833969309926
illumination,1.0,classical,clips/0601/1495058775535017414/20.jpg,0.041383737870070866,0.07947836395969177,2.185625024139881
illumination,1.0,classical,clips/0601/1495058781534953658/20.jpg,0.22135754431474275,0.3624778761061947,2.1684999810531735
illumination,1.0,classical,clips/0601/1495058787529671793/20.jpg,0.17373293100802945,0.2960348583877995,2.0300420001149178
illumination,1.0,classical,clips/0601/1495058793526969174/20.jpg,0.07509787234042553,0.13970425255691712,1.9365419866517186
illumination,1.0,classical,clips/0601/1495058799525818237/20.jpg,0.23408607087698793,0.3793674953492305,1.84299994725734
illumination,1.0,classical,clips/0601/1495058805523198969/20.jpg,0.1542313627917231,0.26724514298188173,1.8887920305132866
illumination,1.0,classical,clips/0601/1495058811520330339/20.jpg,0.14522029584857643,0.2536111111111111,1.7894579796120524
illumination,1.0,classical,clips/0601/1495058817516570927/20.jpg,0.03368142373878512,0.0651678998292544,1.7515829531475902
illumination,1.0,classical,clips/0601/1495058823515900521/20.jpg,0.05883671410960439,0.1111346316680779,1.7812500009313226
illumination,1.0,classical,clips/0601/1495058829511203058/20.jpg,0.2681816471650551,0.4229388554306227,1.77650002297014
illumination,1.0,classical,clips/0601/1495058835510553015/20.jpg,0.3117419958663183,0.47530992656895676,1.8954590195789933
illumination,1.0,classical,clips/0601/1495058841505989452/20.jpg,0.19204788657035848,0.3222150531601537,1.7798750195652246
illumination,1.0,classical,clips/0601/1495058847507116852/20.jpg,0.0,nan,1.5242910012602806
illumination,1.0,classical,clips/0601/1495058853500724642/20.jpg,0.3157528985772283,0.47995774726191137,1.7499999376013875
illumination,1.0,classical,clips/0601/1495058859498417310/20.jpg,0.1615902911856259,0.2782225237449118,1.8885420868173242
illumination,1.0,classical,clips/0601/1495058865495399571/20.jpg,0.15219269447420258,0.26417923877508176,1.6107909614220262
illumination,1.0,classical,clips/0601/1495058871492888869/20.jpg,0.29325016364406453,0.45350879804686334,1.8587500089779496
illumination,1.0,classical,clips/0601/1495058877492091924/20.jpg,0.10099428196816841,0.18346013893483293,1.7380829667672515
illumination,1.0,classical,clips/0601/1495058883487530264/20.jpg,0.15982307408772575,0.2755990593021039,1.6239579999819398
illumination,1.0,classical,clips/0601/1495058889484921618/20.jpg,0.3178214153390144,0.48234367971210074,1.7016249476000667
illumination,1.0,classical,clips/0601/1495058895482305544/20.jpg,0.2738975921090804,0.43001508724985055,1.706375041976571
illumination,1.0,classical,clips/0601/1495058901481630657/20.jpg,0.2963292395060039,0.4571820652891036,1.9502919167280197
illumination,1.0,classical,clips/0601/1495058907477059235/20.jpg,0.0,nan,1.9713749643415213
illumination,1.0,classical,clips/0601/1495058913475711516/20.jpg,0.08285732025332174,0.1530346033657292,1.8571250839158893
illumination,1.0,classical,clips/0601/1495058919475143504/20.jpg,0.21739928757665897,0.3571536303580585,1.7235829727724195
illumination,1.0,classical,clips/0601/1495058925469436408/20.jpg,0.14757305803013904,0.25719156963035517,1.7435840563848615
illumination,1.0,classical,clips/0601/1495058931466470327/20.jpg,0.13920727649190268,0.24439323618188308,2.110125031322241
illumination,1.0,classical,clips/0601/1495058937463794073/20.jpg,0.1857574841245842,0.3133144620406498,1.9367079949006438
illumination,1.0,classical,clips/0601/1495058943463632446/20.jpg,0.1772358403748013,0.30110507053263696,1.4664169866591692
illumination,1.0,classical,clips/0601/1495058949458758174/20.jpg,0.1360711002145265,0.23954680334502293,1.5157079324126244
illumination,1.0,classical,clips/0601/1495485009641442407/20.jpg,0.05653460371810857,0.1070189343901365,2.6731250109151006
illumination,1.0,classical,clips/0601/1495485015638767825/20.jpg,0.011553375009891589,0.022842838144410547,2.359083970077336
illumination,1.0,classical,clips/0601/1495485021636199888/20.jpg,0.049786083306425574,0.09484995866894788,3.051667008548975
illumination,1.0,classical,clips/0601/1495485027633718711/20.jpg,0.15578764142732812,0.269578313253012,2.5296249659731984
illumination,1.0,classical,clips/0601/1495485033630861236/20.jpg,0.14384606998800828,0.25151298546580897,2.1577089792117476
illumination,1.0,classical,clips/0601/1495485039628271607/20.jpg,0.08683017040200784,0.15978608759064944,2.714834059588611
illumination,1.0,classical,clips/0601/1495485045626852826/20.jpg,0.06684309715706323,0.12531008043298503,3.0100829899311066
illumination,1.0,classical,clips/0601/1495485051623004273/20.jpg,0.06067015706806283,0.11439966829229767,3.7257500225678086
illumination,1.0,classical,clips/0601/1495485057620656604/20.jpg,0.11684677552974097,0.20924405762700687,2.996666938997805
illumination,1.0,classical,clips/0601/1495485063617750112/20.jpg,0.06748113679761221,0.12643059342491447,2.6833328884094954
illumination,1.0,classical,clips/0601/1495485069617812641/20.jpg,0.11432301807270312,0.2051882913994409,2.2995000472292304
illumination,1.0,classical,clips/0601/1495485075612519689/20.jpg,0.02645492690085988,0.05154620277528275,2.413707901723683
illumination,1.0,classical,clips/0601/1495485081611855219/20.jpg,0.0912888397199916,0.16730463356230227,2.5701249251142144
illumination,1.0,classical,clips/0601/1495485087607351973/20.jpg,0.02438887011377718,0.04761642931764447,2.5363749591633677
illumination,1.0,classical,clips/0601/1495485093604646206/20.jpg,0.05018277177368086,0.09556959630736636,2.480124938301742
illumination,1.0,classical,clips/0601/1495485099601922885/20.jpg,0.0,nan,1.6710420604795218
illumination,1.0,classical,clips/0601/1495485105599385453/20.jpg,0.10855884203901825,0.19585580471189326,2.4519579019397497
illumination,1.0,classical,clips/0601/1495485111599411627/20.jpg,0.0006684950291395269,0.0013360968841535483,2.6417080080136657
illumination,1.0,classical,clips/0601/1495485117594185994/20.jpg,0.08683243485235688,0.15978992173554854,2.791582955978811
illumination,1.0,classical,clips/0601/1495485123591495860/20.jpg,0.11868300153139356,0.21218343600273787,3.566458006389439
illumination,1.0,classical,clips/0601/1495485129589080069/20.jpg,0.004592159898655782,0.009142336725221991,3.164708032272756
illumination,1.0,classical,clips/0601/1495485135586245515/20.jpg,0.0681663258350375,0.1276324186343331,2.054166980087757
illumination,1.0,classical,clips/0601/1495485141585513338/20.jpg,0.06726590097837948,0.12605275014729836,4.822916002012789
illumination,1.0,classical,clips/0601/1495485147581014946/20.jpg,0.11503783609724683,0.20633889249873658,3.951249993406236
illumination,1.0,classical,clips/0601/1495485153579251831/20.jpg,0.049742894640590375,0.09477157672521572,2.63104191981256
illumination,1.0,classical,clips/0601/1495485159575742672/20.jpg,0.10363894783980063,0.18781313951026746,3.065000055357814
illumination,1.0,classical,clips/0601/1495485165575366989/20.jpg,0.08864519914912344,0.16285415894619817,2.759207971394062
illumination,1.0,classical,clips/0601/1495485171570457961/20.jpg,0.07381321312860967,0.13747868293322837,4.618957987986505
illumination,1.0,classical,clips/0601/1495485177570314287/20.jpg,0.10233750863004241,0.18567363956838395,4.115540999919176
illumination,1.0,classical,clips/0601/1495485183565129358/20.jpg,0.12506999826211213,0.22233282987779762,3.6828749580308795
illumination,1.0,classical,clips/0601/1495485189564879401/20.jpg,0.07740061717190053,0.1436802911345486,3.1345830066129565
illumination,1.0,classical,clips/0601/1495485195559966192/20.jpg,0.08093896713615023,0.14975677553856845,4.610875039361417
illumination,1.0,classical,clips/0601/1495485201558641598/20.jpg,0.12007912957467853,0.21441186859766867,2.7801250107586384
illumination,1.0,classical,clips/0601/1495485207554693841/20.jpg,0.06110679108346293,0.11517557251908396,3.0354999471455812
illumination,1.0,classical,clips/0601/1495485213552150385/20.jpg,0.008734109698639879,0.017316971072286236,3.5502499667927623
illumination,1.0,classical,clips/0601/1495485219551850010/20.jpg,0.08590980138004652,0.1582264038336639,3.062915988266468
illumination,1.0,classical,clips/0601/1495485225546895923/20.jpg,0.03620283654796786,0.06987596495793218,3.5150410840287805
illumination,1.0,classical,clips/0601/1495485231544226883/20.jpg,0.024659000719836097,0.048131135729082224,5.036250106059015
illumination,1.0,classical,clips/0601/1495485237541517645/20.jpg,0.10408610903828325,0.188547085569164,4.979292047210038
illumination,1.0,classical,clips/0601/1495485243539258908/20.jpg,0.05434759138902684,0.10309236125332785,4.367124987766147
illumination,1.0,classical,clips/0601/1495485249536332511/20.jpg,0.02195423036748647,0.042965192990280794,6.274292012676597
illumination,1.0,classical,clips/0601/1495485255533685610/20.jpg,0.012884688769669353,0.02544157081754316,6.072874995879829
illumination,1.0,classical,clips/0601/1495485261533592244/20.jpg,0.016139703321958354,0.03176670150609119,6.957166944630444
illumination,1.0,classical,clips/0601/1495485267528430709/20.jpg,0.037300519130936356,0.07191844300278036,7.789750001393259
illumination,1.0,classical,clips/0601/1495485273526142378/20.jpg,0.028038431343227786,0.05454743808865777,4.759249975904822
illumination,1.0,classical,clips/0601/1495485279523114914/20.jpg,0.10217798986204207,0.185411051212938,5.668291007168591
illumination,1.0,classical,clips/0601/1495485285520576618/20.jpg,0.10404657377362092,0.18848221849553085,2.877500024624169
illumination,1.0,classical,clips/0601/1495492512658106755/20.jpg,0.0,nan,1.9138749921694398
illumination,1.0,classical,clips/0601/1495492518657921956/20.jpg,0.1469490514785451,0.25624338114951384,3.523375024087727
illumination,1.0,classical,clips/0601/1495492524654518667/20.jpg,0.042308775600531125,0.08118280607616438,3.5284169716760516
illumination,1.0,classical,clips/0601/1495492530652417826/20.jpg,0.09113300492610837,0.1670428893905192,3.6850409815087914
illumination,1.0,classical,clips/0601/1495492536647945627/20.jpg,0.058431952662721894,0.11041229909154439,2.5271669728681445
illumination,1.0,classical,clips/0601/1495492542645333836/20.jpg,0.009298777719256824,0.018426214168751013,3.5200419370085
illumination,1.0,classical,clips/0601/1495492548642776463/20.jpg,0.030267150151705766,0.05875592587271943,3.9195000426843762
illumination,1.0,classical,clips/0601/1495492554641955081/20.jpg,0.04588682417640156,0.08774720766280958,4.0220830123871565
illumination,1.0,twinlite,clips/0601/1494453497604532231/20.jpg,0.4981041490493467,0.6649793331998033,35.895291017368436
illumination,1.0,twinlite,clips/0601/1494453503601902751/20.jpg,0.44206839602494374,0.613103230392544,8.218625094741583
illumination,1.0,twinlite,clips/0601/1494453509599288720/20.jpg,0.22322597538622677,0.3649791287594991,8.31970910076052
illumination,1.0,twinlite,clips/0601/1494453515596795530/20.jpg,0.27906976744186046,0.43636363636363634,8.080292027443647
illumination,1.0,twinlite,clips/0601/1494453521596643824/20.jpg,0.3289766820139611,0.49508270004470273,7.95437500346452
illumination,1.0,twinlite,clips/0601/1494453527591367337/20.jpg,0.33380782918149465,0.5005336179295624,7.954291999340057
illumination,1.0,twinlite,clips/0601/1494453533590270210/20.jpg,0.4805987196056626,0.6491951036316763,8.232041960582137
illumination,1.0,twinlite,clips/0601/1494453539586188022/20.jpg,0.3579120706780281,0.5271505842043464,8.815374923869967
illumination,1.0,twinlite,clips/0601/1494453545585907063/20.jpg,0.23670862789414207,0.3828041990734838,8.490124950185418
illumination,1.0,twinlite,clips/0601/1494453551580996478/20.jpg,0.23985544656685595,0.38690872751499,8.340957923792303
illumination,1.0,twinlite,clips/0601/1494453557578299956/20.jpg,0.2874369543511099,0.4465258720120909,8.771457942202687
illumination,1.0,twinlite,clips/0601/1494453563575744757/20.jpg,0.45985129044297074,0.6299974435114354,7.784291985444725
illumination,1.0,twinlite,clips/0601/1494453569573067938/20.jpg,0.4452456643663901,0.6161522228978146,9.875084040686488
illumination,1.0,twinlite,clips/0601/1494453575572346547/20.jpg,0.36114999461613007,0.5306542203939562,7.972833001986146
illumination,1.0,twinlite,clips/0601/1494453581567767982/20.jpg,0.34353096179183135,0.5113852550650165,8.194625028409064
illumination,1.0,twinlite,clips/0601/1494453587565069969/20.jpg,0.33456719817767655,0.5013868145935567,8.531750063411891
illumination,1.0,twinlite,clips/0601/1494453593562528307/20.jpg,0.2600633619083116,0.41277822968276273,9.293708018958569
illumination,1.0,twinlite,clips/0601/1494453599561987554/20.jpg,0.32125620759599915,0.48628904182106925,9.61312500294298
illumination,1.0,twinlite,clips/0601/1494453605557268031/20.jpg,0.42164034430170344,0.5931744213531155,10.658749961294234
illumination,1.0,twinlite,clips/0601/1494453611554664747/20.jpg,0.42220450757301253,0.5937324840764331,9.716124972328544
illumination,1.0,twinlite,clips/0601/1494453617553424930/20.jpg,0.3403316264325774,0.507831971910419,8.119708043523133
illumination,1.0,twinlite,clips/0601/1494453623549421445/20.jpg,0.38938546288555936,0.5605146639102732,8.565790951251984
illumination,1.0,twinlite,clips/0601/1494453629547675743/20.jpg,0.31708151151713526,0.48149109792284867,8.362875087186694
illumination,1.0,twinlite,clips/0601/1494453635544157546/20.jpg,0.22636746143057504,0.3691674290942361,8.382749976590276
illumination,1.0,twinlite,clips/0601/1494453641541664519/20.jpg,0.25877061469265367,0.4111481657932349,9.184250026009977
illumination,1.0,twinlite,clips/0601/1494453647538775071/20.jpg,0.4114796057289114,0.5830471854624021,9.037542040459812
illumination,1.0,twinlite,clips/0601/1494453653536229036/20.jpg,0.29122448979591836,0.4510826616089774,8.502917014993727
illumination,1.0,twinlite,clips/0601/1494453661532670510/20.jpg,0.4540136496587585,0.6244970943227536,8.201666991226375
illumination,1.0,twinlite,clips/0601/1494453667532618102/20.jpg,0.4915643621221911,0.6591259145167502,8.246875018812716
illumination,1.0,twinlite,clips/0601/1494453673527450206/20.jpg,0.4246118176069697,0.5961087958967276,8.88183293864131
illumination,1.0,twinlite,clips/0601/1494453679527133712/20.jpg,0.40814388136527974,0.5796905937901173,7.71154195535928
illumination,1.0,twinlite,clips/0601/1494453685522315222/20.jpg,0.2078740157480315,0.34419817470664926,7.7154169557616115
illumination,1.0,twinlite,clips/0601/1494453691519533853/20.jpg,0.2513622668119751,0.4017418032786885,8.054957957938313
illumination,1.0,twinlite,clips/0601/1494453697518974585/20.jpg,0.2558886509635974,0.40750213128729756,7.691834005527198
illumination,1.0,twinlite,clips/0601/1494453703514316264/20.jpg,0.28682196450653386,0.44578344544580933,7.787290960550308
illumination,1.0,twinlite,clips/0601/1494453709513778562/20.jpg,0.21499942131862196,0.35390868101860673,9.079999988898635
illumination,1.0,twinlite,clips/0601/1494453715509045873/20.jpg,0.4876967151995605,0.6556399704547854,8.54220800101757
illumination,1.0,twinlite,clips/0601/1494453721506443914/20.jpg,0.522762556119666,0.6865975972666152,8.486374979838729
illumination,1.0,twinlite,clips/0601/1494453727503739315/20.jpg,0.2921141334169476,0.45214911881578546,8.914750069379807
illumination,1.0,twinlite,clips/0601/1494453733501172122/20.jpg,0.23994665572425114,0.3870273847935799,9.205082897096872
illumination,1.0,twinlite,clips/0601/1494453739498514009/20.jpg,0.5188203631401387,0.6831885794149946,7.800832972861826
illumination,1.0,twinlite,clips/0601/1494453745495966700/20.jpg,0.29836143273071974,0.4595968814372507,8.52804200258106
illumination,1.0,twinlite,clips/0601/1494453751493293308/20.jpg,0.2715045817321904,0.4270603277926305,9.859750047326088
illumination,1.0,twinlite,clips/0601/1494453757490822445/20.jpg,0.26799731633679974,0.42270959549194426,9.349083993583918
illumination,1.0,twinlite,clips/0601/1494453763488013443/20.jpg,0.285015332667195,0.44359833757876393,7.826833054423332
illumination,1.0,twinlite,clips/0601/1494453769487225684/20.jpg,0.396838477674558,0.5681952266023063,8.71420803014189
illumination,1.0,twinlite,clips/0601/1494453775482792464/20.jpg,0.5075092988981683,0.6733083494332069,9.123874944634736
illumination,1.0,twinlite,clips/0601/1494453781480173619/20.jpg,0.45168811788845364,0.6222936074526181,9.063957957550883
illumination,1.0,twinlite,clips/0601/1494453787480034236/20.jpg,0.3906266834261088,0.5617994938277981,8.437624899670482
illumination,1.0,twinlite,clips/0601/1494453793475579483/20.jpg,0.4782177854442691,0.6470193907192691,8.928624913096428
illumination,1.0,twinlite,clips/0601/1494453799472239703/20.jpg,0.42274144531712515,0.5942632046160674,13.261290965601802
illumination,1.0,twinlite,clips/0601/1494453805469700214/20.jpg,0.3755698535355168,0.5460571159948291,10.31370903365314
illumination,1.0,twinlite,clips/0601/1494453811467016035/20.jpg,0.25092350057089124,0.4011812080536913,9.921584045514464
illumination,1.0,twinlite,clips/0601/1494453817464323387/20.jpg,0.49488706232606305,0.6621062885593679,8.955582976341248
illumination,1.0,twinlite,clips/0601/1494453823461695785/20.jpg,0.5203399433427762,0.6845047328016696,9.10816597752273
illumination,1.0,twinlite,clips/0601/1494453829459036893/20.jpg,0.5612037708484409,0.718937247433694,8.79737501963973
illumination,1.0,twinlite,clips/0601/1494453835456441057/20.jpg,0.42806610447676724,0.5995046071534728,8.982917061075568
illumination,1.0,twinlite,clips/0601/1494453841456411836/20.jpg,0.5340406072800439,0.6962535473254955,9.561458020471036
illumination,1.0,twinlite,clips/0601/1494453847451852161/20.jpg,0.47672212719639245,0.645649060736248,9.159959037788212
illumination,1.0,twinlite,clips/0601/1494453853451104735/20.jpg,0.5335767156780654,0.6958591770769634,8.87808296829462
illumination,1.0,twinlite,clips/0601/1494453859446867209/20.jpg,0.5031811702534507,0.6694883893052086,8.854332962073386
illumination,1.0,twinlite,clips/0601/1494453865443302705/20.jpg,0.4925647076450538,0.6600245940723267,9.150207974016666
illumination,1.0,twinlite,clips/0601/1494453871443269121/20.jpg,0.5858553452393683,0.7388509260924294,9.874665993265808
illumination,1.0,twinlite,clips/0601/1494453877438073356/20.jpg,0.4179297485865512,0.5894928842605358,7.811957970261574
illumination,1.0,twinlite,clips/0601/1494453883436198482/20.jpg,0.5022049979954564,0.6686237879192243,7.982000010088086
illumination,1.0,twinlite,clips/0601/1494453889432873365/20.jpg,0.4317055499203014,0.6030647152891642,9.080291958525777
illumination,1.0,twinlite,clips/0601/1494453895431227611/20.jpg,0.4639039545047654,0.6337901514334018,9.701041039079428
illumination,1.0,twinlite,clips/0601/1494453901427565927/20.jpg,0.5047861890231158,0.6709075252090335,8.831999963149428
illumination,1.0,twinlite,clips/0601/1494453907426815473/20.jpg,0.43210396909027043,0.6034533503384677,7.944166078232229
illumination,1.0,twinlite,clips/0601/1494453913422263611/20.jpg,0.6192599818827956,0.764867888802823,8.638374973088503
illumination,1.0,twinlite,clips/0601/1494453919420314205/20.jpg,0.7031427628442554,0.8257003208233749,9.019666933454573
illumination,1.0,twinlite,clips/0601/1495058507652622962/20.jpg,0.28185416598514834,0.43976011228786527,8.338792016729712
illumination,1.0,twinlite,clips/0601/1495058515650447849/20.jpg,0.40628276317322254,0.5778109123039541,8.557291002944112
illumination,1.0,twinlite,clips/0601/1495058521646381547/20.jpg,0.26470196026136816,0.4185997469422185,7.94370798394084
illumination,1.0,twinlite,clips/0601/1495058527645454477/20.jpg,0.31509182858663826,0.47919365284974097,8.902999921701849
illumination,1.0,twinlite,clips/0601/1495058533641199011/20.jpg,0.3387645663607301,0.5060853489446927,7.893000030890107
illumination,1.0,twinlite,clips/0601/1495058539638866627/20.jpg,0.3576223738211073,0.5268362995735821,9.070749976672232
illumination,1.0,twinlite,clips/0601/1495058545635832279/20.jpg,0.412531285060844,0.5841021567788843,7.721917005255818
illumination,1.0,twinlite,clips/0601/1495058551633359536/20.jpg,0.5079091524589155,0.6736601493938529,8.474374888464808
illumination,1.0,twinlite,clips/0601/1495058557632067443/20.jpg,0.5263679128497153,0.6896999188969991,7.637792034074664
illumination,1.0,twinlite,clips/0601/1495058563627986766/20.jpg,0.4593832479866453,0.6295580665605244,8.546208962798119
illumination,1.0,twinlite,clips/0601/1495058569626907953/20.jpg,0.3585383216008859,0.5278295295761528,8.707459084689617
illumination,1.0,twinlite,clips/0601/1495058575622734256/20.jpg,0.36321851225697377,0.5328837732046661,8.80858302116394
illumination,1.0,twinlite,clips/0601/1495058581620129503/20.jpg,0.3678392177223953,0.5378398469008492,10.48779091797769
illumination,1.0,twinlite,clips/0601/1495058587617442669/20.jpg,0.4131947947140119,0.5847669355414377,8.593334001488984
illumination,1.0,twinlite,clips/0601/1495058593615616960/20.jpg,0.28681323899520395,0.4457729067493265,8.806541911326349
illumination,1.0,twinlite,clips/0601/1495058599612448574/20.jpg,0.33618989481592787,0.5032067614345206,9.7064160509035
illumination,1.0,twinlite,clips/0601/1495058605609578659/20.jpg,0.2927246859099568,0.4528801671392329,9.435374988242984
illumination,1.0,twinlite,clips/0601/1495058611609939176/20.jpg,0.43721816620141724,0.6084228219254832,8.80049995612353
illumination,1.0,twinlite,clips/0601/1495058617604256196/20.jpg,0.42778776978417266,0.5992315928701896,8.978833095170557
illumination,1.0,twinlite,clips/0601/1495058623602404204/20.jpg,0.44583508624316365,0.6167163744817051,9.343415964394808
illumination,1.0,twinlite,clips/0601/1495058629599018470/20.jpg,0.37060168895144263,0.5407868557858931,9.207791998051107
illumination,1.0,twinlite,clips/0601/1495058635596342127/20.jpg,0.5289535103765849,0.6919157538626565,9.347125072963536
illumination,1.0,twinlite,clips/0601/1495058641593823148/20.jpg,0.3575676784249385,0.5267769468993125,8.7862090440467
illumination,1.0,twinlite,clips/0601/1495058647591446332/20.jpg,0.3502127659574468,0.518751969744721,8.328999974764884
illumination,1.0,twinlite,clips/0601/1495058653588446886/20.jpg,0.3572519666997632,0.5264342590247884,8.971833041869104
illumination,1.0,twinlite,clips/0601/1495058659585835658/20.jpg,0.24965165810740875,0.3995539980885633,9.78312490042299
illumination,1.0,twinlite,clips/0601/1495058665583165347/20.jpg,0.2611507270693512,0.4141467335569168,9.899207972921431
illumination,1.0,twinlite,clips/0601/1495058671580580478/20.jpg,0.4118428824571766,0.5834117770107728,7.8902499517425895
illumination,1.0,twinlite,clips/0601/1495058677578062974/20.jpg,0.3958592279555382,0.5671907596804558,7.669875049032271
illumination,1.0,twinlite,clips/0601/1495058683578929172/20.jpg,0.3166708957117483,0.4810175370977067,9.278791956603527
illumination,1.0,twinlite,clips/0601/1495058689572753425/20.jpg,0.18947669430940806,0.31858832580055774,8.83575004991144
illumination,1.0,twinlite,clips/0601/1495058695570408263/20.jpg,0.17793910660048892,0.3021193635620401,8.354500052519143
illumination,1.0,twinlite,clips/0601/1495058701567358056/20.jpg,0.352569475788252,0.5213328884015827,7.821750012226403
illumination,1.0,twinlite,clips/0601/1495058707565707879/20.jpg,0.30013574337358007,0.46169908781184754,7.803749991580844
illumination,1.0,twinlite,clips/0601/1495058715562283498/20.jpg,0.2947664603263928,0.45531988873435325,9.2342080315575
illumination,1.0,twinlite,clips/0601/1495058721558633337/20.jpg,0.35001440388493354,0.518534325082307,8.843041956424713
illumination,1.0,twinlite,clips/0601/1495058727556647955/20.jpg,0.29904727006229387,0.4604101435784604,8.191959001123905
illumination,1.0,twinlite,clips/0601/1495058733553446687/20.jpg,0.4194712938162338,0.591024694396587,7.657082984223962
illumination,1.0,twinlite,clips/0601/1495058739553286402/20.jpg,0.44635141137988127,0.6172101853920036,8.005249896086752
illumination,1.0,twinlite,clips/0601/1495058745548122682/20.jpg,0.34636660367634425,0.5145204920124535,7.672165986150503
illumination,1.0,twinlite,clips/0601/1495058751545486604/20.jpg,0.3240346498311555,0.48946551341760924,7.580375066027045
illumination,1.0,twinlite,clips/0601/1495058757543228003/20.jpg,0.3214298254854454,0.4864879228336832,8.117833058349788
illumination,1.0,twinlite,clips/0601/1495058763540182973/20.jpg,0.35325353645266594,0.5220803447943135,9.493457968346775
illumination,1.0,twinlite,clips/0601/1495058769540492239/20.jpg,0.2034907369744481,0.33816751674552936,7.81916594132781
illumination,1.0,twinlite,clips/0601/1495058775535017414/20.jpg,0.24438172139054629,0.39277613483017026,7.703375071287155
illumination,1.0,twinlite,clips/0601/1495058781534953658/20.jpg,0.19723107949745183,0.32947871613931257,8.349583949893713
illumination,1.0,twinlite,clips/0601/1495058787529671793/20.jpg,0.4761710080598061,0.6451434223541048,8.936542086303234
illumination,1.0,twinlite,clips/0601/1495058793526969174/20.jpg,0.4584615384615385,0.6286919831223629,8.463500067591667
illumination,1.0,twinlite,clips/0601/1495058799525818237/20.jpg,0.31079862989003065,0.474212625498556,8.611750090494752
illumination,1.0,twinlite,clips/0601/1495058805523198969/20.jpg,0.41166749297636757,0.5832357761648325,9.054332971572876
illumination,1.0,twinlite,clips/0601/1495058811520330339/20.jpg,0.38460360249969366,0.5555432642315095,8.482125005684793
illumination,1.0,twinlite,clips/0601/1495058817516570927/20.jpg,0.417955615332885,0.5895186151292389,8.901459048502147
illumination,1.0,twinlite,clips/0601/1495058823515900521/20.jpg,0.4637380416432189,0.6336352932695773,8.564625051803887
illumination,1.0,twinlite,clips/0601/1495058829511203058/20.jpg,0.5824282014610954,0.7361195925645472,8.942291955463588
illumination,1.0,twinlite,clips/0601/1495058835510553015/20.jpg,0.5721375887502584,0.7278467137282413,8.809624938294291
illumination,1.0,twinlite,clips/0601/1495058841505989452/20.jpg,0.4938594357976654,0.6611859509177486,8.901665918529034
illumination,1.0,twinlite,clips/0601/1495058847507116852/20.jpg,0.5331269131979874,0.6954765565832053,9.228541050106287
illumination,1.0,twinlite,clips/0601/1495058853500724642/20.jpg,0.6685179977502812,0.8013314793747103,9.897166979499161
illumination,1.0,twinlite,clips/0601/1495058859498417310/20.jpg,0.6371287302310902,0.7783489697125477,9.087166981771588
illumination,1.0,twinlite,clips/0601/1495058865495399571/20.jpg,0.5912718028387826,0.7431436939735511,8.191667031496763
illumination,1.0,twinlite,clips/0601/1495058871492888869/20.jpg,0.5947724039829303,0.7459025532389341,8.464291924610734
illumination,1.0,twinlite,clips/0601/1495058877492091924/20.jpg,0.5407584353538369,0.701937984496124,9.093041997402906
illumination,1.0,twinlite,clips/0601/1495058883487530264/20.jpg,0.512574497347567,0.6777510770496417,10.016166022978723
illumination,1.0,twinlite,clips/0601/1495058889484921618/20.jpg,0.566805650631651,0.723517496127418,7.7371669467538595
illumination,1.0,twinlite,clips/0601/1495058895482305544/20.jpg,0.5636012032660077,0.720901470386148,7.720207911916077
illumination,1.0,twinlite,clips/0601/1495058901481630657/20.jpg,0.5741523128588452,0.7294749156974744,9.405874996446073
illumination,1.0,twinlite,clips/0601/1495058907477059235/20.jpg,0.51732518319402,0.6818909867495025,9.395583998411894
illumination,1.0,twinlite,clips/0601/1495058913475711516/20.jpg,0.5055303654850234,0.6715644892650985,8.23816703632474
illumination,1.0,twinlite,clips/0601/1495058919475143504/20.jpg,0.6296851574212894,0.7727690892364305,7.6688750414177775
illumination,1.0,twinlite,clips/0601/1495058925469436408/20.jpg,0.4830070690592713,0.6513887615730132,8.898291969671845
illumination,1.0,twinlite,clips/0601/1495058931466470327/20.jpg,0.5252079081244098,0.688703363425741,8.839250076562166
illumination,1.0,twinlite,clips/0601/1495058937463794073/20.jpg,0.6160235894854184,0.7623943035157988,8.320459048263729
illumination,1.0,twinlite,clips/0601/1495058943463632446/20.jpg,0.5156679887090435,0.6804497984393786,8.75879090745002
illumination,1.0,twinlite,clips/0601/1495058949458758174/20.jpg,0.4801856705295399,0.648818158545951,9.055583039298654
illumination,1.0,twinlite,clips/0601/1495485009641442407/20.jpg,0.29716941275876635,0.4581813444502345,9.052625042386353
illumination,1.0,twinlite,clips/0601/1495485015638767825/20.jpg,0.31011659507320066,0.4734183144300579,8.2953330129385
illumination,1.0,twinlite,clips/0601/1495485021636199888/20.jpg,0.333214651297343,0.4998664708238751,7.883208920247853
illumination,1.0,twinlite,clips/0601/1495485027633718711/20.jpg,0.4785076123621114,0.6472846109972098,8.796417037956417
illumination,1.0,twinlite,clips/0601/1495485033630861236/20.jpg,0.38364256832324856,0.5545399904661237,9.098000009544194
illumination,1.0,twinlite,clips/0601/1495485039628271607/20.jpg,0.35077983999138,0.519373815933792,19.584749941714108
illumination,1.0,twinlite,clips/0601/1495485045626852826/20.jpg,0.4898046688899476,0.6575421316875061,24.910541018471122
illumination,1.0,twinlite,clips/0601/1495485051623004273/20.jpg,0.44176781678820215,0.6128140906520159,8.250416023656726
illumination,1.0,twinlite,clips/0601/1495485057620656604/20.jpg,0.31204808179431676,0.4756656194604841,8.314291946589947
illumination,1.0,twinlite,clips/0601/1495485063617750112/20.jpg,0.22478399272396543,0.3670589982549289,10.398249956779182
illumination,1.0,twinlite,clips/0601/1495485069617812641/20.jpg,0.27521888085268364,0.4316417910447761,10.177250020205975
illumination,1.0,twinlite,clips/0601/1495485075612519689/20.jpg,0.39519259827510056,0.5665061565889664,16.796333948150277
illumination,1.0,twinlite,clips/0601/1495485081611855219/20.jpg,0.3878876548957017,0.5589611717165264,22.188834031112492
illumination,1.0,twinlite,clips/0601/1495485087607351973/20.jpg,0.3878678291885465,0.5589405864610661,8.352042059414089
illumination,1.0,twinlite,clips/0601/1495485093604646206/20.jpg,0.3705745792222867,0.5407579928011856,8.06666596326977
illumination,1.0,twinlite,clips/0601/1495485099601922885/20.jpg,0.0,nan,8.040167042054236
illumination,1.0,twinlite,clips/0601/1495485105599385453/20.jpg,0.42820184240431347,0.5996377118285395,8.615666069090366
illumination,1.0,twinlite,clips/0601/1495485111599411627/20.jpg,0.32069471624266144,0.4856454899055381,8.422916987910867
illumination,1.0,twinlite,clips/0601/1495485117594185994/20.jpg,0.21670477126557125,0.35621586498779484,10.809333063662052
illumination,1.0,twinlite,clips/0601/1495485123591495860/20.jpg,0.35569556451612905,0.524742536342343,8.368790964595973
illumination,1.0,twinlite,clips/0601/1495485129589080069/20.jpg,0.2610587575749486,0.41403107667555783,8.508625091053545
illumination,1.0,twinlite,clips/0601/1495485135586245515/20.jpg,0.37775138358899196,0.5483592875878135,7.940500043332577
illumination,1.0,twinlite,clips/0601/1495485141585513338/20.jpg,0.37813852813852816,0.5487670802575781,9.684332995675504
illumination,1.0,twinlite,clips/0601/1495485147581014946/20.jpg,0.3571668667466987,0.5263418603828327,8.87658295687288
illumination,1.0,twinlite,clips/0601/1495485153579251831/20.jpg,0.05379802943187863,0.10210311260665786,8.802750031463802
illumination,1.0,twinlite,clips/0601/1495485159575742672/20.jpg,0.32289079597708215,0.48815941113052536,9.402291965670884
illumination,1.0,twinlite,clips/0601/1495485165575366989/20.jpg,0.3099005375759027,0.47316651713022967,9.130749967880547
illumination,1.0,twinlite,clips/0601/1495485171570457961/20.jpg,0.31315069134127227,0.47694555302166475,9.214207995682955
illumination,1.0,twinlite,clips/0601/1495485177570314287/20.jpg,0.32484905618027965,0.49039406363297533,10.006957920268178
illumination,1.0,twinlite,clips/0601/1495485183565129358/20.jpg,0.28777726177049473,0.4469363923615881,9.006417007185519
illumination,1.0,twinlite,clips/0601/1495485189564879401/20.jpg,0.38993291476735187,0.5610816329687669,8.921166998334229
illumination,1.0,twinlite,clips/0601/1495485195559966192/20.jpg,0.3342216504319059,0.500998691369929,8.024708018638194
illumination,1.0,twinlite,clips/0601/1495485201558641598/20.jpg,0.4033540287291805,0.5748428699697984,9.047457948327065
illumination,1.0,twinlite,clips/0601/1495485207554693841/20.jpg,0.30283147006582384,0.46488203121240795,7.885167025960982
illumination,1.0,twinlite,clips/0601/1495485213552150385/20.jpg,0.49535660729788744,0.6625263898662913,7.7235420467332006
illumination,1.0,twinlite,clips/0601/1495485219551850010/20.jpg,0.3490149456521739,0.5174367367493391,8.465624996460974
illumination,1.0,twinlite,clips/0601/1495485225546895923/20.jpg,0.4096413654712182,0.5811994107228577,8.016832987777889
illumination,1.0,twinlite,clips/0601/1495485231544226883/20.jpg,0.3847790179688673,0.5557262393146947,9.570874972268939
illumination,1.0,twinlite,clips/0601/1495485237541517645/20.jpg,0.27272062051807405,0.4285632150865291,7.987584103830159
illumination,1.0,twinlite,clips/0601/1495485243539258908/20.jpg,0.22061500860413497,0.36148172363770104,8.117499994114041
illumination,1.0,twinlite,clips/0601/1495485249536332511/20.jpg,0.17630967741935483,0.2997674520644114,7.778041064739227
illumination,1.0,twinlite,clips/0601/1495485255533685610/20.jpg,0.17495492075543323,0.2978070352570575,8.322041016072035
illumination,1.0,twinlite,clips/0601/1495485261533592244/20.jpg,0.27968987160027897,0.43712133354704275,8.393208961933851
illumination,1.0,twinlite,clips/0601/1495485267528430709/20.jpg,0.3336968122128903,0.5004088022962511,8.513374952599406
illumination,1.0,twinlite,clips/0601/1495485273526142378/20.jpg,0.21233340425943478,0.3502887959919584,8.096499950625002
illumination,1.0,twinlite,clips/0601/1495485279523114914/20.jpg,0.3682485677832537,0.5382772932550784,9.099374990910292
illumination,1.0,twinlite,clips/0601/1495485285520576618/20.jpg,0.4278757809628813,0.5993179332089311,8.947958936914802
illumination,1.0,twinlite,clips/0601/1495492512658106755/20.jpg,0.37904439924988775,0.5497203707959856,7.868124986998737
illumination,1.0,twinlite,clips/0601/1495492518657921956/20.jpg,0.2689982499867423,0.4239536973192085,8.27041594311595
illumination,1.0,twinlite,clips/0601/1495492524654518667/20.jpg,0.4189215935759324,0.5904788474184485,8.886458002962172
illumination,1.0,twinlite,clips/0601/1495492530652417826/20.jpg,0.17967579034749925,0.3046189331300455,7.974250009283423
illumination,1.0,twinlite,clips/0601/1495492536647945627/20.jpg,0.34432819529856507,0.5122680555280511,8.067125105299056
illumination,1.0,twinlite,clips/0601/1495492542645333836/20.jpg,0.15423520869325721,0.26725091650578103,7.754791993647814
illumination,1.0,twinlite,clips/0601/1495492548642776463/20.jpg,0.2572299139359598,0.4092010714741272,9.476791019551456
illumination,1.0,twinlite,clips/0601/1495492554641955081/20.jpg,0.35826429375063923,0.5275325213200549,8.680458064191043
illumination,0.75,classical,clips/0601/1494453497604532231/20.jpg,0.135804412266205,0.23913344727239133,2.276916988193989
illumination,0.75,classical,clips/0601/1494453503601902751/20.jpg,0.0035755478662053055,0.0071256177450867726,5.425999988801777
illumination,0.75,classical,clips/0601/1494453509599288720/20.jpg,0.005042930116291707,0.010035253152237385,1.7529590986669064
illumination,0.75,classical,clips/0601/1494453515596795530/20.jpg,0.18985270049099837,0.3191196698762036,1.9282919820398092
illumination,0.75,classical,clips/0601/1494453521596643824/20.jpg,0.09243251074515864,0.16922328809513282,2.161207958124578
illumination,0.75,classical,clips/0601/1494453527591367337/20.jpg,0.029238292080455714,0.056815398932262326,1.7452500760555267
illumination,0.75,classical,clips/0601/1494453533590270210/20.jpg,0.11853213672319117,0.21194229979022036,1.9395829876884818
illumination,0.75,classical,clips/0601/1494453539586188022/20.jpg,0.1301569995638901,0.2303343687896737,1.9745000172406435
illumination,0.75,classical,clips/0601/1494453545585907063/20.jpg,0.0061246857069176715,0.012174804562347817,1.815958064980805
illumination,0.75,classical,clips/0601/1494453551580996478/20.jpg,0.07732971740753843,0.1435581255358348,2.71258398424834
illumination,0.75,classical,clips/0601/1494453557578299956/20.jpg,0.1619296016406964,0.27872532279415996,2.2535830503329635
illumination,0.75,classical,clips/0601/1494453563575744757/20.jpg,0.04477935334761779,0.08572021107449825,3.772250027395785
illumination,0.75,classical,clips/0601/1494453569573067938/20.jpg,0.1053675834265572,0.19064713857434742,1.5593329444527626
illumination,0.75,classical,clips/0601/1494453575572346547/20.jpg,0.12708245466048082,0.2255069345370349,1.6430829418823123
illumination,0.75,classical,clips/0601/1494453581567767982/20.jpg,0.0,nan,1.6308330232277513
illumination,0.75,classical,clips/0601/1494453587565069969/20.jpg,0.035130752077843094,0.06787693633354876,1.7730420222505927
illumination,0.75,classical,clips/0601/1494453593562528307/20.jpg,0.04061578774975434,0.07806106389675795,1.7151669599115849
illumination,0.75,classical,clips/0601/1494453599561987554/20.jpg,0.06268176028072199,0.11796901504014477,1.5236249892041087
illumination,0.75,classical,clips/0601/1494453605557268031/20.jpg,0.006523472420208268,0.012962385078854511,1.5181249473243952
illumination,0.75,classical,clips/0601/1494453611554664747/20.jpg,0.01256627659822951,0.02482065004267491,1.1607499327510595
illumination,0.75,classical,clips/0601/1494453617553424930/20.jpg,0.09780016493190986,0.17817480458836663,1.769541995599866
illumination,0.75,classical,clips/0601/1494453623549421445/20.jpg,0.08797432122996401,0.16172131917692378,2.0775829907506704
illumination,0.75,classical,clips/0601/1494453629547675743/20.jpg,0.14054067020077238,0.24644569697989402,1.8658749759197235
illumination,0.75,classical,clips/0601/1494453635544157546/20.jpg,0.08604892579888067,0.15846233766233767,2.96962505672127
illumination,0.75,classical,clips/0601/1494453641541664519/20.jpg,0.09576037057809351,0.1747834164281246,2.1589170210063457
illumination,0.75,classical,clips/0601/1494453647538775071/20.jpg,0.20638505506761468,0.3421545288557099,2.019957988522947
illumination,0.75,classical,clips/0601/1494453653536229036/20.jpg,0.05754571271984455,0.10882879487421086,1.752207987010479
illumination,0.75,classical,clips/0601/1494453661532670510/20.jpg,0.017055074962287965,0.03353815419075582,1.6659579705446959
illumination,0.75,classical,clips/0601/1494453667532618102/20.jpg,0.22237623762376238,0.3638425400939576,1.8205420346930623
illumination,0.75,classical,clips/0601/1494453673527450206/20.jpg,0.1103433515761152,0.19875536953408968,1.5341660473495722
illumination,0.75,classical,clips/0601/1494453679527133712/20.jpg,0.14683310436306787,0.2560670838754983,1.9781249575316906
illumination,0.75,classical,clips/0601/1494453685522315222/20.jpg,0.21882366305983925,0.35907353900643124,1.795249991118908
illumination,0.75,classical,clips/0601/1494453691519533853/20.jpg,0.10444010053057805,0.18912768647281922,1.752624986693263
illumination,0.75,classical,clips/0601/1494453697518974585/20.jpg,0.1915345206147841,0.3214921889396204,1.7505419673398137
illumination,0.75,classical,clips/0601/1494453703514316264/20.jpg,0.24498952153251277,0.3935607766898219,1.9207909936085343
illumination,0.75,classical,clips/0601/1494453709513778562/20.jpg,0.29870433057079493,0.4600035951824555,1.700791995972395
illumination,0.75,classical,clips/0601/1494453715509045873/20.jpg,0.14454830675680047,0.2525857683829763,1.9173750188201666
illumination,0.75,classical,clips/0601/1494453721506443914/20.jpg,0.18790277732343225,0.3163605320408669,1.6714159864932299
illumination,0.75,classical,clips/0601/1494453727503739315/20.jpg,0.1483538158094371,0.2583764929711447,1.6894580330699682
illumination,0.75,classical,clips/0601/1494453733501172122/20.jpg,0.022413436234069606,0.04384417387280562,1.7670829547569156
illumination,0.75,classical,clips/0601/1494453739498514009/20.jpg,0.1794798185680657,0.3043372438300151,1.7723330529406667
illumination,0.75,classical,clips/0601/1494453745495966700/20.jpg,0.20654230873208976,0.3423706027335873,1.6165830893442035
illumination,0.75,classical,clips/0601/1494453751493293308/20.jpg,0.08977371089402746,0.16475660955406787,1.6535830218344927
illumination,0.75,classical,clips/0601/1494453757490822445/20.jpg,0.113519882179676,0.20389376785525343,1.7087499145418406
illumination,0.75,classical,clips/0601/1494453763488013443/20.jpg,0.06861093215719312,0.12841143599137433,1.7722920747473836
illumination,0.75,classical,clips/0601/1494453769487225684/20.jpg,0.07752665245202559,0.1438974196612316,1.5662919031456113
illumination,0.75,classical,clips/0601/1494453775482792464/20.jpg,0.056256729273836584,0.10652093892459724,1.8243750091642141
illumination,0.75,classical,clips/0601/1494453781480173619/20.jpg,0.20575949367088608,0.34129442024040735,1.3972499873489141
illumination,0.75,classical,clips/0601/1494453787480034236/20.jpg,0.04804857328469342,0.09169150077482419,1.9010419491678476
illumination,0.75,classical,clips/0601/1494453793475579483/20.jpg,0.11806281982414973,0.21119174652944595,1.7643750179558992
illumination,0.75,classical,clips/0601/1494453799472239703/20.jpg,0.09551839464882943,0.17438026621077055,1.560875098221004
illumination,0.75,classical,clips/0601/1494453805469700214/20.jpg,0.22563528847690587,0.3681931984143542,1.824666978791356
illumination,0.75,classical,clips/0601/1494453811467016035/20.jpg,0.15320891556472538,0.2657088641908376,1.7821249784901738
illumination,0.75,classical,clips/0601/1494453817464323387/20.jpg,0.13583199043509903,0.23917620137299772,1.2807500315830112
illumination,0.75,classical,clips/0601/1494453823461695785/20.jpg,0.15577570093457943,0.2695604360060808,1.4936660882085562
illumination,0.75,classical,clips/0601/1494453829459036893/20.jpg,0.17875158843236166,0.3032896671131293,1.5597910387441516
illumination,0.75,classical,clips/0601/1494453835456441057/20.jpg,0.14754313455356557,0.25714612394237363,1.5149579849094152
illumination,0.75,classical,clips/0601/1494453841456411836/20.jpg,0.0,nan,1.3852919219061732
illumination,0.75,classical,clips/0601/1494453847451852161/20.jpg,0.06324189526184539,0.11896050286143166,1.4042910188436508
illumination,0.75,classical,clips/0601/1494453853451104735/20.jpg,0.2423210637611555,0.3901102071432692,1.4488750603049994
illumination,0.75,classical,clips/0601/1494453859446867209/20.jpg,0.15999054708732127,0.2758480187429968,1.533249975182116
illumination,0.75,classical,clips/0601/1494453865443302705/20.jpg,0.13189071566731142,0.23304496422086937,1.503292005509138
illumination,0.75,classical,clips/0601/1494453871443269121/20.jpg,0.38096539873467156,0.5517377902208648,1.553167006932199
illumination,0.75,classical,clips/0601/1494453877438073356/20.jpg,0.11736810906935388,0.210079575596817,1.442749984562397
illumination,0.75,classical,clips/0601/1494453883436198482/20.jpg,0.1162568885120814,0.20829773094085255,1.617165980860591
illumination,0.75,classical,clips/0601/1494453889432873365/20.jpg,0.09566975348897874,0.17463246235343133,1.6452500130981207
illumination,0.75,classical,clips/0601/1494453895431227611/20.jpg,0.2205062205062205,0.3613356766256591,1.8026659963652492
illumination,0.75,classical,clips/0601/1494453901427565927/20.jpg,0.06100110687492313,0.11498782890923843,1.7524170689284801
illumination,0.75,classical,clips/0601/1494453907426815473/20.jpg,0.16737813554498515,0.2867590722295744,1.7018330981954932
illumination,0.75,classical,clips/0601/1494453913422263611/20.jpg,0.2967867361162057,0.45772635985630633,1.6941250069066882
illumination,0.75,classical,clips/0601/1494453919420314205/20.jpg,0.22706946238696213,0.3701004211208293,1.5755420317873359
illumination,0.75,classical,clips/0601/1495058507652622962/20.jpg,0.21013209013209014,0.3472878569960961,1.7549580661579967
illumination,0.75,classical,clips/0601/1495058515650447849/20.jpg,0.1691904852041138,0.28941474865761857,1.9293340155854821
illumination,0.75,classical,clips/0601/1495058521646381547/20.jpg,0.12668360516897523,0.22487875848690592,2.205124939791858
illumination,0.75,classical,clips/0601/1495058527645454477/20.jpg,0.033008495173722834,0.06390749994398011,2.1151250693947077
illumination,0.75,classical,clips/0601/1495058533641199011/20.jpg,0.12770955686065136,0.2264937032477985,2.361458959057927
illumination,0.75,classical,clips/0601/1495058539638866627/20.jpg,0.0500630006300063,0.09535237523838094,1.8842080608010292
illumination,0.75,classical,clips/0601/1495058545635832279/20.jpg,0.03313459342889763,0.06414380786326467,1.7356250900775194
illumination,0.75,classical,clips/0601/1495058551633359536/20.jpg,0.17863273157738976,0.3031185657610606,1.6852079425007105
illumination,0.75,classical,clips/0601/1495058557632067443/20.jpg,0.0,nan,1.544542028568685
illumination,0.75,classical,clips/0601/1495058563627986766/20.jpg,0.12320535004442781,0.2193817008431352,2.0615829853340983
illumination,0.75,classical,clips/0601/1495058569626907953/20.jpg,0.12934645999162128,0.2290642678289901,1.9621250685304403
illumination,0.75,classical,clips/0601/1495058575622734256/20.jpg,0.19809991252794246,0.3306901377030562,1.7204160103574395
illumination,0.75,classical,clips/0601/1495058581620129503/20.jpg,0.016770373111887303,0.032987532987532986,1.5023329760879278
illumination,0.75,classical,clips/0601/1495058587617442669/20.jpg,0.19046926789556318,0.3199902307974111,1.9711670465767384
illumination,0.75,classical,clips/0601/1495058593615616960/20.jpg,0.06813439065108515,0.12757643840969035,2.18337494879961
illumination,0.75,classical,clips/0601/1495058599612448574/20.jpg,0.05733578585604337,0.10845331563165242,2.131375018507242
illumination,0.75,classical,clips/0601/1495058605609578659/20.jpg,0.09870684541463993,0.17967822049454704,2.2335840621963143
illumination,0.75,classical,clips/0601/1495058611609939176/20.jpg,0.04840075387178717,0.09233254305291405,1.7241250025108457
illumination,0.75,classical,clips/0601/1495058617604256196/20.jpg,0.08851370291308192,0.16263222534764868,1.901834039017558
illumination,0.75,classical,clips/0601/1495058623602404204/20.jpg,0.133794092716959,0.2360112714934729,1.6674170037731528
illumination,0.75,classical,clips/0601/1495058629599018470/20.jpg,0.12097852868708202,0.21584450654692752,1.2238329509273171
illumination,0.75,classical,clips/0601/1495058635596342127/20.jpg,0.23607218538519378,0.38197151942485824,1.6182910185307264
illumination,0.75,classical,clips/0601/1495058641593823148/20.jpg,0.11941787453787923,0.2133570979240931,2.073083072900772
illumination,0.75,classical,clips/0601/1495058647591446332/20.jpg,0.1897095027080256,0.3189173529776932,1.5890829963609576
illumination,0.75,classical,clips/0601/1495058653588446886/20.jpg,0.18942755409476855,0.31851885966932253,2.0270829554647207
illumination,0.75,classical,clips/0601/1495058659585835658/20.jpg,0.08327870505773788,0.15375305481205634,2.6314998976886272
illumination,0.75,classical,clips/0601/1495058665583165347/20.jpg,0.10426513774297301,0.18884076691234203,2.189040998928249
illumination,0.75,classical,clips/0601/1495058671580580478/20.jpg,0.09972513048580871,0.18136373848573353,2.0095829386264086
illumination,0.75,classical,clips/0601/1495058677578062974/20.jpg,0.15754805753461487,0.2722099639995355,1.9004169153049588
illumination,0.75,classical,clips/0601/1495058683578929172/20.jpg,0.0848609457850882,0.15644575669313332,2.2295420058071613
illumination,0.75,classical,clips/0601/1495058689572753425/20.jpg,0.11990307704332873,0.21413116813623992,2.0069999154657125
illumination,0.75,classical,clips/0601/1495058695570408263/20.jpg,0.08797979016832934,0.16173055963607072,2.194291097112
illumination,0.75,classical,clips/0601/1495058701567358056/20.jpg,0.08548869128878722,0.1575118966689327,1.3241249835118651
illumination,0.75,classical,clips/0601/1495058707565707879/20.jpg,0.19893368877040987,0.3318510283490828,2.040292019955814
illumination,0.75,classical,clips/0601/1495058715562283498/20.jpg,0.05919070167886354,0.11176590123958545,2.08062503952533
illumination,0.75,classical,clips/0601/1495058721558633337/20.jpg,0.12393227345958598,0.2205333477578839,2.0808749832212925
illumination,0.75,classical,clips/0601/1495058727556647955/20.jpg,0.15555003261983907,0.2692224970426928,2.142583020031452
illumination,0.75,classical,clips/0601/1495058733553446687/20.jpg,0.14295592568095725,0.25015124812583844,2.066040993668139
illumination,0.75,classical,clips/0601/1495058739553286402/20.jpg,0.12173156014529735,0.21704223090510094,1.9357920391485095
illumination,0.75,classical,clips/0601/1495058745548122682/20.jpg,0.1852542735696156,0.31259836425088366,2.0484159467741847
illumination,0.75,classical,clips/0601/1495058751545486604/20.jpg,0.23524514613623523,0.38088819352509323,2.084749983623624
illumination,0.75,classical,clips/0601/1495058757543228003/20.jpg,0.15484521590318737,0.2681661815295051,2.2202919935807586
illumination,0.75,classical,clips/0601/1495058763540182973/20.jpg,0.10364229491515278,0.18781863542683588,1.825332990847528
illumination,0.75,classical,clips/0601/1495058769540492239/20.jpg,0.06163698844111215,0.11611688197039695,1.8873750232160091
illumination,0.75,classical,clips/0601/1495058775535017414/20.jpg,0.05357235780819066,0.10169658953399352,1.996958046220243
illumination,0.75,classical,clips/0601/1495058781534953658/20.jpg,0.25905300600618114,0.4115045272445175,1.5179580077528954
illumination,0.75,classical,clips/0601/1495058787529671793/20.jpg,0.17536017311087068,0.29839393425546856,1.7495829379186034
illumination,0.75,classical,clips/0601/1495058793526969174/20.jpg,0.09380850031200166,0.171526369168357,1.8450419884175062
illumination,0.75,classical,clips/0601/1495058799525818237/20.jpg,0.14601769911504425,0.2548262548262548,1.3735420070588589
illumination,0.75,classical,clips/0601/1495058805523198969/20.jpg,0.14290783917101388,0.25007762528721356,1.87541707418859
illumination,0.75,classical,clips/0601/1495058811520330339/20.jpg,0.176451359832636,0.29997221450402894,1.7018329817801714
illumination,0.75,classical,clips/0601/1495058817516570927/20.jpg,0.09211337030191004,0.16868829337094499,1.5122079057618976
illumination,0.75,classical,clips/0601/1495058823515900521/20.jpg,0.09494013132483585,0.17341611401157048,1.6855839639902115
illumination,0.75,classical,clips/0601/1495058829511203058/20.jpg,0.246542415501812,0.39556201607879204,1.8100000452250242
illumination,0.75,classical,clips/0601/1495058835510553015/20.jpg,0.3148986419996064,0.4789702140398145,1.6680830158293247
illumination,0.75,classical,clips/0601/1495058841505989452/20.jpg,0.20562455582253206,0.34110877192982453,1.6788749489933252
illumination,0.75,classical,clips/0601/1495058847507116852/20.jpg,0.0,nan,1.6689590411260724
illumination,0.75,classical,clips/0601/1495058853500724642/20.jpg,0.3802833255921969,0.5510221250105157,1.792042050510645
illumination,0.75,classical,clips/0601/1495058859498417310/20.jpg,0.14373136062589567,0.2513376227565188,1.6135419718921185
illumination,0.75,classical,clips/0601/1495058865495399571/20.jpg,0.1751739729414674,0.29812432367440184,1.558333053253591
illumination,0.75,classical,clips/0601/1495058871492888869/20.jpg,0.2234464201301771,0.36527373239018013,1.823917031288147
illumination,0.75,classical,clips/0601/1495058877492091924/20.jpg,0.10099428196816841,0.18346013893483293,1.607125042937696
illumination,0.75,classical,clips/0601/1495058883487530264/20.jpg,0.13261300198091122,0.23417178109199605,1.5456249238923192
illumination,0.75,classical,clips/0601/1495058889484921618/20.jpg,0.29048982995540407,0.45020088219593735,1.8101250752806664
illumination,0.75,classical,clips/0601/1495058895482305544/20.jpg,0.25724728562726196,0.40922305192954456,1.710916985757649
illumination,0.75,classical,clips/0601/1495058901481630657/20.jpg,0.2640396336494899,0.4177711309370326,1.8834590446203947
illumination,0.75,classical,clips/0601/1495058907477059235/20.jpg,0.12436341413729884,0.2212156898269771,1.7644170438870788
illumination,0.75,classical,clips/0601/1495058913475711516/20.jpg,0.0823726224679056,0.1522075129359586,1.886791898868978
illumination,0.75,classical,clips/0601/1495058919475143504/20.jpg,0.23654871546291809,0.3825950607604861,1.6820000018924475
illumination,0.75,classical,clips/0601/1495058925469436408/20.jpg,0.17851953158389605,0.30295557570262915,1.2028329074382782
illumination,0.75,classical,clips/0601/1495058931466470327/20.jpg,0.13150745282326162,0.23244646333549643,1.752916956320405
illumination,0.75,classical,clips/0601/1495058937463794073/20.jpg,0.23386513106139276,0.37907729973731863,1.5538750449195504
illumination,0.75,classical,clips/0601/1495058943463632446/20.jpg,0.13260869565217392,0.23416506717850286,1.5401249984279275
illumination,0.75,classical,clips/0601/1495058949458758174/20.jpg,0.0,nan,1.4447920257225633
illumination,0.75,classical,clips/0601/1495485009641442407/20.jpg,0.08498236880315287,0.15665207333626477,1.8370419275015593
illumination,0.75,classical,clips/0601/1495485015638767825/20.jpg,0.0030617451947610136,0.006104799050364592,1.9125420367345214
illumination,0.75,classical,clips/0601/1495485021636199888/20.jpg,0.062051435406698566,0.11685203435168239,1.616584020666778
illumination,0.75,classical,clips/0601/1495485027633718711/20.jpg,0.12984381761674338,0.22984383432859207,1.715000020340085
illumination,0.75,classical,clips/0601/1495485033630861236/20.jpg,0.12261787819253438,0.21844989390326605,3.3698329934850335
illumination,0.75,classical,clips/0601/1495485039628271607/20.jpg,0.09473207205165968,0.17306896266247207,4.205459030345082
illumination,0.75,classical,clips/0601/1495485045626852826/20.jpg,0.07432295261683382,0.13836240291766663,2.147582941688597
illumination,0.75,classical,clips/0601/1495485051623004273/20.jpg,0.05675529635357469,0.10741426430397602,1.9864169880747795
illumination,0.75,classical,clips/0601/1495485057620656604/20.jpg,0.14498843015467056,0.2532574589161304,1.6789999790489674
illumination,0.75,classical,clips/0601/1495485063617750112/20.jpg,0.07710641302908594,0.14317325028683822,2.072292030788958
illumination,0.75,classical,clips/0601/1495485069617812641/20.jpg,0.11004085731893816,0.19826451719032734,1.9018750172108412
illumination,0.75,classical,clips/0601/1495485075612519689/20.jpg,0.053715563688116294,0.10195457965925098,1.859750016592443
illumination,0.75,classical,clips/0601/1495485081611855219/20.jpg,0.0700427613765802,0.13091581739494623,2.1012499928474426
illumination,0.75,classical,clips/0601/1495485087607351973/20.jpg,0.020574134818811745,0.04031874631520892,1.8084159819409251
illumination,0.75,classical,clips/0601/1495485093604646206/20.jpg,0.04309491677912731,0.08262894600655513,1.900666975416243
illumination,0.75,classical,clips/0601/1495485099601922885/20.jpg,0.0,nan,1.7463339027017355
illumination,0.75,classical,clips/0601/1495485105599385453/20.jpg,0.009507452616082929,0.018835824523028316,2.057541045360267
illumination,0.75,classical,clips/0601/1495485111599411627/20.jpg,0.002020936906349784,0.004033721915211165,2.104374929331243
illumination,0.75,classical,clips/0601/1495485117594185994/20.jpg,0.10179746111367786,0.18478434504792332,1.9072500290349126
illumination,0.75,classical,clips/0601/1495485123591495860/20.jpg,0.10651603792616501,0.1925250683682771,1.9069579429924488
illumination,0.75,classical,clips/0601/1495485129589080069/20.jpg,0.0032648648648648648,0.006508480420680589,2.0960000110790133
illumination,0.75,classical,clips/0601/1495485135586245515/20.jpg,0.06284136362713448,0.1182516333626256,1.696209073998034
illumination,0.75,classical,clips/0601/1495485141585513338/20.jpg,0.022807531308676854,0.04459789473684211,2.488958998583257
illumination,0.75,classical,clips/0601/1495485147581014946/20.jpg,0.125221564134711,0.22257227931995005,2.353792078793049
illumination,0.75,classical,clips/0601/1495485153579251831/20.jpg,0.0451997830410414,0.0864902266043937,1.6460409387946129
illumination,0.75,classical,clips/0601/1495485159575742672/20.jpg,0.10892423833917499,0.19645027960126427,2.652082941494882
illumination,0.75,classical,clips/0601/1495485165575366989/20.jpg,0.11488738105753403,0.2060968363433387,2.5255419313907623
illumination,0.75,classical,clips/0601/1495485171570457961/20.jpg,0.10074829647589983,0.1830541946754776,2.7669169940054417
illumination,0.75,classical,clips/0601/1495485177570314287/20.jpg,0.13093117408906882,0.23154578649674235,2.4012080393731594
illumination,0.75,classical,clips/0601/1495485183565129358/20.jpg,0.12087868037600465,0.21568557327802015,2.172334003262222
illumination,0.75,classical,clips/0601/1495485189564879401/20.jpg,0.143404542566709,0.25083780451806703,2.221540897153318
illumination,0.75,classical,clips/0601/1495485195559966192/20.jpg,0.04177465248201243,0.0801990188232838,2.596957958303392
illumination,0.75,classical,clips/0601/1495485201558641598/20.jpg,0.12663611893069227,0.22480393944920665,2.0168330520391464
illumination,0.75,classical,clips/0601/1495485207554693841/20.jpg,0.04924573793927497,0.09386883579054398,2.2180420346558094
illumination,0.75,classical,clips/0601/1495485213552150385/20.jpg,0.006533110498556639,0.012981411998102389,2.124291961081326
illumination,0.75,classical,clips/0601/1495485219551850010/20.jpg,0.06842643657712151,0.12808825059839735,2.1010410273447633
illumination,0.75,classical,clips/0601/1495485225546895923/20.jpg,0.057524999097505504,0.10879175271808701,2.2077499888837337
illumination,0.75,classical,clips/0601/1495485231544226883/20.jpg,0.059852758389903435,0.11294542174109157,2.7549159713089466
illumination,0.75,classical,clips/0601/1495485237541517645/20.jpg,0.08483390093194934,0.15639979698103276,2.835709019564092
illumination,0.75,classical,clips/0601/1495485243539258908/20.jpg,0.05442310526057272,0.10322821074206923,2.5389159563928843
illumination,0.75,classical,clips/0601/1495485249536332511/20.jpg,0.06661990138026368,0.12491779179078495,3.0850829789415
illumination,0.75,classical,clips/0601/1495485255533685610/20.jpg,0.05203017111978385,0.09891383830637251,3.0819580424576998
illumination,0.75,classical,clips/0601/1495485261533592244/20.jpg,0.10308059373746331,0.18689585207587622,3.6620829487219453
illumination,0.75,classical,clips/0601/1495485267528430709/20.jpg,0.06539218120356755,0.12275701353410413,3.430749988183379
illumination,0.75,classical,clips/0601/1495485273526142378/20.jpg,0.056915875650373905,0.10770180855756506,2.359459060244262
illumination,0.75,classical,clips/0601/1495485279523114914/20.jpg,0.14215921065236134,0.24893063826218234,2.946958993561566
illumination,0.75,classical,clips/0601/1495485285520576618/20.jpg,0.11949145262434499,0.21347452424800487,2.442541066557169
illumination,0.75,classical,clips/0601/1495492512658106755/20.jpg,0.0,nan,1.5638339100405574
illumination,0.75,classical,clips/0601/1495492518657921956/20.jpg,0.16185297955632885,0.27861180786941714,2.457875059917569
illumination,0.75,classical,clips/0601/1495492524654518667/20.jpg,0.1100115895515735,0.19821701068187295,2.9302079929038882
illumination,0.75,classical,clips/0601/1495492530652417826/20.jpg,0.10068985762512843,0.18295772769702626,2.567750052548945
illumination,0.75,classical,clips/0601/1495492536647945627/20.jpg,0.10322863587001921,0.18713915232740833,2.339291968382895
illumination,0.75,classical,clips/0601/1495492542645333836/20.jpg,0.11604388420127894,0.20795577278635105,2.4734579492360353
illumination,0.75,classical,clips/0601/1495492548642776463/20.jpg,0.028659995649336523,0.055722971186888716,2.3307501105591655
illumination,0.75,classical,clips/0601/1495492554641955081/20.jpg,0.049501483570151675,0.09433332747993747,2.4270410649478436
illumination,0.75,twinlite,clips/0601/1494453497604532231/20.jpg,0.5069284377796458,0.6727969624444404,60.86974998470396
illumination,0.75,twinlite,clips/0601/1494453503601902751/20.jpg,0.44383872799545715,0.6148037441988516,12.108542025089264
illumination,0.75,twinlite,clips/0601/1494453509599288720/20.jpg,0.22120202523675858,0.3622693390045327,9.61612502578646
illumination,0.75,twinlite,clips/0601/1494453515596795530/20.jpg,0.2830468435866506,0.4412104593085888,8.668499998748302
illumination,0.75,twinlite,clips/0601/1494453521596643824/20.jpg,0.3357978304345191,0.5027674439706016,9.903208003379405
illumination,0.75,twinlite,clips/0601/1494453527591367337/20.jpg,0.3546799544769463,0.5236365287679942,8.114167023450136
illumination,0.75,twinlite,clips/0601/1494453533590270210/20.jpg,0.49366445520291674,0.6610111842500149,8.288166020065546
illumination,0.75,twinlite,clips/0601/1494453539586188022/20.jpg,0.35791446495041257,0.527153181129833,9.165666997432709
illumination,0.75,twinlite,clips/0601/1494453545585907063/20.jpg,0.23945957312585428,0.3863935191076048,9.176457999274135
illumination,0.75,twinlite,clips/0601/1494453551580996478/20.jpg,0.23804417209242945,0.3845487543309685,8.902292000129819
illumination,0.75,twinlite,clips/0601/1494453557578299956/20.jpg,0.3079507844672949,0.4708904771102955,9.163624956272542
illumination,0.75,twinlite,clips/0601/1494453563575744757/20.jpg,0.45477623434781367,0.6252181244240534,9.048499981872737
illumination,0.75,twinlite,clips/0601/1494453569573067938/20.jpg,0.4478052284563483,0.6185987170854449,8.449999964796007
illumination,0.75,twinlite,clips/0601/1494453575572346547/20.jpg,0.3634889839742738,0.5331748011850929,7.498875027522445
illumination,0.75,twinlite,clips/0601/1494453581567767982/20.jpg,0.3416607185343802,0.5093101613761305,8.147125015966594
illumination,0.75,twinlite,clips/0601/1494453587565069969/20.jpg,0.3384829930490489,0.5057710778647825,8.854457992129028
illumination,0.75,twinlite,clips/0601/1494453593562528307/20.jpg,0.2664652567975831,0.4208015267175572,9.175457991659641
illumination,0.75,twinlite,clips/0601/1494453599561987554/20.jpg,0.33214673724601834,0.498663890334895,8.53983301203698
illumination,0.75,twinlite,clips/0601/1494453605557268031/20.jpg,0.4214499175597692,0.5929859537834163,8.593832957558334
illumination,0.75,twinlite,clips/0601/1494453611554664747/20.jpg,0.41201020724523624,0.583579644298816,8.552958024665713
illumination,0.75,twinlite,clips/0601/1494453617553424930/20.jpg,0.3298032559584997,0.4960181206967839,9.42666595801711
illumination,0.75,twinlite,clips/0601/1494453623549421445/20.jpg,0.40362027015689234,0.5751131965510542,7.837790995836258
illumination,0.75,twinlite,clips/0601/1494453629547675743/20.jpg,0.3178880857785649,0.48242045619642604,9.156459011137486
illumination,0.75,twinlite,clips/0601/1494453635544157546/20.jpg,0.2322326650433516,0.3769298958410283,8.76208406407386
illumination,0.75,twinlite,clips/0601/1494453641541664519/20.jpg,0.257553037193638,0.4096098209398702,7.993333972990513
illumination,0.75,twinlite,clips/0601/1494453647538775071/20.jpg,0.4116978374428235,0.5832662295333411,9.695583954453468
illumination,0.75,twinlite,clips/0601/1494453653536229036/20.jpg,0.27433552930486144,0.4305546270918288,7.707332959398627
illumination,0.75,twinlite,clips/0601/1494453661532670510/20.jpg,0.46620072076007424,0.6359302845225682,8.962000021710992
illumination,0.75,twinlite,clips/0601/1494453667532618102/20.jpg,0.513995364592619,0.6789919924634951,8.663417072966695
illumination,0.75,twinlite,clips/0601/1494453673527450206/20.jpg,0.4156578166974846,0.5872292185228085,8.364457986317575
illumination,0.75,twinlite,clips/0601/1494453679527133712/20.jpg,0.39404387758215603,0.5653249283165889,7.94162496458739
illumination,0.75,twinlite,clips/0601/1494453685522315222/20.jpg,0.22192917564568523,0.36324392619304574,9.054291993379593
illumination,0.75,twinlite,clips/0601/1494453691519533853/20.jpg,0.24242332127549623,0.390242708944999,10.037792031653225
illumination,0.75,twinlite,clips/0601/1494453697518974585/20.jpg,0.22573115016507153,0.36832081836978997,7.935625035315752
illumination,0.75,twinlite,clips/0601/1494453703514316264/20.jpg,0.28525483246365396,0.44388836401705695,9.287166991271079
illumination,0.75,twinlite,clips/0601/1494453709513778562/20.jpg,0.2068023546612289,0.3427277944270867,8.97329207509756
illumination,0.75,twinlite,clips/0601/1494453715509045873/20.jpg,0.4837443730522104,0.652058915050306,7.912416011095047
illumination,0.75,twinlite,clips/0601/1494453721506443914/20.jpg,0.5217500628614533,0.6857237276933245,8.747792104259133
illumination,0.75,twinlite,clips/0601/1494453727503739315/20.jpg,0.2968340779540903,0.45778266163761094,9.132207953371108
illumination,0.75,twinlite,clips/0601/1494453733501172122/20.jpg,0.23729518134894517,0.3835708486155053,7.922790944576263
illumination,0.75,twinlite,clips/0601/1494453739498514009/20.jpg,0.5257966616084977,0.6892093485827946,9.37999994494021
illumination,0.75,twinlite,clips/0601/1494453745495966700/20.jpg,0.2912288716308817,0.4510879179196886,7.97174999024719
illumination,0.75,twinlite,clips/0601/1494453751493293308/20.jpg,0.2646123886709241,0.41848773749405555,7.8497499926015735
illumination,0.75,twinlite,clips/0601/1494453757490822445/20.jpg,0.2585750253408757,0.41090124964277364,9.00570792146027
illumination,0.75,twinlite,clips/0601/1494453763488013443/20.jpg,0.33191783186604523,0.49840586847766916,7.852041977457702
illumination,0.75,twinlite,clips/0601/1494453769487225684/20.jpg,0.41481426227062507,0.586386882480097,8.175458991900086
illumination,0.75,twinlite,clips/0601/1494453775482792464/20.jpg,0.5012823501981813,0.6678055598695449,8.24054202530533
illumination,0.75,twinlite,clips/0601/1494453781480173619/20.jpg,0.43626436264362645,0.6074986945169712,8.188084000721574
illumination,0.75,twinlite,clips/0601/1494453787480034236/20.jpg,0.4067535077331611,0.5782868221009133,8.677667006850243
illumination,0.75,twinlite,clips/0601/1494453793475579483/20.jpg,0.504817809281205,0.6709354530065503,7.92783300857991
illumination,0.75,twinlite,clips/0601/1494453799472239703/20.jpg,0.4113323124042879,0.5828993055555556,8.288250071927905
illumination,0.75,twinlite,clips/0601/1494453805469700214/20.jpg,0.37041223195504064,0.5405851222250223,8.527582976967096
illumination,0.75,twinlite,clips/0601/1494453811467016035/20.jpg,0.264339319217368,0.41814616566855684,8.342291926965117
illumination,0.75,twinlite,clips/0601/1494453817464323387/20.jpg,0.5009027016571024,0.6674685855439801,9.005208034068346
illumination,0.75,twinlite,clips/0601/1494453823461695785/20.jpg,0.5229451279341837,0.6867550489406516,9.52637498266995
illumination,0.75,twinlite,clips/0601/1494453829459036893/20.jpg,0.5387065081139683,0.7002069664009865,8.338582934811711
illumination,0.75,twinlite,clips/0601/1494453835456441057/20.jpg,0.443372053296891,0.6143558790460973,8.8676669402048
illumination,0.75,twinlite,clips/0601/1494453841456411836/20.jpg,0.5390714695752009,0.7005151875422524,8.27229197602719
illumination,0.75,twinlite,clips/0601/1494453847451852161/20.jpg,0.47828533908638965,0.6470812182741117,7.990999962203205
illumination,0.75,twinlite,clips/0601/1494453853451104735/20.jpg,0.536884154460719,0.6986657425056316,9.6024579834193
illumination,0.75,twinlite,clips/0601/1494453859446867209/20.jpg,0.5079586707623569,0.6737037037037037,8.670417009852827
illumination,0.75,twinlite,clips/0601/1494453865443302705/20.jpg,0.4958042740461716,0.6629266711546613,9.180666995234787
illumination,0.75,twinlite,clips/0601/1494453871443269121/20.jpg,0.5936406995230524,0.7450119712689546,9.228709037415683
illumination,0.75,twinlite,clips/0601/1494453877438073356/20.jpg,0.4178368910132708,0.5894005067319974,9.15437494404614
illumination,0.75,twinlite,clips/0601/1494453883436198482/20.jpg,0.5003120996090542,0.6669440308312167,8.352249977178872
illumination,0.75,twinlite,clips/0601/1494453889432873365/20.jpg,0.43371087843428147,0.6050186058543768,9.317374904640019
illumination,0.75,twinlite,clips/0601/1494453895431227611/20.jpg,0.4651663252871477,0.6349672624314281,8.586875046603382
illumination,0.75,twinlite,clips/0601/1494453901427565927/20.jpg,0.5165258449304175,0.6811962310528472,8.435792056843638
illumination,0.75,twinlite,clips/0601/1494453907426815473/20.jpg,0.44777048047010026,0.6185655620284596,8.154875016771257
illumination,0.75,twinlite,clips/0601/1494453913422263611/20.jpg,0.632020835475138,0.7745254493532673,9.011124959215522
illumination,0.75,twinlite,clips/0601/1494453919420314205/20.jpg,0.736085075702956,0.8479827238937685,8.680499973706901
illumination,0.75,twinlite,clips/0601/1495058507652622962/20.jpg,0.2860221470724753,0.4448168295135219,9.02912497986108
illumination,0.75,twinlite,clips/0601/1495058515650447849/20.jpg,0.403760762963821,0.575255803718781,7.924500037916005
illumination,0.75,twinlite,clips/0601/1495058521646381547/20.jpg,0.2645660407768555,0.4184297731328065,9.541625040583313
illumination,0.75,twinlite,clips/0601/1495058527645454477/20.jpg,0.32044445611915207,0.48535847855494546,9.540333063341677
illumination,0.75,twinlite,clips/0601/1495058533641199011/20.jpg,0.3458519316607665,0.5139524245196706,7.579667028039694
illumination,0.75,twinlite,clips/0601/1495058539638866627/20.jpg,0.35698192157073116,0.5261410132236959,9.289709036238492
illumination,0.75,twinlite,clips/0601/1495058545635832279/20.jpg,0.41269157912863785,0.5842628146522826,8.036917075514793
illumination,0.75,twinlite,clips/0601/1495058551633359536/20.jpg,0.520469605736936,0.6846169154228856,8.058959036134183
illumination,0.75,twinlite,clips/0601/1495058557632067443/20.jpg,0.5337042387729383,0.6959676126342793,9.148792014457285
illumination,0.75,twinlite,clips/0601/1495058563627986766/20.jpg,0.47603899670450384,0.6450222490968571,8.080667001195252
illumination,0.75,twinlite,clips/0601/1495058569626907953/20.jpg,0.36144736496599533,0.5309751581546058,9.034959017299116
illumination,0.75,twinlite,clips/0601/1495058575622734256/20.jpg,0.3636267512556172,0.533322994610941,8.515040972270072
illumination,0.75,twinlite,clips/0601/1495058581620129503/20.jpg,0.374687526937333,0.545123920302237,8.936375030316412
illumination,0.75,twinlite,clips/0601/1495058587617442669/20.jpg,0.4041306821985673,0.5756311535985887,7.826665998436511
illumination,0.75,twinlite,clips/0601/1495058593615616960/20.jpg,0.2905688657814,0.4502957935614997,9.314707946032286
illumination,0.75,twinlite,clips/0601/1495058599612448574/20.jpg,0.33983758973755446,0.5072817665969818,9.25999996252358
illumination,0.75,twinlite,clips/0601/1495058605609578659/20.jpg,0.29183962377330425,0.45182020802377415,9.263624902814627
illumination,0.75,twinlite,clips/0601/1495058611609939176/20.jpg,0.44651993178426774,0.6173712812010684,7.594041991978884
illumination,0.75,twinlite,clips/0601/1495058617604256196/20.jpg,0.4458022583640339,0.6166849661287316,8.39737500064075
illumination,0.75,twinlite,clips/0601/1495058623602404204/20.jpg,0.45784837442954684,0.6281152175495643,7.622750010341406
illumination,0.75,twinlite,clips/0601/1495058629599018470/20.jpg,0.37685731132075473,0.5474166541763913,9.077208931557834
illumination,0.75,twinlite,clips/0601/1495058635596342127/20.jpg,0.5218063811719035,0.6857723658249796,7.595875067636371
illumination,0.75,twinlite,clips/0601/1495058641593823148/20.jpg,0.3538977201075233,0.5227835380052455,8.3846669876948
illumination,0.75,twinlite,clips/0601/1495058647591446332/20.jpg,0.3327637006482027,0.4993588893310342,9.123374940827489
illumination,0.75,twinlite,clips/0601/1495058653588446886/20.jpg,0.35868211495641017,0.5279853337407294,8.693707990460098
illumination,0.75,twinlite,clips/0601/1495058659585835658/20.jpg,0.2518822451499821,0.4024056513714758,8.054208010435104
illumination,0.75,twinlite,clips/0601/1495058665583165347/20.jpg,0.2629314867275207,0.41638281963944507,10.73295809328556
illumination,0.75,twinlite,clips/0601/1495058671580580478/20.jpg,0.40567146635321777,0.5771924323194313,9.042042074725032
illumination,0.75,twinlite,clips/0601/1495058677578062974/20.jpg,0.3719699268399582,0.5422420995724186,8.50075006019324
illumination,0.75,twinlite,clips/0601/1495058683578929172/20.jpg,0.31077404222048477,0.474184004581027,9.107167017646134
illumination,0.75,twinlite,clips/0601/1495058689572753425/20.jpg,0.1872366044551475,0.31541582150101416,7.964041084051132
illumination,0.75,twinlite,clips/0601/1495058695570408263/20.jpg,0.1768760503689992,0.30058569092903414,8.126916945911944
illumination,0.75,twinlite,clips/0601/1495058701567358056/20.jpg,0.36541737649063033,0.5352464129756707,9.059624979272485
illumination,0.75,twinlite,clips/0601/1495058707565707879/20.jpg,0.2905380160657575,0.45025874859769116,8.759334101341665
illumination,0.75,twinlite,clips/0601/1495058715562283498/20.jpg,0.29417508543959137,0.45461404526987814,8.216124959290028
illumination,0.75,twinlite,clips/0601/1495058721558633337/20.jpg,0.3471299955188007,0.5153622837788799,8.896916988305748
illumination,0.75,twinlite,clips/0601/1495058727556647955/20.jpg,0.2929947973913681,0.4532033662973563,7.875708979554474
illumination,0.75,twinlite,clips/0601/1495058733553446687/20.jpg,0.4171526586620926,0.5887194383926411,7.795582991093397
illumination,0.75,twinlite,clips/0601/1495058739553286402/20.jpg,0.4406069706788904,0.6116962914197936,8.490707958117127
illumination,0.75,twinlite,clips/0601/1495058745548122682/20.jpg,0.3284826738429848,0.4945230830790776,8.299749926663935
illumination,0.75,twinlite,clips/0601/1495058751545486604/20.jpg,0.3363516868701621,0.5033879781420765,9.193166974000633
illumination,0.75,twinlite,clips/0601/1495058757543228003/20.jpg,0.32209987375508486,0.48725497997400596,9.025542065501213
illumination,0.75,twinlite,clips/0601/1495058763540182973/20.jpg,0.3877403437127786,0.5588082028017044,8.556709042750299
illumination,0.75,twinlite,clips/0601/1495058769540492239/20.jpg,0.20135730777303576,0.33521635315357295,9.506292059086263
illumination,0.75,twinlite,clips/0601/1495058775535017414/20.jpg,0.24820509347060418,0.39769921588843365,8.844624971970916
illumination,0.75,twinlite,clips/0601/1495058781534953658/20.jpg,0.195009742368478,0.3263734770596494,8.822166011668742
illumination,0.75,twinlite,clips/0601/1495058787529671793/20.jpg,0.4946584281342034,0.661901634277325,7.858790922909975
illumination,0.75,twinlite,clips/0601/1495058793526969174/20.jpg,0.4803781351379635,0.648993826287761,9.17329196818173
illumination,0.75,twinlite,clips/0601/1495058799525818237/20.jpg,0.30651165454441326,0.46920615438565727,8.884708979167044
illumination,0.75,twinlite,clips/0601/1495058805523198969/20.jpg,0.43170921342490604,0.6030682898130968,8.301416994072497
illumination,0.75,twinlite,clips/0601/1495058811520330339/20.jpg,0.3858593566564921,0.5568521146148797,9.44858300499618
illumination,0.75,twinlite,clips/0601/1495058817516570927/20.jpg,0.4331364927492899,0.6044595123223366,8.618750027380884
illumination,0.75,twinlite,clips/0601/1495058823515900521/20.jpg,0.47789436866037077,0.6467233095874849,11.275457916781306
illumination,0.75,twinlite,clips/0601/1495058829511203058/20.jpg,0.5874193052566862,0.7400934375832103,8.806749945506454
illumination,0.75,twinlite,clips/0601/1495058835510553015/20.jpg,0.5697980100495824,0.7259507355746809,9.259417071007192
illumination,0.75,twinlite,clips/0601/1495058841505989452/20.jpg,0.4987686948165055,0.6655712739951107,9.275375050492585
illumination,0.75,twinlite,clips/0601/1495058847507116852/20.jpg,0.541020183990114,0.7021584656850736,9.017833974212408
illumination,0.75,twinlite,clips/0601/1495058853500724642/20.jpg,0.6652733769298187,0.7989959920650986,9.293874958530068
illumination,0.75,twinlite,clips/0601/1495058859498417310/20.jpg,0.6495643081212966,0.7875586358449901,8.845584001392126
illumination,0.75,twinlite,clips/0601/1495058865495399571/20.jpg,0.5979882420905971,0.7484263354882613,8.08504200540483
illumination,0.75,twinlite,clips/0601/1495058871492888869/20.jpg,0.6031824089360357,0.7524813216187201,9.02016693726182
illumination,0.75,twinlite,clips/0601/1495058877492091924/20.jpg,0.542761758256145,0.7036235573659199,8.482374949380755
illumination,0.75,twinlite,clips/0601/1495058883487530264/20.jpg,0.520368921913701,0.6845298064350176,7.9720839858055115
illumination,0.75,twinlite,clips/0601/1495058889484921618/20.jpg,0.5740039110241995,0.729355126761657,8.636291953735054
illumination,0.75,twinlite,clips/0601/1495058895482305544/20.jpg,0.5740970474603906,0.7294303084890791,8.185666985809803
illumination,0.75,twinlite,clips/0601/1495058901481630657/20.jpg,0.585678391959799,0.7387101885596576,7.7503330539911985
illumination,0.75,twinlite,clips/0601/1495058907477059235/20.jpg,0.5310945273631841,0.6937449228269699,8.112667012028396
illumination,0.75,twinlite,clips/0601/1495058913475711516/20.jpg,0.514500864963875,0.6794329100315797,8.041416993364692
illumination,0.75,twinlite,clips/0601/1495058919475143504/20.jpg,0.6325978208730213,0.774958551071376,9.215374942868948
illumination,0.75,twinlite,clips/0601/1495058925469436408/20.jpg,0.48606769967413715,0.6541662937438467,8.446666994132102
illumination,0.75,twinlite,clips/0601/1495058931466470327/20.jpg,0.5510471204188482,0.710548523206751,8.378790924325585
illumination,0.75,twinlite,clips/0601/1495058937463794073/20.jpg,0.6335130533484676,0.7756449231303744,8.806374971754849
illumination,0.75,twinlite,clips/0601/1495058943463632446/20.jpg,0.5195196246630019,0.6837945574782829,7.913833949714899
illumination,0.75,twinlite,clips/0601/1495058949458758174/20.jpg,0.48408679372679003,0.6523699230705601,8.415250107645988
illumination,0.75,twinlite,clips/0601/1495485009641442407/20.jpg,0.30295166360740133,0.4650236414275536,10.593000100925565
illumination,0.75,twinlite,clips/0601/1495485015638767825/20.jpg,0.2996631504299264,0.4611397196739761,8.503417018800974
illumination,0.75,twinlite,clips/0601/1495485021636199888/20.jpg,0.31884712685218647,0.4835240117832431,7.701874943450093
illumination,0.75,twinlite,clips/0601/1495485027633718711/20.jpg,0.47275394718457453,0.6419999051278403,9.4941669376567
illumination,0.75,twinlite,clips/0601/1495485033630861236/20.jpg,0.3845998266396995,0.5555393251392917,7.838999968953431
illumination,0.75,twinlite,clips/0601/1495485039628271607/20.jpg,0.35551772589710334,0.524548988338483,8.885542047210038
illumination,0.75,twinlite,clips/0601/1495485045626852826/20.jpg,0.47302747070266166,0.6422520694431024,8.75491602346301
illumination,0.75,twinlite,clips/0601/1495485051623004273/20.jpg,0.42719690615972417,0.5986516707203604,7.979665999300778
illumination,0.75,twinlite,clips/0601/1495485057620656604/20.jpg,0.30345477964854173,0.46561612168910693,7.519375067204237
illumination,0.75,twinlite,clips/0601/1495485063617750112/20.jpg,0.22025247848964566,0.360994929118703,9.13629203569144
illumination,0.75,twinlite,clips/0601/1495485069617812641/20.jpg,0.27547823429022644,0.4319606981667133,8.871667087078094
illumination,0.75,twinlite,clips/0601/1495485075612519689/20.jpg,0.3789525003482379,0.5496237183696147,8.100375067442656
illumination,0.75,twinlite,clips/0601/1495485081611855219/20.jpg,0.3784812086623753,0.5491278463340662,8.899500011466444
illumination,0.75,twinlite,clips/0601/1495485087607351973/20.jpg,0.3794430103256553,0.5501394511920827,9.051833068951964
illumination,0.75,twinlite,clips/0601/1495485093604646206/20.jpg,0.3704538770708754,0.5406294706723892,7.977625005878508
illumination,0.75,twinlite,clips/0601/1495485099601922885/20.jpg,0.0,nan,8.148125023581088
illumination,0.75,twinlite,clips/0601/1495485105599385453/20.jpg,0.41437917964317617,0.5859520355039686,8.648584014736116
illumination,0.75,twinlite,clips/0601/1495485111599411627/20.jpg,0.31902319902319903,0.4837264412929981,8.182125049643219
illumination,0.75,twinlite,clips/0601/1495485117594185994/20.jpg,0.21634738732575046,0.355732892724684,9.215292055159807
illumination,0.75,twinlite,clips/0601/1495485123591495860/20.jpg,0.3607958168600944,0.5302717900656045,8.713916991837323
illumination,0.75,twinlite,clips/0601/1495485129589080069/20.jpg,0.2585070467820588,0.4108154140941026,8.018583059310913
illumination,0.75,twinlite,clips/0601/1495485135586245515/20.jpg,0.37377140541088255,0.5441537128210803,9.368333965539932
illumination,0.75,twinlite,clips/0601/1495485141585513338/20.jpg,0.34551294435857804,0.513578031050884,8.876750012859702
illumination,0.75,twinlite,clips/0601/1495485147581014946/20.jpg,0.34446511852693135,0.5124195693590711,8.286749944090843
illumination,0.75,twinlite,clips/0601/1495485153579251831/20.jpg,0.04480782025692205,0.08577236767983541,9.178417036309838
illumination,0.75,twinlite,clips/0601/1495485159575742672/20.jpg,0.3248568042662453,0.4904028921769595,9.119042078964412
illumination,0.75,twinlite,clips/0601/1495485165575366989/20.jpg,0.2967182825972198,0.45764494351528306,7.916999980807304
illumination,0.75,twinlite,clips/0601/1495485171570457961/20.jpg,0.30867549978931597,0.4717372638809388,8.360957959666848
illumination,0.75,twinlite,clips/0601/1495485177570314287/20.jpg,0.32161983546409606,0.4867055212608202,8.98933399002999
illumination,0.75,twinlite,clips/0601/1495485183565129358/20.jpg,0.2755120213713268,0.43200223401284554,7.82520801294595
illumination,0.75,twinlite,clips/0601/1495485189564879401/20.jpg,0.3720412141464773,0.5423178404708747,8.994749980047345
illumination,0.75,twinlite,clips/0601/1495485195559966192/20.jpg,0.30554470461177874,0.46807237397916085,9.790749987587333
illumination,0.75,twinlite,clips/0601/1495485201558641598/20.jpg,0.378735566479936,0.5493955123633891,7.925958023406565
illumination,0.75,twinlite,clips/0601/1495485207554693841/20.jpg,0.3042109651865749,0.46650576219171075,9.702167008072138
illumination,0.75,twinlite,clips/0601/1495485213552150385/20.jpg,0.48147759746218177,0.649996460678134,9.153750026598573
illumination,0.75,twinlite,clips/0601/1495485219551850010/20.jpg,0.34864681016471505,0.5170320465476556,8.081958978436887
illumination,0.75,twinlite,clips/0601/1495485225546895923/20.jpg,0.4122629998122771,0.5838331810251725,9.744958020746708
illumination,0.75,twinlite,clips/0601/1495485231544226883/20.jpg,0.3645350864086857,0.5342993229556362,9.037624928168952
illumination,0.75,twinlite,clips/0601/1495485237541517645/20.jpg,0.2606877323420074,0.41356431994102466,8.375750039704144
illumination,0.75,twinlite,clips/0601/1495485243539258908/20.jpg,0.22576245970741385,0.3683624962071406,9.070291998796165
illumination,0.75,twinlite,clips/0601/1495485249536332511/20.jpg,0.18147574819401444,0.30720181683189934,8.814083063043654
illumination,0.75,twinlite,clips/0601/1495485255533685610/20.jpg,0.17839118587845043,0.30277074033860135,8.853000006638467
illumination,0.75,twinlite,clips/0601/1495485261533592244/20.jpg,0.260030023237163,0.4127362339654666,7.938000024296343
illumination,0.75,twinlite,clips/0601/1495485267528430709/20.jpg,0.324441256767387,0.4899292514630099,8.947791997343302
illumination,0.75,twinlite,clips/0601/1495485273526142378/20.jpg,0.19950998219857205,0.33265247502633005,9.022541926242411
illumination,0.75,twinlite,clips/0601/1495485279523114914/20.jpg,0.3475832707237666,0.5158616588303072,8.030500030145049
illumination,0.75,twinlite,clips/0601/1495485285520576618/20.jpg,0.42780937994193596,0.5992527937578523,8.9537090389058
illumination,0.75,twinlite,clips/0601/1495492512658106755/20.jpg,0.37312197770939465,0.5434651600753295,8.059708052314818
illumination,0.75,twinlite,clips/0601/1495492518657921956/20.jpg,0.26974378398852844,0.4248790777950608,8.453125017695129
illumination,0.75,twinlite,clips/0601/1495492524654518667/20.jpg,0.4059589255703991,0.5774833363722929,9.200500091537833
illumination,0.75,twinlite,clips/0601/1495492530652417826/20.jpg,0.1592290207357239,0.2747153804597931,7.719125016592443
illumination,0.75,twinlite,clips/0601/1495492536647945627/20.jpg,0.3368723557116628,0.5039708604526184,7.979499991051853
illumination,0.75,twinlite,clips/0601/1495492542645333836/20.jpg,0.15613364066972316,0.2700961812326096,8.558040950447321
illumination,0.75,twinlite,clips/0601/1495492548642776463/20.jpg,0.24381455680999278,0.3920432599459251,9.062750032171607
illumination,0.75,twinlite,clips/0601/1495492554641955081/20.jpg,0.35802436992293274,0.5272723786882416,7.995583000592887
illumination,0.6,classical,clips/0601/1494453497604532231/20.jpg,0.0761227945107824,0.14147603767725908,2.13262508623302
illumination,0.6,classical,clips/0601/1494453503601902751/20.jpg,0.0038977416026596354,0.007765216398309923,1.704125083051622
illumination,0.6,classical,clips/0601/1494453509599288720/20.jpg,0.009235202934305613,0.018301388828797647,1.8636250169947743
illumination,0.6,classical,clips/0601/1494453515596795530/20.jpg,0.1886373509678042,0.3174010152284264,2.0210000220686197
illumination,0.6,classical,clips/0601/1494453521596643824/20.jpg,0.12062189485132363,0.2152767055605797,2.2706249728798866
illumination,0.6,classical,clips/0601/1494453527591367337/20.jpg,0.0,nan,1.6952910227701068
illumination,0.6,classical,clips/0601/1494453533590270210/20.jpg,0.08732116428219043,0.16061705989110706,1.890541985630989
illumination,0.6,classical,clips/0601/1494453539586188022/20.jpg,0.08032618886684255,0.14870728802954772,1.5797079540789127
illumination,0.6,classical,clips/0601/1494453545585907063/20.jpg,0.006910359080340997,0.013725867487653132,1.7560420092195272
illumination,0.6,classical,clips/0601/1494453551580996478/20.jpg,0.08882440083608986,0.16315652141499237,1.8944169860333204
illumination,0.6,classical,clips/0601/1494453557578299956/20.jpg,0.117925912548816,0.21097267936110498,1.8842919962480664
illumination,0.6,classical,clips/0601/1494453563575744757/20.jpg,0.08972747385358004,0.16467874033913946,1.9251249032095075
illumination,0.6,classical,clips/0601/1494453569573067938/20.jpg,0.10386025252296692,0.18817645129550672,1.8260000506415963
illumination,0.6,classical,clips/0601/1494453575572346547/20.jpg,0.028289015731588475,0.05502152663074382,1.5884999884292483
illumination,0.6,classical,clips/0601/1494453581567767982/20.jpg,0.0,nan,1.4671250246465206
illumination,0.6,classical,clips/0601/1494453587565069969/20.jpg,0.07085476850019787,0.13233310544890153,1.6354999970644712
illumination,0.6,classical,clips/0601/1494453593562528307/20.jpg,0.04381292093961937,0.0839478417266187,1.5455419197678566
illumination,0.6,classical,clips/0601/1494453599561987554/20.jpg,0.0,nan,1.4977919636294246
illumination,0.6,classical,clips/0601/1494453605557268031/20.jpg,0.00981865787432118,0.019446378412119176,1.6385000199079514
illumination,0.6,classical,clips/0601/1494453611554664747/20.jpg,0.006441781533559604,0.012801101169993117,1.4339169720187783
illumination,0.6,classical,clips/0601/1494453617553424930/20.jpg,0.11322802363439045,0.20342287694974,1.778333098627627
illumination,0.6,classical,clips/0601/1494453623549421445/20.jpg,0.15793080631439643,0.27278107716484007,1.6140000661835074
illumination,0.6,classical,clips/0601/1494453629547675743/20.jpg,0.16092774780492966,0.2772399024990318,1.839208067394793
illumination,0.6,classical,clips/0601/1494453635544157546/20.jpg,0.11534989235861941,0.2068407289029098,1.7200419679284096
illumination,0.6,classical,clips/0601/1494453641541664519/20.jpg,0.11547539637744368,0.2070424802778353,1.6178340883925557
illumination,0.6,classical,clips/0601/1494453647538775071/20.jpg,0.2111254415970392,0.3486433929067506,1.742499996908009
illumination,0.6,classical,clips/0601/1494453653536229036/20.jpg,0.0,nan,1.6655829967930913
illumination,0.6,classical,clips/0601/1494453661532670510/20.jpg,0.0,nan,1.6262501012533903
illumination,0.6,classical,clips/0601/1494453667532618102/20.jpg,0.24679074820596392,0.39588158407668145,1.8638750771060586
illumination,0.6,classical,clips/0601/1494453673527450206/20.jpg,0.10167058607946737,0.18457529385673097,1.603791955858469
illumination,0.6,classical,clips/0601/1494453679527133712/20.jpg,0.1660770241584959,0.28484743411927876,1.1809999123215675
illumination,0.6,classical,clips/0601/1494453685522315222/20.jpg,0.19806338028169015,0.3306392358559882,1.5914170071482658
illumination,0.6,classical,clips/0601/1494453691519533853/20.jpg,0.10037904244737762,0.18244448244692546,1.681291963905096
illumination,0.6,classical,clips/0601/1494453697518974585/20.jpg,0.1778176919622811,0.3019443385436523,1.6122499946504831
illumination,0.6,classical,clips/0601/1494453703514316264/20.jpg,0.32424134237772223,0.48970128329558926,1.76416605245322
illumination,0.6,classical,clips/0601/1494453709513778562/20.jpg,0.3543708984849712,0.523299635101992,1.6336248954758048
illumination,0.6,classical,clips/0601/1494453715509045873/20.jpg,0.11453049261639049,0.20552240315565895,1.526291947811842
illumination,0.6,classical,clips/0601/1494453721506443914/20.jpg,0.1982339628241754,0.3308768887787962,1.401167013682425
illumination,0.6,classical,clips/0601/1494453727503739315/20.jpg,0.1311878147647709,0.2319470083613856,1.5862500295042992
illumination,0.6,classical,clips/0601/1494453733501172122/20.jpg,0.02032988108937476,0.03984962406015038,1.6648749588057399
illumination,0.6,classical,clips/0601/1494453739498514009/20.jpg,0.19775591664833264,0.3302107113805138,1.6242910642176867
illumination,0.6,classical,clips/0601/1494453745495966700/20.jpg,0.1925413432332096,0.32290929673128627,1.5699160285294056
illumination,0.6,classical,clips/0601/1494453751493293308/20.jpg,0.08398700134468848,0.15495942523388637,1.4938749372959137
illumination,0.6,classical,clips/0601/1494453757490822445/20.jpg,0.13069876811848524,0.23118229506161345,1.1414589826017618
illumination,0.6,classical,clips/0601/1494453763488013443/20.jpg,0.07148765509462339,0.1334362645331836,1.7262090696021914
illumination,0.6,classical,clips/0601/1494453769487225684/20.jpg,0.03868539365001917,0.07448914538804818,1.4764999505132437
illumination,0.6,classical,clips/0601/1494453775482792464/20.jpg,0.07345207803223071,0.1368520859671302,1.4645829796791077
illumination,0.6,classical,clips/0601/1494453781480173619/20.jpg,0.05262816983515238,0.09999384653252108,1.595041947439313
illumination,0.6,classical,clips/0601/1494453787480034236/20.jpg,0.12398185379936076,0.22061184240700824,1.3120840303599834
illumination,0.6,classical,clips/0601/1494453793475579483/20.jpg,0.0,nan,1.5332079492509365
illumination,0.6,classical,clips/0601/1494453799472239703/20.jpg,0.019866085528393657,0.03895822365364962,1.3689999468624592
illumination,0.6,classical,clips/0601/1494453805469700214/20.jpg,0.02510671093194214,0.04898360466124975,1.6714169178158045
illumination,0.6,classical,clips/0601/1494453811467016035/20.jpg,0.138675501510904,0.24357334697531655,1.4933340717107058
illumination,0.6,classical,clips/0601/1494453817464323387/20.jpg,0.06316995887548035,0.11883322764743183,1.623040996491909
illumination,0.6,classical,clips/0601/1494453823461695785/20.jpg,0.16142841049904247,0.2779825412221144,1.4389170100912452
illumination,0.6,classical,clips/0601/1494453829459036893/20.jpg,0.19282772554200014,0.3233119442363441,1.4015419874340296
illumination,0.6,classical,clips/0601/1494453835456441057/20.jpg,0.1151276013492013,0.20648327816459308,1.3529579155147076
illumination,0.6,classical,clips/0601/1494453841456411836/20.jpg,0.0,nan,1.2600839836522937
illumination,0.6,classical,clips/0601/1494453847451852161/20.jpg,0.06813627254509018,0.1275797373358349,1.050708000548184
illumination,0.6,classical,clips/0601/1494453853451104735/20.jpg,0.22851063829787235,0.3720124696917215,1.4812910230830312
illumination,0.6,classical,clips/0601/1494453859446867209/20.jpg,0.18720799097792815,0.31537522051838784,1.2847499456256628
illumination,0.6,classical,clips/0601/1494453865443302705/20.jpg,0.13189071566731142,0.23304496422086937,1.4327920507639647
illumination,0.6,classical,clips/0601/1494453871443269121/20.jpg,0.32589955022488754,0.49159010600706715,1.1374589521437883
illumination,0.6,classical,clips/0601/1494453877438073356/20.jpg,0.11762961864877886,0.2104983917498425,1.350583042949438
illumination,0.6,classical,clips/0601/1494453883436198482/20.jpg,0.12626125951985154,0.2242130916829712,1.4755830634385347
illumination,0.6,classical,clips/0601/1494453889432873365/20.jpg,0.1045397495943919,0.18929105925392162,1.521000056527555
illumination,0.6,classical,clips/0601/1494453895431227611/20.jpg,0.21410303251735477,0.35269334938308755,1.7481250688433647
illumination,0.6,classical,clips/0601/1494453901427565927/20.jpg,0.04734158776402039,0.09040333796940195,1.551666995510459
illumination,0.6,classical,clips/0601/1494453907426815473/20.jpg,0.1635928823314823,0.2811857735047201,1.6280419658869505
illumination,0.6,classical,clips/0601/1494453913422263611/20.jpg,0.2718670168747526,0.42750855752637984,1.5654999297112226
illumination,0.6,classical,clips/0601/1494453919420314205/20.jpg,0.2347907595549105,0.38029238190856335,1.6780419973656535
illumination,0.6,classical,clips/0601/1495058507652622962/20.jpg,0.23290273556231003,0.37781201848998464,1.8810420297086239
illumination,0.6,classical,clips/0601/1495058515650447849/20.jpg,0.16541589584278685,0.28387444590870975,1.4064169954508543
illumination,0.6,classical,clips/0601/1495058521646381547/20.jpg,0.1283026092664515,0.22742588417812037,2.0231249509379268
illumination,0.6,classical,clips/0601/1495058527645454477/20.jpg,0.018682421643323146,0.036679579909084804,2.0913330372422934
illumination,0.6,classical,clips/0601/1495058533641199011/20.jpg,0.11396123827063054,0.20460539263924427,2.1372080082073808
illumination,0.6,classical,clips/0601/1495058539638866627/20.jpg,0.0605166971257684,0.11412681627697488,1.8794999923557043
illumination,0.6,classical,clips/0601/1495058545635832279/20.jpg,0.029248931921025356,0.056835486564817995,1.709542004391551
illumination,0.6,classical,clips/0601/1495058551633359536/20.jpg,0.21612627465347745,0.3554339366856626,1.740582985803485
illumination,0.6,classical,clips/0601/1495058557632067443/20.jpg,0.0,nan,1.590791973285377
illumination,0.6,classical,clips/0601/1495058563627986766/20.jpg,0.08230786567500563,0.1520969555620341,1.676916959695518
illumination,0.6,classical,clips/0601/1495058569626907953/20.jpg,0.1332527651525103,0.23516865654341024,1.761582912877202
illumination,0.6,classical,clips/0601/1495058575622734256/20.jpg,0.20496335688017567,0.34019848937291414,1.8294579349458218
illumination,0.6,classical,clips/0601/1495058581620129503/20.jpg,4.4284037818568296e-05,8.856415365880661e-05,1.8097090069204569
illumination,0.6,classical,clips/0601/1495058587617442669/20.jpg,0.1016652838686737,0.1845665563893596,1.392542035318911
illumination,0.6,classical,clips/0601/1495058593615616960/20.jpg,0.07069262794903065,0.13205027494108407,1.843750011175871
illumination,0.6,classical,clips/0601/1495058599612448574/20.jpg,0.030968441907637152,0.060076410972066514,1.816792064346373
illumination,0.6,classical,clips/0601/1495058605609578659/20.jpg,0.022781129896250273,0.044547419248067606,1.9620420644059777
illumination,0.6,classical,clips/0601/1495058611609939176/20.jpg,0.0414570825896479,0.07961361688868117,1.77183304913342
illumination,0.6,classical,clips/0601/1495058617604256196/20.jpg,0.15521318349138247,0.26871781885709467,2.0004580728709698
illumination,0.6,classical,clips/0601/1495058623602404204/20.jpg,0.12639262389550518,0.22442019099590726,1.4933340717107058
illumination,0.6,classical,clips/0601/1495058629599018470/20.jpg,0.11568658239773887,0.20738186552197319,1.48808304220438
illumination,0.6,classical,clips/0601/1495058635596342127/20.jpg,0.22176820208023773,0.36302827607175436,1.9173750188201666
illumination,0.6,classical,clips/0601/1495058641593823148/20.jpg,0.14040951520626319,0.24624402608718612,1.8655419116839767
illumination,0.6,classical,clips/0601/1495058647591446332/20.jpg,0.14576033637000702,0.25443425076452597,1.7031669849529862
illumination,0.6,classical,clips/0601/1495058653588446886/20.jpg,0.1676624043686302,0.2871761628041581,1.8500830046832561
illumination,0.6,classical,clips/0601/1495058659585835658/20.jpg,0.1809217643967729,0.30640770599937184,1.5509170480072498
illumination,0.6,classical,clips/0601/1495058665583165347/20.jpg,0.0665636810019034,0.12481895303124353,1.7574579687789083
illumination,0.6,classical,clips/0601/1495058671580580478/20.jpg,0.14374317115495855,0.2513556798066927,1.8261249642819166
illumination,0.6,classical,clips/0601/1495058677578062974/20.jpg,0.15169514148424987,0.26342933302427995,1.8269580323249102
illumination,0.6,classical,clips/0601/1495058683578929172/20.jpg,0.11728776336558919,0.20995085995085996,1.934208907186985
illumination,0.6,classical,clips/0601/1495058689572753425/20.jpg,0.1334488305902735,0.23547393934100488,1.673417049460113
illumination,0.6,classical,clips/0601/1495058695570408263/20.jpg,0.08168285121320044,0.15102920624393018,1.4423750108107924
illumination,0.6,classical,clips/0601/1495058701567358056/20.jpg,0.15523678522303005,0.26875318931791126,1.705167000181973
illumination,0.6,classical,clips/0601/1495058707565707879/20.jpg,0.18117905716330912,0.3067766162370409,1.8089170334860682
illumination,0.6,classical,clips/0601/1495058715562283498/20.jpg,0.059775438218584234,0.11280774409918949,1.799624995328486
illumination,0.6,classical,clips/0601/1495058721558633337/20.jpg,0.15885352558466678,0.2741563486283078,1.958250068128109
illumination,0.6,classical,clips/0601/1495058727556647955/20.jpg,0.1688506287460336,0.2889173767689717,1.9677920499816537
illumination,0.6,classical,clips/0601/1495058733553446687/20.jpg,0.1581970066132962,0.27317806160781366,1.9583329558372498
illumination,0.6,classical,clips/0601/1495058739553286402/20.jpg,0.10509668178562903,0.19020359669492898,1.895250054076314
illumination,0.6,classical,clips/0601/1495058745548122682/20.jpg,0.11113929669911532,0.2000456594943211,1.7744170036166906
illumination,0.6,classical,clips/0601/1495058751545486604/20.jpg,0.1277661565562039,0.22658271098745547,1.6487919492647052
illumination,0.6,classical,clips/0601/1495058757543228003/20.jpg,0.15387936850627446,0.2667165610309423,1.979874912649393
illumination,0.6,classical,clips/0601/1495058763540182973/20.jpg,0.16428623478831159,0.2822093569081521,1.6371249221265316
illumination,0.6,classical,clips/0601/1495058769540492239/20.jpg,0.08901148535294877,0.16347207821063547,1.8409580225124955
illumination,0.6,classical,clips/0601/1495058775535017414/20.jpg,0.05833570817896837,0.11024046099577241,1.8209590343758464
illumination,0.6,classical,clips/0601/1495058781534953658/20.jpg,0.19935715925614142,0.3324400204185809,1.9600829109549522
illumination,0.6,classical,clips/0601/1495058787529671793/20.jpg,0.2611760397912789,0.41417856278732157,1.6018330352380872
illumination,0.6,classical,clips/0601/1495058793526969174/20.jpg,0.1108844016041652,0.19963265564633606,1.6120410291478038
illumination,0.6,classical,clips/0601/1495058799525818237/20.jpg,0.049983922255171676,0.09520892881448209,1.8148749368265271
illumination,0.6,classical,clips/0601/1495058805523198969/20.jpg,0.31869938751181814,0.483354114713217,1.1327500687912107
illumination,0.6,classical,clips/0601/1495058811520330339/20.jpg,0.14321081698724053,0.25054139596868236,1.5751660102978349
illumination,0.6,classical,clips/0601/1495058817516570927/20.jpg,0.03368142373878512,0.0651678998292544,1.4975840458646417
illumination,0.6,classical,clips/0601/1495058823515900521/20.jpg,0.06367968779316296,0.11973470683694348,1.4622079906985164
illumination,0.6,classical,clips/0601/1495058829511203058/20.jpg,0.36630853436042976,0.5362017804154303,1.6261250711977482
illumination,0.6,classical,clips/0601/1495058835510553015/20.jpg,0.31184737379288685,0.4754324016996828,1.8096660496667027
illumination,0.6,classical,clips/0601/1495058841505989452/20.jpg,0.19513761200128418,0.32655254096559133,1.5751250321045518
illumination,0.6,classical,clips/0601/1495058847507116852/20.jpg,0.0,nan,1.4098749961704016
illumination,0.6,classical,clips/0601/1495058853500724642/20.jpg,0.36506971619619316,0.5348733648761481,1.534916926175356
illumination,0.6,classical,clips/0601/1495058859498417310/20.jpg,0.17043967807160132,0.2912404308651176,1.6892499988898635
illumination,0.6,classical,clips/0601/1495058865495399571/20.jpg,0.17839810124340216,0.30278070043589356,1.551375025883317
illumination,0.6,classical,clips/0601/1495058871492888869/20.jpg,0.26218664261284624,0.41544829229074237,1.6421250766143203
illumination,0.6,classical,clips/0601/1495058877492091924/20.jpg,0.1266644287792324,0.22484854503922935,1.62808399181813
illumination,0.6,classical,clips/0601/1495058883487530264/20.jpg,0.16529048024586218,0.28368974611547143,1.457915990613401
illumination,0.6,classical,clips/0601/1495058889484921618/20.jpg,0.25886763093680376,0.4112706126920808,1.6943749506026506
illumination,0.6,classical,clips/0601/1495058895482305544/20.jpg,0.3451995685005394,0.5132317562149158,1.7509580357000232
illumination,0.6,classical,clips/0601/1495058901481630657/20.jpg,0.204373240961247,0.3393852238001078,1.7955410294234753
illumination,0.6,classical,clips/0601/1495058907477059235/20.jpg,0.13082304526748972,0.2313766876523891,1.8237079493701458
illumination,0.6,classical,clips/0601/1495058913475711516/20.jpg,0.132288019485462,0.23366496369991935,1.7348749097436666
illumination,0.6,classical,clips/0601/1495058919475143504/20.jpg,0.21140706638898024,0.3490272960337807,1.624832977540791
illumination,0.6,classical,clips/0601/1495058925469436408/20.jpg,0.18878101402373246,0.3176043557168784,1.730124931782484
illumination,0.6,classical,clips/0601/1495058931466470327/20.jpg,0.13150745282326162,0.23244646333549643,1.748833921737969
illumination,0.6,classical,clips/0601/1495058937463794073/20.jpg,0.18968827132279,0.3188873520823728,1.8762920517474413
illumination,0.6,classical,clips/0601/1495058943463632446/20.jpg,0.13863590366322606,0.24351226448631355,1.663625007495284
illumination,0.6,classical,clips/0601/1495058949458758174/20.jpg,0.14332498555191678,0.2507160909856782,1.3137919595465064
illumination,0.6,classical,clips/0601/1495485009641442407/20.jpg,0.0868030904155356,0.15974023478778795,1.6402499750256538
illumination,0.6,classical,clips/0601/1495485015638767825/20.jpg,0.017561157101664962,0.034516170313899704,1.3081670040264726
illumination,0.6,classical,clips/0601/1495485021636199888/20.jpg,0.07166996373227827,0.133753797638734,1.7257500439882278
illumination,0.6,classical,clips/0601/1495485027633718711/20.jpg,0.15144892342561114,0.2630579964850615,1.4051670441403985
illumination,0.6,classical,clips/0601/1495485033630861236/20.jpg,0.11668991166899116,0.208992506244796,1.8505420302972198
illumination,0.6,classical,clips/0601/1495485039628271607/20.jpg,0.1473323666183309,0.25682595715935586,1.8045000033453107
illumination,0.6,classical,clips/0601/1495485045626852826/20.jpg,0.07163296632492562,0.13368936674388585,2.1389169851318
illumination,0.6,classical,clips/0601/1495485051623004273/20.jpg,0.06012947044465669,0.11343797549451429,1.4895000495016575
illumination,0.6,classical,clips/0601/1495485057620656604/20.jpg,0.13235498540421392,0.23376942232822417,1.9116249168291688
illumination,0.6,classical,clips/0601/1495485063617750112/20.jpg,0.07455879436843149,0.13877099095774129,1.6723750159144402
illumination,0.6,classical,clips/0601/1495485069617812641/20.jpg,0.11696389634832105,0.20943182985718692,1.755459001287818
illumination,0.6,classical,clips/0601/1495485075612519689/20.jpg,0.073732208867344,0.13733817102333637,1.7632090020924807
illumination,0.6,classical,clips/0601/1495485081611855219/20.jpg,0.09773263408262337,0.17806272866124392,1.799000077880919
illumination,0.6,classical,clips/0601/1495485087607351973/20.jpg,0.0373270686504829,0.07196779063915451,1.579917035996914
illumination,0.6,classical,clips/0601/1495485093604646206/20.jpg,0.061674439045828554,0.1161833360163742,1.792791998013854
illumination,0.6,classical,clips/0601/1495485099601922885/20.jpg,0.0,nan,1.6284160083159804
illumination,0.6,classical,clips/0601/1495485105599385453/20.jpg,0.013529274550968043,0.02669735327963176,1.7440830124542117
illumination,0.6,classical,clips/0601/1495485111599411627/20.jpg,0.0002825999192571659,0.0005650401582112444,1.7544999718666077
illumination,0.6,classical,clips/0601/1495485117594185994/20.jpg,0.10027061672126478,0.18226537216828476,1.2929580407217145
illumination,0.6,classical,clips/0601/1495485123591495860/20.jpg,0.09803872517136139,0.1785706149044267,1.732582924887538
illumination,0.6,classical,clips/0601/1495485129589080069/20.jpg,0.006532350689127105,0.012979912040889099,1.6151249874383211
illumination,0.6,classical,clips/0601/1495485135586245515/20.jpg,0.09068280929528665,0.16628630894783927,1.7976659582927823
illumination,0.6,classical,clips/0601/1495485141585513338/20.jpg,0.015559017285711605,0.030641286268711883,1.954167033545673
illumination,0.6,classical,clips/0601/1495485147581014946/20.jpg,0.15833206777601805,0.2733794085145437,1.7526659648865461
illumination,0.6,classical,clips/0601/1495485153579251831/20.jpg,0.05817498020585907,0.10995342224882619,1.8092499813064933
illumination,0.6,classical,clips/0601/1495485159575742672/20.jpg,0.11328040772321867,0.2035074127548685,1.5651669818907976
illumination,0.6,classical,clips/0601/1495485165575366989/20.jpg,0.12852382607273544,0.22777334975726393,1.7147909384220839
illumination,0.6,classical,clips/0601/1495485171570457961/20.jpg,0.05459911460895229,0.10354477611940299,1.716375001706183
illumination,0.6,classical,clips/0601/1495485177570314287/20.jpg,0.12952746957581768,0.22934806468134922,1.4634999679401517
illumination,0.6,classical,clips/0601/1495485183565129358/20.jpg,0.1186949640871647,0.21220255368543242,1.3969170395284891
illumination,0.6,classical,clips/0601/1495485189564879401/20.jpg,0.13568819525153578,0.23895325463250613,1.5623338986188173
illumination,0.6,classical,clips/0601/1495485195559966192/20.jpg,0.024757056918093476,0.04831790471889817,1.9102500518783927
illumination,0.6,classical,clips/0601/1495485201558641598/20.jpg,0.14336415218030155,0.2507760137606516,1.875333022326231
illumination,0.6,classical,clips/0601/1495485207554693841/20.jpg,0.05322908857234658,0.10107789302420175,1.7294170102104545
illumination,0.6,classical,clips/0601/1495485213552150385/20.jpg,0.05322898310355551,0.10107770286895329,1.7236660933122039
illumination,0.6,classical,clips/0601/1495485219551850010/20.jpg,0.07268097652498269,0.135512753774076,1.8752500182017684
illumination,0.6,classical,clips/0601/1495485225546895923/20.jpg,0.05547481116046754,0.10511820949942785,1.4194579562172294
illumination,0.6,classical,clips/0601/1495485231544226883/20.jpg,0.07967123500106615,0.1475842504982315,2.303791930899024
illumination,0.6,classical,clips/0601/1495485237541517645/20.jpg,0.14925200849570597,0.2597376509109901,1.5252080047503114
illumination,0.6,classical,clips/0601/1495485243539258908/20.jpg,0.04591886134779241,0.08780578120299012,1.967624993994832
illumination,0.6,classical,clips/0601/1495485249536332511/20.jpg,0.05518338636744264,0.10459487342274422,2.0672500832006335
illumination,0.6,classical,clips/0601/1495485255533685610/20.jpg,0.08603813559322034,0.15844404127894499,2.1292089950293303
illumination,0.6,classical,clips/0601/1495485261533592244/20.jpg,0.08036863220043902,0.1487800178662136,1.923499978147447
illumination,0.6,classical,clips/0601/1495485267528430709/20.jpg,0.08363430084144842,0.15435890277099185,1.950541976839304
illumination,0.6,classical,clips/0601/1495485273526142378/20.jpg,0.03377835988001183,0.06534932668533013,1.6424169298261404
illumination,0.6,classical,clips/0601/1495485279523114914/20.jpg,0.14332028529574217,0.25070889957781095,1.9145840778946877
illumination,0.6,classical,clips/0601/1495485285520576618/20.jpg,0.04097368095885333,0.07872183842556323,2.121457946486771
illumination,0.6,classical,clips/0601/1495492512658106755/20.jpg,0.0,nan,1.3731659855693579
illumination,0.6,classical,clips/0601/1495492518657921956/20.jpg,0.16906757133091976,0.28923490049158673,1.933958032168448
illumination,0.6,classical,clips/0601/1495492524654518667/20.jpg,0.10109102905483422,0.18361974875339737,1.7142090946435928
illumination,0.6,classical,clips/0601/1495492530652417826/20.jpg,0.09695821129807232,0.17677649029736145,1.5114579582586884
illumination,0.6,classical,clips/0601/1495492536647945627/20.jpg,0.07860323601120313,0.1457500467027835,1.6767909983173013
illumination,0.6,classical,clips/0601/1495492542645333836/20.jpg,0.07328194130489384,0.1365567396313364,1.860499964095652
illumination,0.6,classical,clips/0601/1495492548642776463/20.jpg,0.02091545987458894,0.04097393113658644,1.8134580459445715
illumination,0.6,classical,clips/0601/1495492554641955081/20.jpg,0.06641288685291524,0.12455379651104163,1.8061669543385506
illumination,0.6,twinlite,clips/0601/1494453497604532231/20.jpg,0.528695652173913,0.6916951080773607,28.996374923735857
illumination,0.6,twinlite,clips/0601/1494453503601902751/20.jpg,0.45589452355811766,0.6262741100831112,9.662917000241578
illumination,0.6,twinlite,clips/0601/1494453509599288720/20.jpg,0.22255153963174737,0.3640771491707966,9.383124997839332
illumination,0.6,twinlite,clips/0601/1494453515596795530/20.jpg,0.2924805792292028,0.4525879675555815,9.328542044386268
illumination,0.6,twinlite,clips/0601/1494453521596643824/20.jpg,0.33879747996819376,0.5061220760233918,7.905291975475848
illumination,0.6,twinlite,clips/0601/1494453527591367337/20.jpg,0.3765987393672358,0.5471438097354968,9.305165964178741
illumination,0.6,twinlite,clips/0601/1494453533590270210/20.jpg,0.5147580740565479,0.6796571450885447,9.642415912821889
illumination,0.6,twinlite,clips/0601/1494453539586188022/20.jpg,0.3559978175582634,0.5250713724588532,9.25945898052305
illumination,0.6,twinlite,clips/0601/1494453545585907063/20.jpg,0.24508491482268946,0.39368385546232665,8.054957957938313
illumination,0.6,twinlite,clips/0601/1494453551580996478/20.jpg,0.24056029232643117,0.38782523318605794,9.525417000986636
illumination,0.6,twinlite,clips/0601/1494453557578299956/20.jpg,0.3235914357307664,0.4889597000937207,8.913291967473924
illumination,0.6,twinlite,clips/0601/1494453563575744757/20.jpg,0.4602498660424716,0.6303713860831611,7.991458056494594
illumination,0.6,twinlite,clips/0601/1494453569573067938/20.jpg,0.4579140793308833,0.6281770453044053,9.399166912771761
illumination,0.6,twinlite,clips/0601/1494453575572346547/20.jpg,0.3688691467703128,0.538939967550027,8.936166996136308
illumination,0.6,twinlite,clips/0601/1494453581567767982/20.jpg,0.34104275949769514,0.508623244236354,8.525791927240789
illumination,0.6,twinlite,clips/0601/1494453587565069969/20.jpg,0.33428614412516927,0.5010711466907205,8.497082977555692
illumination,0.6,twinlite,clips/0601/1494453593562528307/20.jpg,0.2788189573895647,0.43605696612241956,8.983208914287388
illumination,0.6,twinlite,clips/0601/1494453599561987554/20.jpg,0.3371209528372921,0.5042490017405549,7.868082961067557
illumination,0.6,twinlite,clips/0601/1494453605557268031/20.jpg,0.42917628945342573,0.6005925127928898,9.50283301062882
illumination,0.6,twinlite,clips/0601/1494453611554664747/20.jpg,0.40647337752718865,0.5780036565524412,7.9870420740917325
illumination,0.6,twinlite,clips/0601/1494453617553424930/20.jpg,0.3340041670612747,0.5007543084322809,8.640000014565885
illumination,0.6,twinlite,clips/0601/1494453623549421445/20.jpg,0.4117781375845892,0.5833468115451912,10.06116601638496
illumination,0.6,twinlite,clips/0601/1494453629547675743/20.jpg,0.31959347671945165,0.4843817165783063,39.76058296393603
illumination,0.6,twinlite,clips/0601/1494453635544157546/20.jpg,0.23752584734334262,0.38387213948419907,10.650624986737967
illumination,0.6,twinlite,clips/0601/1494453641541664519/20.jpg,0.24495733126454616,0.39351923975697145,8.90000001527369
illumination,0.6,twinlite,clips/0601/1494453647538775071/20.jpg,0.42396914217417286,0.5954751821754225,10.696916957385838
illumination,0.6,twinlite,clips/0601/1494453653536229036/20.jpg,0.27904478598578747,0.43633309645325924,8.513999986462295
illumination,0.6,twinlite,clips/0601/1494453661532670510/20.jpg,0.4742995808515332,0.6434236121502319,8.251374936662614
illumination,0.6,twinlite,clips/0601/1494453667532618102/20.jpg,0.5259086574123132,0.6893055555555556,9.279833058826625
illumination,0.6,twinlite,clips/0601/1494453673527450206/20.jpg,0.41752090403386627,0.5890860626403732,8.821791037917137
illumination,0.6,twinlite,clips/0601/1494453679527133712/20.jpg,0.3867552855553216,0.5577844765891001,8.169583044946194
illumination,0.6,twinlite,clips/0601/1494453685522315222/20.jpg,0.22542519458057078,0.36791343213361566,9.35816706623882
illumination,0.6,twinlite,clips/0601/1494453691519533853/20.jpg,0.24299287410926365,0.3909803172176572,9.758500033058226
illumination,0.6,twinlite,clips/0601/1494453697518974585/20.jpg,0.21290065961748816,0.3510603410581548,7.628416991792619
illumination,0.6,twinlite,clips/0601/1494453703514316264/20.jpg,0.2851895195370912,0.4438092829138738,9.24020807724446
illumination,0.6,twinlite,clips/0601/1494453709513778562/20.jpg,0.20152235965746906,0.3354450427621159,8.746791980229318
illumination,0.6,twinlite,clips/0601/1494453715509045873/20.jpg,0.47797825843326236,0.6468001213224143,8.198250085115433
illumination,0.6,twinlite,clips/0601/1494453721506443914/20.jpg,0.5243729689192568,0.6879851317371817,8.405167027376592
illumination,0.6,twinlite,clips/0601/1494453727503739315/20.jpg,0.29948082022933553,0.4609238021327354,8.227666956372559
illumination,0.6,twinlite,clips/0601/1494453733501172122/20.jpg,0.2514523113755589,0.4018568012378675,8.402167004533112
illumination,0.6,twinlite,clips/0601/1494453739498514009/20.jpg,0.5341844828888721,0.6963758124876896,8.304749964736402
illumination,0.6,twinlite,clips/0601/1494453745495966700/20.jpg,0.28817231310245217,0.4474126794549931,7.582959020510316
illumination,0.6,twinlite,clips/0601/1494453751493293308/20.jpg,0.25994164235097955,0.41262489247667566,9.151707985438406
illumination,0.6,twinlite,clips/0601/1494453757490822445/20.jpg,0.25406349206349205,0.40518441637344,7.614374975673854
illumination,0.6,twinlite,clips/0601/1494453763488013443/20.jpg,0.35403833579958016,0.5229369456375327,8.544374955818057
illumination,0.6,twinlite,clips/0601/1494453769487225684/20.jpg,0.42742504736783443,0.5988756441621987,9.211417054757476
illumination,0.6,twinlite,clips/0601/1494453775482792464/20.jpg,0.49428286146809675,0.6615653223546655,8.00179096404463
illumination,0.6,twinlite,clips/0601/1494453781480173619/20.jpg,0.42378642186909915,0.5952949337903736,7.632584078237414
illumination,0.6,twinlite,clips/0601/1494453787480034236/20.jpg,0.41745851652247906,0.5890239631797488,8.555874926969409
illumination,0.6,twinlite,clips/0601/1494453793475579483/20.jpg,0.4985931136616068,0.6654149269955778,7.610375061631203
illumination,0.6,twinlite,clips/0601/1494453799472239703/20.jpg,0.39630450849963045,0.5676476815583317,8.785124984569848
illumination,0.6,twinlite,clips/0601/1494453805469700214/20.jpg,0.37142054148580705,0.5416581278320468,8.994333911687136
illumination,0.6,twinlite,clips/0601/1494453811467016035/20.jpg,0.27373002425329745,0.42980854504669,7.880458026193082
illumination,0.6,twinlite,clips/0601/1494453817464323387/20.jpg,0.49508521095295843,0.6622836040728328,9.290165966376662
illumination,0.6,twinlite,clips/0601/1494453823461695785/20.jpg,0.5313622443192559,0.6939732859294373,8.239125018008053
illumination,0.6,twinlite,clips/0601/1494453829459036893/20.jpg,0.5208821233411397,0.6849736943410754,9.049333049915731
illumination,0.6,twinlite,clips/0601/1494453835456441057/20.jpg,0.45066446130154564,0.621321433486013,7.653916021808982
illumination,0.6,twinlite,clips/0601/1494453841456411836/20.jpg,0.5411677177070786,0.7022827061446864,8.492875029332936
illumination,0.6,twinlite,clips/0601/1494453847451852161/20.jpg,0.4779395508953668,0.6467646807419438,8.789333049207926
illumination,0.6,twinlite,clips/0601/1494453853451104735/20.jpg,0.5358181337562781,0.69776247848537,8.202374912798405
illumination,0.6,twinlite,clips/0601/1494453859446867209/20.jpg,0.512324558340898,0.6775325514821313,8.06595804169774
illumination,0.6,twinlite,clips/0601/1494453865443302705/20.jpg,0.49745135245749156,0.664397346386066,8.255250053480268
illumination,0.6,twinlite,clips/0601/1494453871443269121/20.jpg,0.5971532255223198,0.7477719932939204,10.23200002964586
illumination,0.6,twinlite,clips/0601/1494453877438073356/20.jpg,0.4145543503890592,0.5861271435417665,8.618791005574167
illumination,0.6,twinlite,clips/0601/1494453883436198482/20.jpg,0.49972115605419415,0.6664187592965264,8.499208022840321
illumination,0.6,twinlite,clips/0601/1494453889432873365/20.jpg,0.42829413750421963,0.5997282019971245,9.086041944101453
illumination,0.6,twinlite,clips/0601/1494453895431227611/20.jpg,0.46527278331449706,0.6350664376117519,8.870749967172742
illumination,0.6,twinlite,clips/0601/1494453901427565927/20.jpg,0.5165267033467091,0.6811969775498513,8.115083095617592
illumination,0.6,twinlite,clips/0601/1494453907426815473/20.jpg,0.45036543938510104,0.6210371912557964,9.04358399566263
illumination,0.6,twinlite,clips/0601/1494453913422263611/20.jpg,0.63423172348163,0.7761833458114965,8.51966708432883
illumination,0.6,twinlite,clips/0601/1494453919420314205/20.jpg,0.7507103549976621,0.8576065742167437,9.465000010095537
illumination,0.6,twinlite,clips/0601/1495058507652622962/20.jpg,0.2823260134014463,0.4403342214864061,9.04879195149988
illumination,0.6,twinlite,clips/0601/1495058515650447849/20.jpg,0.4036619934114763,0.5751555507040716,8.526917081326246
illumination,0.6,twinlite,clips/0601/1495058521646381547/20.jpg,0.2680384385688691,0.4227607467032027,8.750541950576007
illumination,0.6,twinlite,clips/0601/1495058527645454477/20.jpg,0.31800565622708704,0.48255582929349117,8.993832976557314
illumination,0.6,twinlite,clips/0601/1495058533641199011/20.jpg,0.34670545603021485,0.5148942621086939,8.620708016678691
illumination,0.6,twinlite,clips/0601/1495058539638866627/20.jpg,0.36115096445082095,0.5306552673186156,9.216208010911942
illumination,0.6,twinlite,clips/0601/1495058545635832279/20.jpg,0.41147512666973746,0.5830426890207836,8.66370799485594
illumination,0.6,twinlite,clips/0601/1495058551633359536/20.jpg,0.5247102624151805,0.6882753731637195,8.052666089497507
illumination,0.6,twinlite,clips/0601/1495058557632067443/20.jpg,0.5367468210228148,0.698549447026767,8.329459000378847
illumination,0.6,twinlite,clips/0601/1495058563627986766/20.jpg,0.4848227015591225,0.6530378354938129,9.173667058348656
illumination,0.6,twinlite,clips/0601/1495058569626907953/20.jpg,0.36357460151554744,0.5332669017323317,8.05716693866998
illumination,0.6,twinlite,clips/0601/1495058575622734256/20.jpg,0.36748752870377704,0.537463810075275,9.240416926331818
illumination,0.6,twinlite,clips/0601/1495058581620129503/20.jpg,0.3722074239560062,0.5424944034815824,9.266708046197891
illumination,0.6,twinlite,clips/0601/1495058587617442669/20.jpg,0.405487702860967,0.5770064043044545,8.705915999598801
illumination,0.6,twinlite,clips/0601/1495058593615616960/20.jpg,0.3014164569937564,0.4632129175468118,7.952374988235533
illumination,0.6,twinlite,clips/0601/1495058599612448574/20.jpg,0.34130506633929836,0.5089148992343572,9.728208999149501
illumination,0.6,twinlite,clips/0601/1495058605609578659/20.jpg,0.2928991950018022,0.45308898966619576,9.098000009544194
illumination,0.6,twinlite,clips/0601/1495058611609939176/20.jpg,0.45235571572420374,0.6229268915689029,8.93024995457381
illumination,0.6,twinlite,clips/0601/1495058617604256196/20.jpg,0.4630810762704322,0.6330217563210934,9.909207932651043
illumination,0.6,twinlite,clips/0601/1495058623602404204/20.jpg,0.46720575022461813,0.63686466625842,9.095082990825176
illumination,0.6,twinlite,clips/0601/1495058629599018470/20.jpg,0.3854612632690165,0.5564374457637522,8.448499953374267
illumination,0.6,twinlite,clips/0601/1495058635596342127/20.jpg,0.5169086402266289,0.6815290341406478,7.93479208368808
illumination,0.6,twinlite,clips/0601/1495058641593823148/20.jpg,0.3549769600103116,0.5239601417393994,9.125499986112118
illumination,0.6,twinlite,clips/0601/1495058647591446332/20.jpg,0.3186031962691236,0.4832434763855941,8.709083078429103
illumination,0.6,twinlite,clips/0601/1495058653588446886/20.jpg,0.36396444309375475,0.5336861161398134,7.906166021712124
illumination,0.6,twinlite,clips/0601/1495058659585835658/20.jpg,0.25418872129581727,0.4053436567874595,9.206000017002225
illumination,0.6,twinlite,clips/0601/1495058665583165347/20.jpg,0.27248071571977034,0.42826694715863484,8.86395899578929
illumination,0.6,twinlite,clips/0601/1495058671580580478/20.jpg,0.3994675225208797,0.570885020327322,7.612042012624443
illumination,0.6,twinlite,clips/0601/1495058677578062974/20.jpg,0.3654291575673351,0.5352590510347502,9.187916060909629
illumination,0.6,twinlite,clips/0601/1495058683578929172/20.jpg,0.30073319630640855,0.4624056603773585,8.2019999390468
illumination,0.6,twinlite,clips/0601/1495058689572753425/20.jpg,0.18568643193026724,0.3132133875024183,7.572041940875351
illumination,0.6,twinlite,clips/0601/1495058695570408263/20.jpg,0.17687156758839964,0.30057921774903296,9.255249984562397
illumination,0.6,twinlite,clips/0601/1495058701567358056/20.jpg,0.37435797412391913,0.5447750603150575,9.187708026729524
illumination,0.6,twinlite,clips/0601/1495058707565707879/20.jpg,0.2880582569018758,0.44727519948473893,8.143334067426622
illumination,0.6,twinlite,clips/0601/1495058715562283498/20.jpg,0.2947759792691629,0.45533124492400506,8.538834052160382
illumination,0.6,twinlite,clips/0601/1495058721558633337/20.jpg,0.34520148891406377,0.5132338787295477,9.37441608402878
illumination,0.6,twinlite,clips/0601/1495058727556647955/20.jpg,0.2958477508650519,0.4566088117489987,7.656708010472357
illumination,0.6,twinlite,clips/0601/1495058733553446687/20.jpg,0.4055366142899496,0.5770559232209244,9.331999928690493
illumination,0.6,twinlite,clips/0601/1495058739553286402/20.jpg,0.41886568051735673,0.5904233025984912,9.044707985594869
illumination,0.6,twinlite,clips/0601/1495058745548122682/20.jpg,0.31541910777992344,0.479572032843991,8.131208014674485
illumination,0.6,twinlite,clips/0601/1495058751545486604/20.jpg,0.341401044480461,0.5090215873697778,8.790875086560845
illumination,0.6,twinlite,clips/0601/1495058757543228003/20.jpg,0.3264083520179372,0.4921687224320542,8.807042031548917
illumination,0.6,twinlite,clips/0601/1495058763540182973/20.jpg,0.4045715713215089,0.5760782570031124,7.9656250309199095
illumination,0.6,twinlite,clips/0601/1495058769540492239/20.jpg,0.19954197959114942,0.3326969509798417,8.199875010177493
illumination,0.6,twinlite,clips/0601/1495058775535017414/20.jpg,0.25233800379405597,0.40298705785431443,8.131416980177164
illumination,0.6,twinlite,clips/0601/1495058781534953658/20.jpg,0.1917627765680028,0.32181367020076695,8.229125058278441
illumination,0.6,twinlite,clips/0601/1495058787529671793/20.jpg,0.5066278139641184,0.672532140012894,8.768375031650066
illumination,0.6,twinlite,clips/0601/1495058793526969174/20.jpg,0.4891509920566693,0.6569528471805292,9.135583066381514
illumination,0.6,twinlite,clips/0601/1495058799525818237/20.jpg,0.3074503910272467,0.4703052492656136,8.361666928976774
illumination,0.6,twinlite,clips/0601/1495058805523198969/20.jpg,0.4435249384925073,0.6145026340254106,9.320834069512784
illumination,0.6,twinlite,clips/0601/1495058811520330339/20.jpg,0.3907441794029424,0.5619209991167348,9.177249972708523
illumination,0.6,twinlite,clips/0601/1495058817516570927/20.jpg,0.4415904424117976,0.6126434102504338,8.315916988067329
illumination,0.6,twinlite,clips/0601/1495058823515900521/20.jpg,0.48878657877297615,0.6566241068290969,8.894750033505261
illumination,0.6,twinlite,clips/0601/1495058829511203058/20.jpg,0.5889275207274672,0.7412893452280761,9.004666935652494
illumination,0.6,twinlite,clips/0601/1495058835510553015/20.jpg,0.5740478620099411,0.7293906060479318,7.845040992833674
illumination,0.6,twinlite,clips/0601/1495058841505989452/20.jpg,0.5029755674511798,0.669306379083927,8.992208051495254
illumination,0.6,twinlite,clips/0601/1495058847507116852/20.jpg,0.5441783370543265,0.7048128107954174,10.12408290989697
illumination,0.6,twinlite,clips/0601/1495058853500724642/20.jpg,0.665881884802865,0.7994346908714519,8.205750025808811
illumination,0.6,twinlite,clips/0601/1495058859498417310/20.jpg,0.6599021750442293,0.7951097178683385,9.900584002025425
illumination,0.6,twinlite,clips/0601/1495058865495399571/20.jpg,0.5998674838495942,0.7498964631823076,8.777499897405505
illumination,0.6,twinlite,clips/0601/1495058871492888869/20.jpg,0.6041399396692209,0.7532259807629957,7.978291949257255
illumination,0.6,twinlite,clips/0601/1495058877492091924/20.jpg,0.541494518364293,0.7025578254263043,9.638041956350207
illumination,0.6,twinlite,clips/0601/1495058883487530264/20.jpg,0.5266781411359724,0.6899661781285231,9.103999938815832
illumination,0.6,twinlite,clips/0601/1495058889484921618/20.jpg,0.5764249097582431,0.7313065229940351,8.233875036239624
illumination,0.6,twinlite,clips/0601/1495058895482305544/20.jpg,0.5811650689982092,0.735109926715523,8.645666996017098
illumination,0.6,twinlite,clips/0601/1495058901481630657/20.jpg,0.6073122882111646,0.7556867357581946,8.704832987859845
illumination,0.6,twinlite,clips/0601/1495058907477059235/20.jpg,0.5373243026727842,0.6990383248851201,7.8986670123413205
illumination,0.6,twinlite,clips/0601/1495058913475711516/20.jpg,0.5169439935064936,0.6815597618888368,9.23216703813523
illumination,0.6,twinlite,clips/0601/1495058919475143504/20.jpg,0.6337159791531832,0.7757970017305728,8.746500010602176
illumination,0.6,twinlite,clips/0601/1495058925469436408/20.jpg,0.48820350599710033,0.6560977769905234,9.043042082339525
illumination,0.6,twinlite,clips/0601/1495058931466470327/20.jpg,0.5626710135646504,0.7201400789807019,8.85924999602139
illumination,0.6,twinlite,clips/0601/1495058937463794073/20.jpg,0.6408832106651854,0.781144211238998,9.087209007702768
illumination,0.6,twinlite,clips/0601/1495058943463632446/20.jpg,0.5325827951790586,0.6950134072421641,8.819625014439225
illumination,0.6,twinlite,clips/0601/1495058949458758174/20.jpg,0.4869661508993505,0.6549794702519925,9.263708954676986
illumination,0.6,twinlite,clips/0601/1495485009641442407/20.jpg,0.30517894736842105,0.46764307374669334,8.145458996295929
illumination,0.6,twinlite,clips/0601/1495485015638767825/20.jpg,0.28859748890524295,0.4479249593298951,16.453083022497594
illumination,0.6,twinlite,clips/0601/1495485021636199888/20.jpg,0.3127945229839068,0.4765323399932272,8.802250027656555
illumination,0.6,twinlite,clips/0601/1495485027633718711/20.jpg,0.4800422634421226,0.6486872372491473,8.281624992378056
illumination,0.6,twinlite,clips/0601/1495485033630861236/20.jpg,0.3920265780730897,0.5632458233890214,9.551499970257282
illumination,0.6,twinlite,clips/0601/1495485039628271607/20.jpg,0.364534567229178,0.5342987652843436,7.940958021208644
illumination,0.6,twinlite,clips/0601/1495485045626852826/20.jpg,0.4495679258097,0.6202785227309444,9.081583935767412
illumination,0.6,twinlite,clips/0601/1495485051623004273/20.jpg,0.417884019477645,0.5894473930689978,8.686417015269399
illumination,0.6,twinlite,clips/0601/1495485057620656604/20.jpg,0.29598839351510686,0.45677630293014904,7.968166028149426
illumination,0.6,twinlite,clips/0601/1495485063617750112/20.jpg,0.21990232537300058,0.3605244793770889,8.65233305376023
illumination,0.6,twinlite,clips/0601/1495485069617812641/20.jpg,0.27679689296573573,0.43358014808885337,9.376375004649162
illumination,0.6,twinlite,clips/0601/1495485075612519689/20.jpg,0.37396670159506346,0.5443606474027625,7.818083046004176
illumination,0.6,twinlite,clips/0601/1495485081611855219/20.jpg,0.37738356255398314,0.547971636679369,9.570583002641797
illumination,0.6,twinlite,clips/0601/1495485087607351973/20.jpg,0.37721625709822204,0.5477952429824087,10.218749986961484
illumination,0.6,twinlite,clips/0601/1495485093604646206/20.jpg,0.3643744497701262,0.5341267565242329,7.977625005878508
illumination,0.6,twinlite,clips/0601/1495485099601922885/20.jpg,0.0,nan,9.997042012400925
illumination,0.6,twinlite,clips/0601/1495485105599385453/20.jpg,0.39467550878204666,0.5659746748212593,9.465959039516747
illumination,0.6,twinlite,clips/0601/1495485111599411627/20.jpg,0.3105486881321151,0.47392163441822316,8.4539579693228
illumination,0.6,twinlite,clips/0601/1495485117594185994/20.jpg,0.22051160587399338,0.36134290704444016,9.113917010836303
illumination,0.6,twinlite,clips/0601/1495485123591495860/20.jpg,0.3662058687496788,0.5360917810795562,9.525042027235031
illumination,0.6,twinlite,clips/0601/1495485129589080069/20.jpg,0.25775349509882695,0.409863293726843,7.82220799010247
illumination,0.6,twinlite,clips/0601/1495485135586245515/20.jpg,0.36933947928274746,0.5394418036880168,8.301166933961213
illumination,0.6,twinlite,clips/0601/1495485141585513338/20.jpg,0.3260644820041834,0.4917777173420362,8.98483395576477
illumination,0.6,twinlite,clips/0601/1495485147581014946/20.jpg,0.33733951153586256,0.504493449308839,9.161332971416414
illumination,0.6,twinlite,clips/0601/1495485153579251831/20.jpg,0.03754415822180965,0.07237120063623033,8.017958025448024
illumination,0.6,twinlite,clips/0601/1495485159575742672/20.jpg,0.3289437991664817,0.49504546298014473,9.708791971206665
illumination,0.6,twinlite,clips/0601/1495485165575366989/20.jpg,0.27942293090356873,0.4367952522255193,7.973041967488825
illumination,0.6,twinlite,clips/0601/1495485171570457961/20.jpg,0.3016058530656132,0.4634365347317003,8.39433295186609
illumination,0.6,twinlite,clips/0601/1495485177570314287/20.jpg,0.31897384028320536,0.4836696991878421,9.747541043907404
illumination,0.6,twinlite,clips/0601/1495485183565129358/20.jpg,0.27007397143942613,0.42528856981981983,8.011208032257855
illumination,0.6,twinlite,clips/0601/1495485189564879401/20.jpg,0.3560732469088264,0.5251534129450554,8.55145906098187
illumination,0.6,twinlite,clips/0601/1495485195559966192/20.jpg,0.2836644591611479,0.4419604471195185,10.26004203595221
illumination,0.6,twinlite,clips/0601/1495485201558641598/20.jpg,0.3679945522642152,0.5380058738613173,8.698625024408102
illumination,0.6,twinlite,clips/0601/1495485207554693841/20.jpg,0.3034987290499907,0.4656678557273087,7.847500033676624
illumination,0.6,twinlite,clips/0601/1495485213552150385/20.jpg,0.4765058506321824,0.6454506772569322,9.286165935918689
illumination,0.6,twinlite,clips/0601/1495485219551850010/20.jpg,0.3632877909093115,0.5329583281414103,9.024708066135645
illumination,0.6,twinlite,clips/0601/1495485225546895923/20.jpg,0.4147709932624363,0.5863436488840953,7.861791993491352
illumination,0.6,twinlite,clips/0601/1495485231544226883/20.jpg,0.35457679624263017,0.5235240958300289,10.523749981075525
illumination,0.6,twinlite,clips/0601/1495485237541517645/20.jpg,0.2506513428620127,0.4008332846601639,10.674500023014843
illumination,0.6,twinlite,clips/0601/1495485243539258908/20.jpg,0.22835599505562423,0.3718075150441766,10.808291961438954
illumination,0.6,twinlite,clips/0601/1495485249536332511/20.jpg,0.18563367943730194,0.3131383371724108,10.715084034018219
illumination,0.6,twinlite,clips/0601/1495485255533685610/20.jpg,0.17664613927048792,0.30025363339909017,9.20633296482265
illumination,0.6,twinlite,clips/0601/1495485261533592244/20.jpg,0.25226427881949437,0.4028930363761603,7.95891706366092
illumination,0.6,twinlite,clips/0601/1495485267528430709/20.jpg,0.3068488101545762,0.46960108586437277,8.644165936857462
illumination,0.6,twinlite,clips/0601/1495485273526142378/20.jpg,0.19382194934765926,0.3247083025296519,8.840000024065375
illumination,0.6,twinlite,clips/0601/1495485279523114914/20.jpg,0.33672271216928573,0.5038033828614148,7.8925000270828605
illumination,0.6,twinlite,clips/0601/1495485285520576618/20.jpg,0.4248199915290131,0.5963139120095126,9.551625000312924
illumination,0.6,twinlite,clips/0601/1495492512658106755/20.jpg,0.37214839849450804,0.5424317062248096,8.787250029854476
illumination,0.6,twinlite,clips/0601/1495492518657921956/20.jpg,0.2701935413425054,0.4254368055704799,7.9717920161783695
illumination,0.6,twinlite,clips/0601/1495492524654518667/20.jpg,0.4021870156707422,0.5736567393306724,8.94379208330065
illumination,0.6,twinlite,clips/0601/1495492530652417826/20.jpg,0.1444950927950137,0.25250452134685336,9.522792068310082
illumination,0.6,twinlite,clips/0601/1495492536647945627/20.jpg,0.33521314980622746,0.5021118161618993,9.03495796956122
illumination,0.6,twinlite,clips/0601/1495492542645333836/20.jpg,0.15051709205766978,0.2616512055261585,9.307125001214445
illumination,0.6,twinlite,clips/0601/1495492548642776463/20.jpg,0.2404509955486846,0.38768318363487897,8.993208059109747
illumination,0.6,twinlite,clips/0601/1495492554641955081/20.jpg,0.3517820921472037,0.5204715969989282,8.752375026233494
illumination,0.5,classical,clips/0601/1494453497604532231/20.jpg,0.10861018706527843,0.19593936323603914,2.585583017207682
illumination,0.5,classical,clips/0601/1494453503601902751/20.jpg,0.03120626312106368,0.06052380447460503,1.2410000199452043
illumination,0.5,classical,clips/0601/1494453509599288720/20.jpg,0.03777008777852802,0.07279085844414625,1.3054159935563803
illumination,0.5,classical,clips/0601/1494453515596795530/20.jpg,0.15709510786994835,0.2715336134453782,1.7640829319134355
illumination,0.5,classical,clips/0601/1494453521596643824/20.jpg,0.10354884564482134,0.18766517867057542,1.9794170511886477
illumination,0.5,classical,clips/0601/1494453527591367337/20.jpg,0.0,nan,1.4846669510006905
illumination,0.5,classical,clips/0601/1494453533590270210/20.jpg,0.10196643943366544,0.18506269480596732,1.6214170027524233
illumination,0.5,classical,clips/0601/1494453539586188022/20.jpg,0.1140537597148656,0.20475449900022213,1.6315419925376773
illumination,0.5,classical,clips/0601/1494453545585907063/20.jpg,0.018405308386816057,0.03614535045181688,1.7107080202549696
illumination,0.5,classical,clips/0601/1494453551580996478/20.jpg,0.11483253588516747,0.2060085836909871,1.6225000144913793
illumination,0.5,classical,clips/0601/1494453557578299956/20.jpg,0.09669569366575212,0.17634006265227983,1.6723750159144402
illumination,0.5,classical,clips/0601/1494453563575744757/20.jpg,0.12420804479151319,0.22096985583224113,1.9196249777451158
illumination,0.5,classical,clips/0601/1494453569573067938/20.jpg,0.07059870589084262,0.13188640244450434,1.7840410582721233
illumination,0.5,classical,clips/0601/1494453575572346547/20.jpg,0.03312166055892802,0.06411957434133926,1.62191700655967
illumination,0.5,classical,clips/0601/1494453581567767982/20.jpg,0.0,nan,1.2712499592453241
illumination,0.5,classical,clips/0601/1494453587565069969/20.jpg,0.05304190449672839,0.10074034902168165,1.4810420107096434
illumination,0.5,classical,clips/0601/1494453593562528307/20.jpg,0.05395478887256528,0.1023853953551114,1.6112910816445947
illumination,0.5,classical,clips/0601/1494453599561987554/20.jpg,0.0,nan,1.2050420045852661
illumination,0.5,classical,clips/0601/1494453605557268031/20.jpg,0.004715796523146468,0.009387324334833084,1.5177499735727906
illumination,0.5,classical,clips/0601/1494453611554664747/20.jpg,0.004720891672807664,0.009397419147814527,1.3025830266997218
illumination,0.5,classical,clips/0601/1494453617553424930/20.jpg,0.08739480038446211,0.1607416190578851,1.651541911996901
illumination,0.5,classical,clips/0601/1494453623549421445/20.jpg,0.12186240381091976,0.21725017862610999,1.6130420845001936
illumination,0.5,classical,clips/0601/1494453629547675743/20.jpg,0.1983912747102931,0.3310959932652272,1.551666995510459
illumination,0.5,classical,clips/0601/1494453635544157546/20.jpg,0.09876346048549005,0.17977201470069143,1.5859169652685523
illumination,0.5,classical,clips/0601/1494453641541664519/20.jpg,0.11365731257681279,0.2041154155650075,1.561917015351355
illumination,0.5,classical,clips/0601/1494453647538775071/20.jpg,0.22013555492798645,0.36083786598773293,1.547332969494164
illumination,0.5,classical,clips/0601/1494453653536229036/20.jpg,0.0,nan,1.5345420688390732
illumination,0.5,classical,clips/0601/1494453661532670510/20.jpg,0.04314100520667304,0.08271365997758989,1.426083967089653
illumination,0.5,classical,clips/0601/1494453667532618102/20.jpg,0.1831931698270073,0.3096589373547376,1.581166055984795
illumination,0.5,classical,clips/0601/1494453673527450206/20.jpg,0.08602983265429813,0.1584299621752341,1.0002079652622342
illumination,0.5,classical,clips/0601/1494453679527133712/20.jpg,0.09646724563096387,0.1759601046275699,1.223500003106892
illumination,0.5,classical,clips/0601/1494453685522315222/20.jpg,0.21591544917625116,0.35514878821965434,1.5764579875394702
illumination,0.5,classical,clips/0601/1494453691519533853/20.jpg,0.11482921053308966,0.20600323250981295,1.5397079987451434
illumination,0.5,classical,clips/0601/1494453697518974585/20.jpg,0.12872430518130726,0.22808812495736988,1.0549169965088367
illumination,0.5,classical,clips/0601/1494453703514316264/20.jpg,0.22271744117454284,0.36429911551862765,1.624459051527083
illumination,0.5,classical,clips/0601/1494453709513778562/20.jpg,0.18110911116825235,0.30667634252539916,1.5211669960990548
illumination,0.5,classical,clips/0601/1494453715509045873/20.jpg,0.1251562559187848,0.22246911086422244,1.3550419826060534
illumination,0.5,classical,clips/0601/1494453721506443914/20.jpg,0.09948070461256492,0.18095943693276534,0.8242089534178376
illumination,0.5,classical,clips/0601/1494453727503739315/20.jpg,0.15780081577158395,0.2725871559633028,1.5731670428067446
illumination,0.5,classical,clips/0601/1494453733501172122/20.jpg,0.004462753175420529,0.008885850991114148,1.3007919769734144
illumination,0.5,classical,clips/0601/1494453739498514009/20.jpg,0.020428795537737493,0.04003962966758908,1.393166952766478
illumination,0.5,classical,clips/0601/1494453745495966700/20.jpg,0.18176231307248836,0.30761230251101973,1.5434171073138714
illumination,0.5,classical,clips/0601/1494453751493293308/20.jpg,0.07419562616937092,0.13814173947804237,1.4845000114291906
illumination,0.5,classical,clips/0601/1494453757490822445/20.jpg,0.008401253918495298,0.01666252176075603,1.345291966572404
illumination,0.5,classical,clips/0601/1494453763488013443/20.jpg,0.0022351918539674654,0.0044604138272828645,1.3404589844867587
illumination,0.5,classical,clips/0601/1494453769487225684/20.jpg,0.0003363718927646406,0.0006725175695215036,1.3859999598935246
illumination,0.5,classical,clips/0601/1494453775482792464/20.jpg,0.005301204819277108,0.010546500479386385,1.438999897800386
illumination,0.5,classical,clips/0601/1494453781480173619/20.jpg,0.02572205018011755,0.05015403573629081,1.4286250807344913
illumination,0.5,classical,clips/0601/1494453787480034236/20.jpg,0.0417153735680171,0.08008977236293684,1.39029195997864
illumination,0.5,classical,clips/0601/1494453793475579483/20.jpg,0.0,nan,1.16491608787328
illumination,0.5,classical,clips/0601/1494453799472239703/20.jpg,0.008754132852419598,0.01735632612015345,1.3122089440003037
illumination,0.5,classical,clips/0601/1494453805469700214/20.jpg,0.06765741102854908,0.12673992673992673,1.3175419298931956
illumination,0.5,classical,clips/0601/1494453811467016035/20.jpg,0.1399883373423719,0.24559608683142045,1.4223330654203892
illumination,0.5,classical,clips/0601/1494453817464323387/20.jpg,0.0,nan,1.3586670393124223
illumination,0.5,classical,clips/0601/1494453823461695785/20.jpg,0.16142841049904247,0.2779825412221144,1.4588750200346112
illumination,0.5,classical,clips/0601/1494453829459036893/20.jpg,0.04658799384299641,0.08902833611138346,1.428375020623207
illumination,0.5,classical,clips/0601/1494453835456441057/20.jpg,0.12884602980068374,0.22827919202308505,0.9637919720262289
illumination,0.5,classical,clips/0601/1494453841456411836/20.jpg,0.0,nan,1.2602920178323984
illumination,0.5,classical,clips/0601/1494453847451852161/20.jpg,0.002975631147027501,0.005933606071015896,1.368708093650639
illumination,0.5,classical,clips/0601/1494453853451104735/20.jpg,0.23845544269144875,0.385085219009947,1.4395419275388122
illumination,0.5,classical,clips/0601/1494453859446867209/20.jpg,0.13627239036442249,0.239858666847863,1.421791035681963
illumination,0.5,classical,clips/0601/1494453865443302705/20.jpg,0.16031732914635155,0.27633359447332806,1.4498750679194927
illumination,0.5,classical,clips/0601/1494453871443269121/20.jpg,0.323780624859519,0.4891756515833263,1.5562089392915368
illumination,0.5,classical,clips/0601/1494453877438073356/20.jpg,0.10188196601498264,0.18492355652837195,1.3195829233154655
illumination,0.5,classical,clips/0601/1494453883436198482/20.jpg,0.13219175410539455,0.233514779852546,1.3490419369190931
illumination,0.5,classical,clips/0601/1494453889432873365/20.jpg,0.10513672710520254,0.19026917579799904,1.4491660986095667
illumination,0.5,classical,clips/0601/1494453895431227611/20.jpg,0.18869718408321914,0.31748570890870165,1.6361670568585396
illumination,0.5,classical,clips/0601/1494453901427565927/20.jpg,0.06502860435444704,0.12211616493411138,1.4452919131144881
illumination,0.5,classical,clips/0601/1494453907426815473/20.jpg,0.09839703125597765,0.17916478004945838,1.4304999494925141
illumination,0.5,classical,clips/0601/1494453913422263611/20.jpg,0.3685860227536568,0.5386377131224023,1.1595829855650663
illumination,0.5,classical,clips/0601/1494453919420314205/20.jpg,0.24649379477348402,0.3954994333819006,1.4172500232234597
illumination,0.5,classical,clips/0601/1495058507652622962/20.jpg,0.24097461410894247,0.38836348684210525,1.6415419522672892
illumination,0.5,classical,clips/0601/1495058515650447849/20.jpg,0.20336170826720532,0.3379893291769078,1.4015419874340296
illumination,0.5,classical,clips/0601/1495058521646381547/20.jpg,0.06987091600486328,0.13061560036752262,1.5800410183146596
illumination,0.5,classical,clips/0601/1495058527645454477/20.jpg,0.011208231619287608,0.022167999169348977,1.8008329207077622
illumination,0.5,classical,clips/0601/1495058533641199011/20.jpg,0.20727601015030256,0.34337799874694314,1.8671670695766807
illumination,0.5,classical,clips/0601/1495058539638866627/20.jpg,0.08759091114423816,0.16107326798471508,1.5665000537410378
illumination,0.5,classical,clips/0601/1495058545635832279/20.jpg,0.03844328429046037,0.0740402193784278,1.5509160002693534
illumination,0.5,classical,clips/0601/1495058551633359536/20.jpg,0.241911833525723,0.3895797221594192,1.5045839827507734
illumination,0.5,classical,clips/0601/1495058557632067443/20.jpg,0.0,nan,1.4461249811574817
illumination,0.5,classical,clips/0601/1495058563627986766/20.jpg,0.12925682031984947,0.22892369210263244,1.7441250383853912
illumination,0.5,classical,clips/0601/1495058569626907953/20.jpg,0.12133108020278174,0.21640545302791436,1.6681660199537873
illumination,0.5,classical,clips/0601/1495058575622734256/20.jpg,0.2639944911485381,0.41771462296272754,1.7169580096378922
illumination,0.5,classical,clips/0601/1495058581620129503/20.jpg,0.0,nan,1.7077079974114895
illumination,0.5,classical,clips/0601/1495058587617442669/20.jpg,0.10448027607544476,0.18919355707590368,1.6754170646890998
illumination,0.5,classical,clips/0601/1495058593615616960/20.jpg,0.005475536008796042,0.010891435569941389,1.7439170042052865
illumination,0.5,classical,clips/0601/1495058599612448574/20.jpg,0.07244781115123756,0.13510738778694922,1.8812090856954455
illumination,0.5,classical,clips/0601/1495058605609578659/20.jpg,0.1731249820469365,0.29515181194906953,1.7225409392267466
illumination,0.5,classical,clips/0601/1495058611609939176/20.jpg,0.07090314099516125,0.1324174676138738,1.53066695202142
illumination,0.5,classical,clips/0601/1495058617604256196/20.jpg,0.11188267467424527,0.2012490656121145,1.6410000389441848
illumination,0.5,classical,clips/0601/1495058623602404204/20.jpg,0.12880547360492123,0.2282155368959573,1.037375070154667
illumination,0.5,classical,clips/0601/1495058629599018470/20.jpg,0.11882705537769907,0.2124136251560074,1.4671250246465206
illumination,0.5,classical,clips/0601/1495058635596342127/20.jpg,0.2668956814357824,0.4213380554479553,1.408791053108871
illumination,0.5,classical,clips/0601/1495058641593823148/20.jpg,0.09279308135810378,0.16982735879473573,1.7422919627279043
illumination,0.5,classical,clips/0601/1495058647591446332/20.jpg,0.16308144879573452,0.28042997154600063,1.6555419424548745
illumination,0.5,classical,clips/0601/1495058653588446886/20.jpg,0.16887905604719763,0.2889589905362776,1.7532920464873314
illumination,0.5,classical,clips/0601/1495058659585835658/20.jpg,0.16008289895120267,0.2759852750108272,1.7170000355690718
illumination,0.5,classical,clips/0601/1495058665583165347/20.jpg,0.12345431071582269,0.21977629092394915,1.6854590503498912
illumination,0.5,classical,clips/0601/1495058671580580478/20.jpg,0.14075475327839942,0.24677478287754012,1.8157500308007002
illumination,0.5,classical,clips/0601/1495058677578062974/20.jpg,0.1604040404040404,0.2764623955431755,1.2532919645309448
illumination,0.5,classical,clips/0601/1495058683578929172/20.jpg,0.14181256199109635,0.24839902224197488,1.4334580628201365
illumination,0.5,classical,clips/0601/1495058689572753425/20.jpg,0.14815381087072854,0.2580731073972967,1.6149579314514995
illumination,0.5,classical,clips/0601/1495058695570408263/20.jpg,0.10091575569412195,0.18333056852382873,1.8127079820260406
illumination,0.5,classical,clips/0601/1495058701567358056/20.jpg,0.10932900596271417,0.19710835176050345,1.5352499904111028
illumination,0.5,classical,clips/0601/1495058707565707879/20.jpg,0.21244181125687686,0.35043630017452004,1.5865419991314411
illumination,0.5,classical,clips/0601/1495058715562283498/20.jpg,0.08026182498246708,0.14859698477962924,1.7464590491726995
illumination,0.5,classical,clips/0601/1495058721558633337/20.jpg,0.1309989701338826,0.23165179384447276,1.7593329539522529
illumination,0.5,classical,clips/0601/1495058727556647955/20.jpg,0.1657517095251854,0.2843688037012558,1.8339999951422215
illumination,0.5,classical,clips/0601/1495058733553446687/20.jpg,0.09554651229437726,0.17442712148163647,1.2576669687405229
illumination,0.5,classical,clips/0601/1495058739553286402/20.jpg,0.14274168479950264,0.24982318698656222,1.4054999919608235
illumination,0.5,classical,clips/0601/1495058745548122682/20.jpg,0.17836173972524655,0.30272832817337464,1.9007920054718852
illumination,0.5,classical,clips/0601/1495058751545486604/20.jpg,0.11484620213433773,0.20603057518511217,1.4720410108566284
illumination,0.5,classical,clips/0601/1495058757543228003/20.jpg,0.13127913712725167,0.232089734211168,1.779290963895619
illumination,0.5,classical,clips/0601/1495058763540182973/20.jpg,0.17521027003098716,0.29817688714780777,1.1642499594017863
illumination,0.5,classical,clips/0601/1495058769540492239/20.jpg,0.022944690833119525,0.04486008097746246,1.6117499908432364
illumination,0.5,classical,clips/0601/1495058775535017414/20.jpg,0.006741079826926694,0.013391883895481018,1.713791978545487
illumination,0.5,classical,clips/0601/1495058781534953658/20.jpg,0.22701961100798967,0.37003420152591426,1.7969580367207527
illumination,0.5,classical,clips/0601/1495058787529671793/20.jpg,0.1276479904969313,0.22639687486283633,1.5982090262696147
illumination,0.5,classical,clips/0601/1495058793526969174/20.jpg,0.1390171741954106,0.24410022490417815,1.56579096801579
illumination,0.5,classical,clips/0601/1495058799525818237/20.jpg,0.10771486577938191,0.19448121372568986,1.2758750235661864
illumination,0.5,classical,clips/0601/1495058805523198969/20.jpg,0.30001213641328534,0.4615528240236502,1.435167039744556
illumination,0.5,classical,clips/0601/1495058811520330339/20.jpg,0.19269400338117812,0.32312395775430797,1.5940420562401414
illumination,0.5,classical,clips/0601/1495058817516570927/20.jpg,0.1256646297912864,0.22327188127886072,1.4130000490695238
illumination,0.5,classical,clips/0601/1495058823515900521/20.jpg,0.13166194259251868,0.23268776237344344,1.3982089003548026
illumination,0.5,classical,clips/0601/1495058829511203058/20.jpg,0.2986302432967289,0.45991573789105694,1.5726248966529965
illumination,0.5,classical,clips/0601/1495058835510553015/20.jpg,0.3022404052211183,0.4641852671892765,1.7168750055134296
illumination,0.5,classical,clips/0601/1495058841505989452/20.jpg,0.23987614806568328,0.38693566037206434,1.5532090328633785
illumination,0.5,classical,clips/0601/1495058847507116852/20.jpg,0.0,nan,1.5012910589575768
illumination,0.5,classical,clips/0601/1495058853500724642/20.jpg,0.3065775614716885,0.46928337132373377,1.4786249957978725
illumination,0.5,classical,clips/0601/1495058859498417310/20.jpg,0.17043967807160132,0.2912404308651176,1.4782499056309462
illumination,0.5,classical,clips/0601/1495058865495399571/20.jpg,0.17308234630569655,0.2950898491495883,1.4476670185104012
illumination,0.5,classical,clips/0601/1495058871492888869/20.jpg,0.25963914052556714,0.4122436849925706,1.6909160185605288
illumination,0.5,classical,clips/0601/1495058877492091924/20.jpg,0.15436369891815435,0.26744378580653705,1.3601669343188405
illumination,0.5,classical,clips/0601/1495058883487530264/20.jpg,0.13261300198091122,0.23417178109199605,1.6857499722391367
illumination,0.5,classical,clips/0601/1495058889484921618/20.jpg,0.3178214153390144,0.48234367971210074,1.605458091944456
illumination,0.5,classical,clips/0601/1495058895482305544/20.jpg,0.2793383612052319,0.43669191775360255,1.5319579979404807
illumination,0.5,classical,clips/0601/1495058901481630657/20.jpg,0.1473951715374841,0.256921373200443,1.747208065353334
illumination,0.5,classical,clips/0601/1495058907477059235/20.jpg,0.09231553893233593,0.1690272373540856,1.5117089496925473
illumination,0.5,classical,clips/0601/1495058913475711516/20.jpg,0.132288019485462,0.23366496369991935,1.5904169995337725
illumination,0.5,classical,clips/0601/1495058919475143504/20.jpg,0.23647943980929678,0.38250444317257587,1.5213339356705546
illumination,0.5,classical,clips/0601/1495058925469436408/20.jpg,0.17057097912503721,0.29143209966222355,1.4103749999776483
illumination,0.5,classical,clips/0601/1495058931466470327/20.jpg,0.14053013475492374,0.24642949883147233,1.7803750233724713
illumination,0.5,classical,clips/0601/1495058937463794073/20.jpg,0.19095185728250244,0.32067099289506756,1.555000082589686
illumination,0.5,classical,clips/0601/1495058943463632446/20.jpg,0.17772660665689763,0.3018130110202631,1.5414999797940254
illumination,0.5,classical,clips/0601/1495058949458758174/20.jpg,0.14729881279245138,0.2567749764055548,1.34937500115484
illumination,0.5,classical,clips/0601/1495485009641442407/20.jpg,0.07564037146647618,0.1406424925523235,1.660000067204237
illumination,0.5,classical,clips/0601/1495485015638767825/20.jpg,0.0004634188727335921,0.0009264084303167158,1.5069580404087901
illumination,0.5,classical,clips/0601/1495485021636199888/20.jpg,0.03530546905837463,0.06820299923748199,1.5371249755844474
illumination,0.5,classical,clips/0601/1495485027633718711/20.jpg,0.12449715764225953,0.22142725180967734,1.6218749806284904
illumination,0.5,classical,clips/0601/1495485033630861236/20.jpg,0.08278026444410146,0.15290316449681648,1.4782919315621257
illumination,0.5,classical,clips/0601/1495485039628271607/20.jpg,0.09583451695374842,0.1749069142668615,1.7227090429514647
illumination,0.5,classical,clips/0601/1495485045626852826/20.jpg,0.057961304992183854,0.10957169174086583,1.9638750236481428
illumination,0.5,classical,clips/0601/1495485051623004273/20.jpg,0.07460730423896246,0.13885501046691545,1.8103329930454493
illumination,0.5,classical,clips/0601/1495485057620656604/20.jpg,0.0894844820812781,0.16426940181898314,1.6236250521615148
illumination,0.5,classical,clips/0601/1495485063617750112/20.jpg,0.07158070395011308,0.13359834436407597,1.777667086571455
illumination,0.5,classical,clips/0601/1495485069617812641/20.jpg,0.11938169940654184,0.21329935886897913,1.7057498916983604
illumination,0.5,classical,clips/0601/1495485075612519689/20.jpg,0.046569266892773284,0.08899414184220367,1.566374907270074
illumination,0.5,classical,clips/0601/1495485081611855219/20.jpg,0.08658695394814728,0.15937418286411575,1.5372500056400895
illumination,0.5,classical,clips/0601/1495485087607351973/20.jpg,0.024600334049152947,0.048019375422090775,1.4142920263111591
illumination,0.5,classical,clips/0601/1495485093604646206/20.jpg,0.05320103830571796,0.10102731837656057,1.7264169873669744
illumination,0.5,classical,clips/0601/1495485099601922885/20.jpg,0.0,nan,1.588999992236495
illumination,0.5,classical,clips/0601/1495485105599385453/20.jpg,0.016960495621247466,0.03335526934285983,1.8152500269934535
illumination,0.5,classical,clips/0601/1495485111599411627/20.jpg,0.0006863972221100658,0.0013718528082633957,1.7168750055134296
illumination,0.5,classical,clips/0601/1495485117594185994/20.jpg,0.10403691365432763,0.18846636804917818,1.5947500942274928
illumination,0.5,classical,clips/0601/1495485123591495860/20.jpg,0.13223616066290714,0.23358406180117913,1.653374987654388
illumination,0.5,classical,clips/0601/1495485129589080069/20.jpg,0.02541723049165539,0.0495744166098489,1.092375023290515
illumination,0.5,classical,clips/0601/1495485135586245515/20.jpg,0.05858944532876209,0.11069342432479326,1.5562500339001417
illumination,0.5,classical,clips/0601/1495485141585513338/20.jpg,0.0032041343669250645,0.0063878013599835155,1.7926250584423542
illumination,0.5,classical,clips/0601/1495485147581014946/20.jpg,0.13844172569220864,0.2432126696832579,1.7575409729033709
illumination,0.5,classical,clips/0601/1495485153579251831/20.jpg,0.049347727321896025,0.09405409863104075,1.6508749686181545
illumination,0.5,classical,clips/0601/1495485159575742672/20.jpg,0.06658065005787146,0.12484878673592828,1.3505419483408332
illumination,0.5,classical,clips/0601/1495485165575366989/20.jpg,0.0990738201227874,0.18028601593243115,1.6150000737980008
illumination,0.5,classical,clips/0601/1495485171570457961/20.jpg,0.02883552461368394,0.05605468303499989,2.321624895557761
illumination,0.5,classical,clips/0601/1495485177570314287/20.jpg,0.0935224828838072,0.1710481208162676,1.6113329911604524
illumination,0.5,classical,clips/0601/1495485183565129358/20.jpg,0.13658093404572888,0.24033648630645377,1.6871660482138395
illumination,0.5,classical,clips/0601/1495485189564879401/20.jpg,0.14441737880360994,0.252385854109601,1.8454169621691108
illumination,0.5,classical,clips/0601/1495485195559966192/20.jpg,0.03445193965058626,0.06660906771990456,1.7173339147120714
illumination,0.5,classical,clips/0601/1495485201558641598/20.jpg,0.15011077864827208,0.2610370782277123,1.7638748977333307
illumination,0.5,classical,clips/0601/1495485207554693841/20.jpg,0.051614973262032085,0.09816325285275512,1.723207999020815
illumination,0.5,classical,clips/0601/1495485213552150385/20.jpg,0.014934691940760721,0.029429858018159897,1.1414170730859041
illumination,0.5,classical,clips/0601/1495485219551850010/20.jpg,0.11223499471606962,0.20181885168020788,1.678750035353005
illumination,0.5,classical,clips/0601/1495485225546895923/20.jpg,0.08947711000216967,0.16425698012506473,1.8263750243932009
illumination,0.5,classical,clips/0601/1495485231544226883/20.jpg,0.07184136464218961,0.13405223386983625,1.963334041647613
illumination,0.5,classical,clips/0601/1495485237541517645/20.jpg,0.11791767029056269,0.21095948910068524,1.9751249346882105
illumination,0.5,classical,clips/0601/1495485243539258908/20.jpg,0.05027509475486001,0.09573700263090497,1.3394169509410858
illumination,0.5,classical,clips/0601/1495485249536332511/20.jpg,0.019894098227109996,0.03901208617971624,1.7448749858886003
illumination,0.5,classical,clips/0601/1495485255533685610/20.jpg,0.08112528622832843,0.15007564296520423,1.8065419280901551
illumination,0.5,classical,clips/0601/1495485261533592244/20.jpg,0.1244052477553702,0.22128186968838526,1.8510830122977495
illumination,0.5,classical,clips/0601/1495485267528430709/20.jpg,0.020673740755452155,0.04050998851043326,1.7247919458895922
illumination,0.5,classical,clips/0601/1495485273526142378/20.jpg,0.03524135888649152,0.06808336738863914,1.4810829889029264
illumination,0.5,classical,clips/0601/1495485279523114914/20.jpg,0.09619979781270104,0.17551508037978666,2.1625830559059978
illumination,0.5,classical,clips/0601/1495485285520576618/20.jpg,0.07882137217949371,0.1461249734425533,1.970832934603095
illumination,0.5,classical,clips/0601/1495492512658106755/20.jpg,0.0,nan,1.4267920050770044
illumination,0.5,classical,clips/0601/1495492518657921956/20.jpg,0.1571798747570719,0.27166022877829404,1.85720797162503
illumination,0.5,classical,clips/0601/1495492524654518667/20.jpg,0.10107132788271779,0.1835872487517603,1.6981250373646617
illumination,0.5,classical,clips/0601/1495492530652417826/20.jpg,0.12429189526740711,0.2211025371446708,1.8276660703122616
illumination,0.5,classical,clips/0601/1495492536647945627/20.jpg,0.08411981035934246,0.1551854500868499,3.6904580192640424
illumination,0.5,classical,clips/0601/1495492542645333836/20.jpg,0.031355683706382566,0.060804791599537535,4.942624946124852
illumination,0.5,classical,clips/0601/1495492548642776463/20.jpg,0.022636539490472073,0.04427093814142552,1.5312080504372716
illumination,0.5,classical,clips/0601/1495492554641955081/20.jpg,0.054422055475929515,0.10322632231239755,1.3780000153928995
illumination,0.5,twinlite,clips/0601/1494453497604532231/20.jpg,0.5426871565017876,0.703560866783114,67.6912919152528
illumination,0.5,twinlite,clips/0601/1494453503601902751/20.jpg,0.4608476806040153,0.6309318715740017,9.450166020542383
illumination,0.5,twinlite,clips/0601/1494453509599288720/20.jpg,0.21630069342298802,0.3556697691493726,8.00320808775723
illumination,0.5,twinlite,clips/0601/1494453515596795530/20.jpg,0.3018625723634533,0.4637395356031166,8.694665972143412
illumination,0.5,twinlite,clips/0601/1494453521596643824/20.jpg,0.3326432442306521,0.4992232477382802,8.297416032291949
illumination,0.5,twinlite,clips/0601/1494453527591367337/20.jpg,0.377694014651792,0.5482988394157363,7.619832991622388
illumination,0.5,twinlite,clips/0601/1494453533590270210/20.jpg,0.5279995321227008,0.6910990756511588,9.955083951354027
illumination,0.5,twinlite,clips/0601/1494453539586188022/20.jpg,0.36129317519766957,0.5308087659298037,7.91608402505517
illumination,0.5,twinlite,clips/0601/1494453545585907063/20.jpg,0.24850738451869697,0.3980871680859096,7.972499937750399
illumination,0.5,twinlite,clips/0601/1494453551580996478/20.jpg,0.23790088932557377,0.38436177140996414,8.903999929316342
illumination,0.5,twinlite,clips/0601/1494453557578299956/20.jpg,0.32420834566439777,0.48966364956978436,9.277459001168609
illumination,0.5,twinlite,clips/0601/1494453563575744757/20.jpg,0.4627028845345219,0.6326683148393032,7.568333065137267
illumination,0.5,twinlite,clips/0601/1494453569573067938/20.jpg,0.46459699093261,0.6344366317955754,8.174082962796092
illumination,0.5,twinlite,clips/0601/1494453575572346547/20.jpg,0.3693334033723801,0.5394353230013809,8.297540945932269
illumination,0.5,twinlite,clips/0601/1494453581567767982/20.jpg,0.34235673028294605,0.5100830838174931,9.380875038914382
illumination,0.5,twinlite,clips/0601/1494453587565069969/20.jpg,0.32721719162947877,0.4930876328202784,8.760291966609657
illumination,0.5,twinlite,clips/0601/1494453593562528307/20.jpg,0.28710150238182486,0.44612099644128117,8.823500014841557
illumination,0.5,twinlite,clips/0601/1494453599561987554/20.jpg,0.3387935754699763,0.5061177192324734,8.972625015303493
illumination,0.5,twinlite,clips/0601/1494453605557268031/20.jpg,0.4386068780889621,0.6097661352371749,9.05774999409914
illumination,0.5,twinlite,clips/0601/1494453611554664747/20.jpg,0.40172841819288957,0.5731900887203222,8.074083016254008
illumination,0.5,twinlite,clips/0601/1494453617553424930/20.jpg,0.3361407978861443,0.5031517612783616,9.195332997478545
illumination,0.5,twinlite,clips/0601/1494453623549421445/20.jpg,0.4199792531120332,0.5915287173268267,8.304667077027261
illumination,0.5,twinlite,clips/0601/1494453629547675743/20.jpg,0.31901050808584336,0.48371185237757275,7.912083063274622
illumination,0.5,twinlite,clips/0601/1494453635544157546/20.jpg,0.23763855744139883,0.38401931809990625,10.142500046640635
illumination,0.5,twinlite,clips/0601/1494453641541664519/20.jpg,0.23978574688348187,0.38681804091754496,8.292374899610877
illumination,0.5,twinlite,clips/0601/1494453647538775071/20.jpg,0.4321021184139055,0.6034515456097098,8.480374934151769
illumination,0.5,twinlite,clips/0601/1494453653536229036/20.jpg,0.2768080478520935,0.43359383318072436,8.849125006236136
illumination,0.5,twinlite,clips/0601/1494453661532670510/20.jpg,0.4803560918187169,0.6489737090601858,8.98016698192805
illumination,0.5,twinlite,clips/0601/1494453667532618102/20.jpg,0.5361477387989227,0.6980418943533697,8.117499994114041
illumination,0.5,twinlite,clips/0601/1494453673527450206/20.jpg,0.41619840443981965,0.5877684978814078,8.911540964618325
illumination,0.5,twinlite,clips/0601/1494453679527133712/20.jpg,0.3898551584945981,0.5610011318256561,8.126124972477555
illumination,0.5,twinlite,clips/0601/1494453685522315222/20.jpg,0.21926034186947957,0.3596612377850163,8.616832899861038
illumination,0.5,twinlite,clips/0601/1494453691519533853/20.jpg,0.24385342789598108,0.39209350945547844,8.967333007603884
illumination,0.5,twinlite,clips/0601/1494453697518974585/20.jpg,0.2056779633106083,0.34118225524475526,8.74579104129225
illumination,0.5,twinlite,clips/0601/1494453703514316264/20.jpg,0.28091958482879037,0.4386217341915941,8.529041078872979
illumination,0.5,twinlite,clips/0601/1494453709513778562/20.jpg,0.19753925120772947,0.3299086038449417,8.810874889604747
illumination,0.5,twinlite,clips/0601/1494453715509045873/20.jpg,0.47410153812268274,0.6432413587010659,8.196250069886446
illumination,0.5,twinlite,clips/0601/1494453721506443914/20.jpg,0.5201098032691428,0.6843055707562657,7.732333964668214
illumination,0.5,twinlite,clips/0601/1494453727503739315/20.jpg,0.3002284787735849,0.46180880310631184,8.647208916954696
illumination,0.5,twinlite,clips/0601/1494453733501172122/20.jpg,0.2553659488416646,0.4068390560972163,8.14179191365838
illumination,0.5,twinlite,clips/0601/1494453739498514009/20.jpg,0.5354250630908886,0.697429104111471,8.782375021837652
illumination,0.5,twinlite,clips/0601/1494453745495966700/20.jpg,0.28529214646926215,0.44393354032850607,8.953207987360656
illumination,0.5,twinlite,clips/0601/1494453751493293308/20.jpg,0.2474071228667069,0.39667421859534124,8.8145409245044
illumination,0.5,twinlite,clips/0601/1494453757490822445/20.jpg,0.2446299596660726,0.3930966915366644,8.966374909505248
illumination,0.5,twinlite,clips/0601/1494453763488013443/20.jpg,0.35892666459991046,0.5282502344680743,8.337832987308502
illumination,0.5,twinlite,clips/0601/1494453769487225684/20.jpg,0.44082551594746716,0.611906870149487,8.52129200939089
illumination,0.5,twinlite,clips/0601/1494453775482792464/20.jpg,0.4820874019529374,0.6505519192966539,7.983125047758222
illumination,0.5,twinlite,clips/0601/1494453781480173619/20.jpg,0.4051224688808581,0.5766365250760344,8.341792039573193
illumination,0.5,twinlite,clips/0601/1494453787480034236/20.jpg,0.4193435875972237,0.590897921069445,9.025124949403107
illumination,0.5,twinlite,clips/0601/1494453793475579483/20.jpg,0.48591653695055964,0.6540293816875763,8.944125031121075
illumination,0.5,twinlite,clips/0601/1494453799472239703/20.jpg,0.3689000702948685,0.538972972972973,8.280165959149599
illumination,0.5,twinlite,clips/0601/1494453805469700214/20.jpg,0.37405133049913397,0.5444503013773979,9.287166991271079
illumination,0.5,twinlite,clips/0601/1494453811467016035/20.jpg,0.27623594946782054,0.43289166017147307,7.993750041350722
illumination,0.5,twinlite,clips/0601/1494453817464323387/20.jpg,0.4923700676797344,0.6598498299356109,8.597124950028956
illumination,0.5,twinlite,clips/0601/1494453823461695785/20.jpg,0.5357897118720772,0.6977383788031333,9.207541937939823
illumination,0.5,twinlite,clips/0601/1494453829459036893/20.jpg,0.5074996822168553,0.6732998861672078,8.51866602897644
illumination,0.5,twinlite,clips/0601/1494453835456441057/20.jpg,0.4445589624667182,0.6154943813544206,8.913750061765313
illumination,0.5,twinlite,clips/0601/1494453841456411836/20.jpg,0.5458777540867094,0.7062366382382014,8.957708021625876
illumination,0.5,twinlite,clips/0601/1494453847451852161/20.jpg,0.48425109079907,0.6525190970732127,8.439917000941932
illumination,0.5,twinlite,clips/0601/1494453853451104735/20.jpg,0.5375422699366361,0.6992227536727025,9.129334008321166
illumination,0.5,twinlite,clips/0601/1494453859446867209/20.jpg,0.5133087848500789,0.6783926585094551,8.213582914322615
illumination,0.5,twinlite,clips/0601/1494453865443302705/20.jpg,0.49685791841743204,0.6638678425040367,8.56879202183336
illumination,0.5,twinlite,clips/0601/1494453871443269121/20.jpg,0.600141267879216,0.7501103557870573,9.08054190222174
illumination,0.5,twinlite,clips/0601/1494453877438073356/20.jpg,0.41771962840158916,0.5892838330418659,8.641916909255087
illumination,0.5,twinlite,clips/0601/1494453883436198482/20.jpg,0.5023907666941467,0.6687884108867427,8.138000033795834
illumination,0.5,twinlite,clips/0601/1494453889432873365/20.jpg,0.42943525705928676,0.6008460403344812,7.984667085111141
illumination,0.5,twinlite,clips/0601/1494453895431227611/20.jpg,0.4645669291338583,0.6344086021505377,9.337040944956243
illumination,0.5,twinlite,clips/0601/1494453901427565927/20.jpg,0.5179573976221928,0.6824399662777733,9.2977499589324
illumination,0.5,twinlite,clips/0601/1494453907426815473/20.jpg,0.4507482993197279,0.6214011066304042,7.952959043905139
illumination,0.5,twinlite,clips/0601/1494453913422263611/20.jpg,0.6387814641427505,0.7795810217769313,8.093749987892807
illumination,0.5,twinlite,clips/0601/1494453919420314205/20.jpg,0.7577029305211808,0.862151296859376,15.815041959285736
illumination,0.5,twinlite,clips/0601/1495058507652622962/20.jpg,0.273949299533022,0.4300788102531878,9.244541986845434
illumination,0.5,twinlite,clips/0601/1495058515650447849/20.jpg,0.4017691051972211,0.5732315025457696,8.013583021238446
illumination,0.5,twinlite,clips/0601/1495058521646381547/20.jpg,0.2695657012492001,0.42465813464235624,8.598375017754734
illumination,0.5,twinlite,clips/0601/1495058527645454477/20.jpg,0.316758507221018,0.4811186037286791,9.140249923802912
illumination,0.5,twinlite,clips/0601/1495058533641199011/20.jpg,0.35091029629251874,0.5195167987919971,8.10654100496322
illumination,0.5,twinlite,clips/0601/1495058539638866627/20.jpg,0.3581166438572481,0.5273724395868458,8.867040975019336
illumination,0.5,twinlite,clips/0601/1495058545635832279/20.jpg,0.4075153684089007,0.5790563677746109,8.867750060744584
illumination,0.5,twinlite,clips/0601/1495058551633359536/20.jpg,0.5246058862314932,0.6881855710634952,8.985457941889763
illumination,0.5,twinlite,clips/0601/1495058557632067443/20.jpg,0.5418449907844178,0.7028527433341436,8.676458965055645
illumination,0.5,twinlite,clips/0601/1495058563627986766/20.jpg,0.4882314784784321,0.6561230366899644,9.066749946214259
illumination,0.5,twinlite,clips/0601/1495058569626907953/20.jpg,0.3592723066407277,0.5286244777966889,9.076374932192266
illumination,0.5,twinlite,clips/0601/1495058575622734256/20.jpg,0.37139079851930196,0.5416264990552578,8.127916953526437
illumination,0.5,twinlite,clips/0601/1495058581620129503/20.jpg,0.36713685797351137,0.5370886694075578,8.996207965537906
illumination,0.5,twinlite,clips/0601/1495058587617442669/20.jpg,0.410726887791108,0.5822911455727864,8.402790990658104
illumination,0.5,twinlite,clips/0601/1495058593615616960/20.jpg,0.30670583846297333,0.46943363905642194,7.710500038228929
illumination,0.5,twinlite,clips/0601/1495058599612448574/20.jpg,0.34116839464091275,0.5087629502815086,9.402332943864167
illumination,0.5,twinlite,clips/0601/1495058605609578659/20.jpg,0.29586441660027524,0.45662866085401294,7.520709070377052
illumination,0.5,twinlite,clips/0601/1495058611609939176/20.jpg,0.45832008479067304,0.6285589694205717,8.18900007288903
illumination,0.5,twinlite,clips/0601/1495058617604256196/20.jpg,0.4663807129122911,0.6360977184240786,8.945209090597928
illumination,0.5,twinlite,clips/0601/1495058623602404204/20.jpg,0.4897844634036821,0.6575239243463191,9.609958040528
illumination,0.5,twinlite,clips/0601/1495058629599018470/20.jpg,0.39716934233997137,0.5685342933087758,8.348500006832182
illumination,0.5,twinlite,clips/0601/1495058635596342127/20.jpg,0.5139251523063534,0.6789307272204655,8.50820797495544
illumination,0.5,twinlite,clips/0601/1495058641593823148/20.jpg,0.3586780532715324,0.5279809332429845,8.001415990293026
illumination,0.5,twinlite,clips/0601/1495058647591446332/20.jpg,0.30817006380215684,0.4711467909706936,8.32124997396022
illumination,0.5,twinlite,clips/0601/1495058653588446886/20.jpg,0.35753898835002046,0.5267458119704987,9.117332985624671
illumination,0.5,twinlite,clips/0601/1495058659585835658/20.jpg,0.25900051601635377,0.4114383000189166,8.371875039301813
illumination,0.5,twinlite,clips/0601/1495058665583165347/20.jpg,0.2835932493057039,0.4418740118165932,8.647167007438838
illumination,0.5,twinlite,clips/0601/1495058671580580478/20.jpg,0.3876841762299533,0.5587498695606804,7.799291983246803
illumination,0.5,twinlite,clips/0601/1495058677578062974/20.jpg,0.36351048397731767,0.533197930267421,10.208333027549088
illumination,0.5,twinlite,clips/0601/1495058683578929172/20.jpg,0.29115151515151516,0.45099511828764544,7.9960000002756715
illumination,0.5,twinlite,clips/0601/1495058689572753425/20.jpg,0.19046812355299564,0.3199886158808462,9.224209003150463
illumination,0.5,twinlite,clips/0601/1495058695570408263/20.jpg,0.17697080029702733,0.3007224992367966,9.20020800549537
illumination,0.5,twinlite,clips/0601/1495058701567358056/20.jpg,0.38486302031355635,0.5558138453670556,7.914499961771071
illumination,0.5,twinlite,clips/0601/1495058707565707879/20.jpg,0.29401841889304275,0.45442694570693726,9.114000014960766
illumination,0.5,twinlite,clips/0601/1495058715562283498/20.jpg,0.2937204591492235,0.45407098121085593,8.718459052033722
illumination,0.5,twinlite,clips/0601/1495058721558633337/20.jpg,0.35110753121224325,0.5197329199952307,8.342624991200864
illumination,0.5,twinlite,clips/0601/1495058727556647955/20.jpg,0.30359505955006616,0.4657812367819981,8.426083950325847
illumination,0.5,twinlite,clips/0601/1495058733553446687/20.jpg,0.40265534878659265,0.5741329816122275,8.873917046003044
illumination,0.5,twinlite,clips/0601/1495058739553286402/20.jpg,0.40375201000536004,0.5752469198655942,7.8595830127596855
illumination,0.5,twinlite,clips/0601/1495058745548122682/20.jpg,0.3137824172239439,0.4776779063415604,8.255875087343156
illumination,0.5,twinlite,clips/0601/1495058751545486604/20.jpg,0.3372776897341081,0.5044243126514274,7.867750013247132
illumination,0.5,twinlite,clips/0601/1495058757543228003/20.jpg,0.332382762991128,0.49892984542211655,8.661458035930991
illumination,0.5,twinlite,clips/0601/1495058763540182973/20.jpg,0.407246915108745,0.5787853016217485,9.588041924871504
illumination,0.5,twinlite,clips/0601/1495058769540492239/20.jpg,0.19039587260640936,0.3198866477746291,9.333917056210339
illumination,0.5,twinlite,clips/0601/1495058775535017414/20.jpg,0.25305161204723364,0.4038965508113403,8.210332947783172
illumination,0.5,twinlite,clips/0601/1495058781534953658/20.jpg,0.18521085461427733,0.3125365480635149,9.267958928830922
illumination,0.5,twinlite,clips/0601/1495058787529671793/20.jpg,0.5129755318542177,0.6781015569042862,8.957375073805451
illumination,0.5,twinlite,clips/0601/1495058793526969174/20.jpg,0.4864661654135338,0.6545270612038443,8.679124992340803
illumination,0.5,twinlite,clips/0601/1495058799525818237/20.jpg,0.3062612196050699,0.46891267230250283,7.591624977067113
illumination,0.5,twinlite,clips/0601/1495058805523198969/20.jpg,0.4498091603053435,0.6205080953007767,8.214458008296788
illumination,0.5,twinlite,clips/0601/1495058811520330339/20.jpg,0.3859155721798802,0.5569106515960145,9.389125043526292
illumination,0.5,twinlite,clips/0601/1495058817516570927/20.jpg,0.44154874360601876,0.6126032790282059,9.643540950492024
illumination,0.5,twinlite,clips/0601/1495058823515900521/20.jpg,0.4969124973686057,0.6639165592405953,8.182166959159076
illumination,0.5,twinlite,clips/0601/1495058829511203058/20.jpg,0.5899239543726236,0.7420782016022959,9.497166029177606
illumination,0.5,twinlite,clips/0601/1495058835510553015/20.jpg,0.581207259337191,0.7351436769659417,9.260375052690506
illumination,0.5,twinlite,clips/0601/1495058841505989452/20.jpg,0.5033593120128997,0.6696460493385771,9.464000002481043
illumination,0.5,twinlite,clips/0601/1495058847507116852/20.jpg,0.5440775522568918,0.7047282715322739,9.081457974389195
illumination,0.5,twinlite,clips/0601/1495058853500724642/20.jpg,0.6695096650969803,0.8020434731153103,9.487667004577816
illumination,0.5,twinlite,clips/0601/1495058859498417310/20.jpg,0.6614249258569557,0.7962140396031383,8.145000087097287
illumination,0.5,twinlite,clips/0601/1495058865495399571/20.jpg,0.6026148063409054,0.7520394844183391,10.658124927431345
illumination,0.5,twinlite,clips/0601/1495058871492888869/20.jpg,0.6012664727023789,0.7509886492379385,9.371874970383942
illumination,0.5,twinlite,clips/0601/1495058877492091924/20.jpg,0.5408107146323315,0.7019820273788527,9.070082916878164
illumination,0.5,twinlite,clips/0601/1495058883487530264/20.jpg,0.532270581387829,0.6947475045898663,10.07445901632309
illumination,0.5,twinlite,clips/0601/1495058889484921618/20.jpg,0.5831938909002403,0.7367308505323032,8.727332926355302
illumination,0.5,twinlite,clips/0601/1495058895482305544/20.jpg,0.5893093595372499,0.741591756193817,8.033958030864596
illumination,0.5,twinlite,clips/0601/1495058901481630657/20.jpg,0.6091162193032553,0.7570816973891441,9.511083015240729
illumination,0.5,twinlite,clips/0601/1495058907477059235/20.jpg,0.5465551717869478,0.7068033287883775,8.104208973236382
illumination,0.5,twinlite,clips/0601/1495058913475711516/20.jpg,0.5227726795570756,0.6866063288042873,8.138165925629437
illumination,0.5,twinlite,clips/0601/1495058919475143504/20.jpg,0.6371402106418745,0.7783575365143227,10.614459053613245
illumination,0.5,twinlite,clips/0601/1495058925469436408/20.jpg,0.49119348054679285,0.6587924195680916,9.327708976343274
illumination,0.5,twinlite,clips/0601/1495058931466470327/20.jpg,0.5472934794892078,0.7074203914694712,8.470832952298224
illumination,0.5,twinlite,clips/0601/1495058937463794073/20.jpg,0.6397838429441138,0.7803270482229268,8.478791918605566
illumination,0.5,twinlite,clips/0601/1495058943463632446/20.jpg,0.5400542526525427,0.7013444516287262,9.52579197473824
illumination,0.5,twinlite,clips/0601/1495058949458758174/20.jpg,0.49428193090164924,0.6615644888423428,10.507541010156274
illumination,0.5,twinlite,clips/0601/1495485009641442407/20.jpg,0.30432772137797676,0.46664303210003866,8.259959053248167
illumination,0.5,twinlite,clips/0601/1495485015638767825/20.jpg,0.2846731497685134,0.4431837776321688,8.512375061400235
illumination,0.5,twinlite,clips/0601/1495485021636199888/20.jpg,0.30588131558063664,0.4684672518568535,9.195666993036866
illumination,0.5,twinlite,clips/0601/1495485027633718711/20.jpg,0.4949306359747595,0.6621452849577109,9.478333056904376
illumination,0.5,twinlite,clips/0601/1495485033630861236/20.jpg,0.40188624492164826,0.5733507213976692,9.098625043407083
illumination,0.5,twinlite,clips/0601/1495485039628271607/20.jpg,0.3699488386090668,0.5400914664589699,8.289417019113898
illumination,0.5,twinlite,clips/0601/1495485045626852826/20.jpg,0.4389301356067171,0.6100784530746444,9.320166078396142
illumination,0.5,twinlite,clips/0601/1495485051623004273/20.jpg,0.41271834949875563,0.5842896422279664,8.981249993667006
illumination,0.5,twinlite,clips/0601/1495485057620656604/20.jpg,0.28817095820053656,0.4474110464391876,8.862875052727759
illumination,0.5,twinlite,clips/0601/1495485063617750112/20.jpg,0.21393012613014845,0.35245871492147557,8.843249990604818
illumination,0.5,twinlite,clips/0601/1495485069617812641/20.jpg,0.2715995591665172,0.42717781271415317,9.353708010166883
illumination,0.5,twinlite,clips/0601/1495485075612519689/20.jpg,0.37454993147343724,0.5449782840146689,9.824708919040859
illumination,0.5,twinlite,clips/0601/1495485081611855219/20.jpg,0.37808850577259734,0.5487144028686746,8.7557079968974
illumination,0.5,twinlite,clips/0601/1495485087607351973/20.jpg,0.3806679337496606,0.5514257620452311,7.995292078703642
illumination,0.5,twinlite,clips/0601/1495485093604646206/20.jpg,0.3674454904638798,0.5374188485410573,11.66429091244936
illumination,0.5,twinlite,clips/0601/1495485099601922885/20.jpg,0.0,nan,8.3590840222314
illumination,0.5,twinlite,clips/0601/1495485105599385453/20.jpg,0.38019176968508644,0.55092600613295,7.696832995861769
illumination,0.5,twinlite,clips/0601/1495485111599411627/20.jpg,0.3058763213788726,0.46846139465320624,9.114540996961296
illumination,0.5,twinlite,clips/0601/1495485117594185994/20.jpg,0.22401802117050126,0.3660371290224598,8.087707916274667
illumination,0.5,twinlite,clips/0601/1495485123591495860/20.jpg,0.3741928818637326,0.5446002330564222,8.7692909874022
illumination,0.5,twinlite,clips/0601/1495485129589080069/20.jpg,0.2552747135054086,0.4067232626594429,8.714041905477643
illumination,0.5,twinlite,clips/0601/1495485135586245515/20.jpg,0.3622051217358395,0.5317923357596636,9.378624963574111
illumination,0.5,twinlite,clips/0601/1495485141585513338/20.jpg,0.3157152419200612,0.4799142426279548,7.476083002984524
illumination,0.5,twinlite,clips/0601/1495485147581014946/20.jpg,0.3236537578817674,0.4890308450447162,9.605958010070026
illumination,0.5,twinlite,clips/0601/1495485153579251831/20.jpg,0.03489755794701987,0.06744156980377453,8.233874919824302
illumination,0.5,twinlite,clips/0601/1495485159575742672/20.jpg,0.3315492266142892,0.4979901906553085,7.776167010888457
illumination,0.5,twinlite,clips/0601/1495485165575366989/20.jpg,0.2655410418399694,0.41964825013323853,9.07979195471853
illumination,0.5,twinlite,clips/0601/1495485171570457961/20.jpg,0.289029732500699,0.44844540853217635,9.072458022274077
illumination,0.5,twinlite,clips/0601/1495485177570314287/20.jpg,0.3199346179524369,0.48477343286705965,7.944834069348872
illumination,0.5,twinlite,clips/0601/1495485183565129358/20.jpg,0.2564137004701142,0.4081676288218944,9.110333980061114
illumination,0.5,twinlite,clips/0601/1495485189564879401/20.jpg,0.33781329458772247,0.5050230790116752,8.405082975514233
illumination,0.5,twinlite,clips/0601/1495485195559966192/20.jpg,0.27509148235943937,0.431485091329146,8.176708011887968
illumination,0.5,twinlite,clips/0601/1495485201558641598/20.jpg,0.35687363170605096,0.5260233869492175,9.649417013861239
illumination,0.5,twinlite,clips/0601/1495485207554693841/20.jpg,0.29779366700715015,0.4589229776315582,7.975541986525059
illumination,0.5,twinlite,clips/0601/1495485213552150385/20.jpg,0.47424194732976604,0.6433705786065049,8.686791989021003
illumination,0.5,twinlite,clips/0601/1495485219551850010/20.jpg,0.37295191074324163,0.5432847397274763,10.186125058680773
illumination,0.5,twinlite,clips/0601/1495485225546895923/20.jpg,0.4177307466196355,0.5892948962497304,7.782291970215738
illumination,0.5,twinlite,clips/0601/1495485231544226883/20.jpg,0.34663623137510663,0.5148179193443233,8.44591693021357
illumination,0.5,twinlite,clips/0601/1495485237541517645/20.jpg,0.23968242441846394,0.38668358879234604,8.949542068876326
illumination,0.5,twinlite,clips/0601/1495485243539258908/20.jpg,0.22514006466421502,0.36753359253812523,9.171374957077205
illumination,0.5,twinlite,clips/0601/1495485249536332511/20.jpg,0.1898076725290548,0.3190560573972426,8.372250013053417
illumination,0.5,twinlite,clips/0601/1495485255533685610/20.jpg,0.17413898993716634,0.29662415000201187,9.006625041365623
illumination,0.5,twinlite,clips/0601/1495485261533592244/20.jpg,0.24320777543111402,0.39125845291110006,8.139999932609499
illumination,0.5,twinlite,clips/0601/1495485267528430709/20.jpg,0.30071170278923004,0.46238025251004905,8.035457925871015
illumination,0.5,twinlite,clips/0601/1495485273526142378/20.jpg,0.18401508446530956,0.3108323312424843,8.754333015531301
illumination,0.5,twinlite,clips/0601/1495485279523114914/20.jpg,0.3258690176322418,0.49155536979691095,8.505375008098781
illumination,0.5,twinlite,clips/0601/1495485285520576618/20.jpg,0.421160121129604,0.5926990419557318,8.222334086894989
illumination,0.5,twinlite,clips/0601/1495492512658106755/20.jpg,0.3701229152853573,0.5402769505658129,9.553708950988948
illumination,0.5,twinlite,clips/0601/1495492518657921956/20.jpg,0.2727396960752159,0.42858676745334684,8.377625024877489
illumination,0.5,twinlite,clips/0601/1495492524654518667/20.jpg,0.38723242706538563,0.5582805296507589,8.29470797907561
illumination,0.5,twinlite,clips/0601/1495492530652417826/20.jpg,0.12969091037104838,0.22960423808039887,9.750749915838242
illumination,0.5,twinlite,clips/0601/1495492536647945627/20.jpg,0.3367623754398216,0.5038477767284856,8.533333078958094
illumination,0.5,twinlite,clips/0601/1495492542645333836/20.jpg,0.12963531277172524,0.2295171039822508,8.840749971568584
illumination,0.5,twinlite,clips/0601/1495492548642776463/20.jpg,0.2390035966431331,0.38579968176149315,8.816792047582567
illumination,0.5,twinlite,clips/0601/1495492554641955081/20.jpg,0.32877722472413157,0.49485680309186403,8.26375000178814
illumination,0.4,classical,clips/0601/1494453497604532231/20.jpg,0.20167517669844304,0.3356567242281528,1.145582995377481
illumination,0.4,classical,clips/0601/1494453503601902751/20.jpg,0.007911601044331338,0.015698997880635283,1.3864999637007713
illumination,0.4,classical,clips/0601/1494453509599288720/20.jpg,0.0,nan,1.4365420211106539
illumination,0.4,classical,clips/0601/1494453515596795530/20.jpg,0.14319899244332493,0.2505233006499945,1.6895829467102885
illumination,0.4,classical,clips/0601/1494453521596643824/20.jpg,0.1620795107033639,0.27894736842105267,1.564500038512051
illumination,0.4,classical,clips/0601/1494453527591367337/20.jpg,0.0,nan,1.3845410430803895
illumination,0.4,classical,clips/0601/1494453533590270210/20.jpg,0.16671299127244427,0.28578235182008765,1.6473750583827496
illumination,0.4,classical,clips/0601/1494453539586188022/20.jpg,0.07975134926754048,0.14772169411344668,1.5491669764742255
illumination,0.4,classical,clips/0601/1494453545585907063/20.jpg,0.020871004988998063,0.04088862331675879,1.6313749365508556
illumination,0.4,classical,clips/0601/1494453551580996478/20.jpg,0.0,nan,1.3271248899400234
illumination,0.4,classical,clips/0601/1494453557578299956/20.jpg,0.11233836858006042,0.20198596353996912,1.7610830254852772
illumination,0.4,classical,clips/0601/1494453563575744757/20.jpg,0.28068922417641284,0.43834088532589754,1.804416999220848
illumination,0.4,classical,clips/0601/1494453569573067938/20.jpg,0.16785835001690025,0.28746354386980427,1.495000091381371
illumination,0.4,classical,clips/0601/1494453575572346547/20.jpg,0.059979968521963085,0.11317189060770497,1.3657920062541962
illumination,0.4,classical,clips/0601/1494453581567767982/20.jpg,0.0,nan,1.1761669302359223
illumination,0.4,classical,clips/0601/1494453587565069969/20.jpg,0.0,nan,1.3167919823899865
illumination,0.4,classical,clips/0601/1494453593562528307/20.jpg,0.06077023672902933,0.1145775675539677,1.422832952812314
illumination,0.4,classical,clips/0601/1494453599561987554/20.jpg,0.0,nan,1.1367079569026828
illumination,0.4,classical,clips/0601/1494453605557268031/20.jpg,0.015082743649742042,0.029717269343998223,1.2014159001410007
illumination,0.4,classical,clips/0601/1494453611554664747/20.jpg,0.01358957864265037,0.026814756049186834,1.484125037677586
illumination,0.4,classical,clips/0601/1494453617553424930/20.jpg,0.073878768509641,0.13759238133029117,1.431874930858612
illumination,0.4,classical,clips/0601/1494453623549421445/20.jpg,0.14717378583967233,0.2565849876563361,1.153583056293428
illumination,0.4,classical,clips/0601/1494453629547675743/20.jpg,0.208089467754788,0.3444934722285402,1.474625081755221
illumination,0.4,classical,clips/0601/1494453635544157546/20.jpg,0.10214254681819221,0.18535269709543567,1.5931670786812901
illumination,0.4,classical,clips/0601/1494453641541664519/20.jpg,0.1376575260260391,0.24200169713093134,1.5475830296054482
illumination,0.4,classical,clips/0601/1494453647538775071/20.jpg,0.2531176759931715,0.4039806968528482,1.5342499827966094
illumination,0.4,classical,clips/0601/1494453653536229036/20.jpg,0.0,nan,1.147290924564004
illumination,0.4,classical,clips/0601/1494453661532670510/20.jpg,0.0,nan,1.3185839634388685
illumination,0.4,classical,clips/0601/1494453667532618102/20.jpg,0.12065944283517505,0.21533650317516034,1.4507920714095235
illumination,0.4,classical,clips/0601/1494453673527450206/20.jpg,0.0,nan,1.2766249710693955
illumination,0.4,classical,clips/0601/1494453679527133712/20.jpg,0.09035618829433262,0.16573701193126392,1.299499999731779
illumination,0.4,classical,clips/0601/1494453685522315222/20.jpg,0.020983959377206846,0.04110536543592108,1.281208940781653
illumination,0.4,classical,clips/0601/1494453691519533853/20.jpg,0.00484077314062446,0.009634905887615704,1.18695804849267
illumination,0.4,classical,clips/0601/1494453697518974585/20.jpg,0.14389099167297503,0.25158165021044554,1.3737500412389636
illumination,0.4,classical,clips/0601/1494453703514316264/20.jpg,0.18329510703363913,0.3098045549991924,1.4888340374454856
illumination,0.4,classical,clips/0601/1494453709513778562/20.jpg,0.10138451103219887,0.18410375307926388,1.2905830517411232
illumination,0.4,classical,clips/0601/1494453715509045873/20.jpg,0.0,nan,1.300083938986063
illumination,0.4,classical,clips/0601/1494453721506443914/20.jpg,0.0,nan,0.8099999977275729
illumination,0.4,classical,clips/0601/1494453727503739315/20.jpg,0.0,nan,1.0421250481158495
illumination,0.4,classical,clips/0601/1494453733501172122/20.jpg,0.006087285483371737,0.012100909277363781,3.0149579979479313
illumination,0.4,classical,clips/0601/1494453739498514009/20.jpg,0.0,nan,0.9538331069052219
illumination,0.4,classical,clips/0601/1494453745495966700/20.jpg,0.11842757574873873,0.21177513558614935,1.005082973279059
illumination,0.4,classical,clips/0601/1494453751493293308/20.jpg,0.0,nan,1.2562499614432454
illumination,0.4,classical,clips/0601/1494453757490822445/20.jpg,0.0,nan,1.286791986785829
illumination,0.4,classical,clips/0601/1494453763488013443/20.jpg,0.00027878449958182325,0.0005574136008918618,1.3800830347463489
illumination,0.4,classical,clips/0601/1494453769487225684/20.jpg,0.0,nan,1.1277090525254607
illumination,0.4,classical,clips/0601/1494453775482792464/20.jpg,0.0,nan,1.1792500736191869
illumination,0.4,classical,clips/0601/1494453781480173619/20.jpg,0.0,nan,1.3572500320151448
illumination,0.4,classical,clips/0601/1494453787480034236/20.jpg,0.0,nan,1.410583034157753
illumination,0.4,classical,clips/0601/1494453793475579483/20.jpg,0.0,nan,1.2239170027896762
illumination,0.4,classical,clips/0601/1494453799472239703/20.jpg,0.0,nan,1.1646669590845704
illumination,0.4,classical,clips/0601/1494453805469700214/20.jpg,0.09266198566595117,0.16960777785176798,1.0177079821005464
illumination,0.4,classical,clips/0601/1494453811467016035/20.jpg,0.0,nan,1.284708036109805
illumination,0.4,classical,clips/0601/1494453817464323387/20.jpg,0.0,nan,1.1694170534610748
illumination,0.4,classical,clips/0601/1494453823461695785/20.jpg,0.0,nan,1.1824159882962704
illumination,0.4,classical,clips/0601/1494453829459036893/20.jpg,0.0,nan,1.3446660013869405
illumination,0.4,classical,clips/0601/1494453835456441057/20.jpg,0.0,nan,1.2412079377099872
illumination,0.4,classical,clips/0601/1494453841456411836/20.jpg,0.0,nan,1.1688750237226486
illumination,0.4,classical,clips/0601/1494453847451852161/20.jpg,0.0,nan,1.12529203761369
illumination,0.4,classical,clips/0601/1494453853451104735/20.jpg,0.13103555348548362,0.2317089910775566,1.2637079926207662
illumination,0.4,classical,clips/0601/1494453859446867209/20.jpg,0.02821065813273967,0.054873304238979674,1.3169159647077322
illumination,0.4,classical,clips/0601/1494453865443302705/20.jpg,0.15792946999381316,0.27277908384982547,1.3679589610546827
illumination,0.4,classical,clips/0601/1494453871443269121/20.jpg,0.07357932771269024,0.13707292197858237,1.2872079387307167
illumination,0.4,classical,clips/0601/1494453877438073356/20.jpg,0.1255971931919976,0.22316543422754256,1.3503750087693334
illumination,0.4,classical,clips/0601/1494453883436198482/20.jpg,0.1455247399936968,0.25407524589036384,1.2567919911816716
illumination,0.4,classical,clips/0601/1494453889432873365/20.jpg,0.11547152256263707,0.2070362536864369,1.370999962091446
illumination,0.4,classical,clips/0601/1494453895431227611/20.jpg,0.2172107368613919,0.35689914701455094,1.6436249716207385
illumination,0.4,classical,clips/0601/1494453901427565927/20.jpg,0.07511737089201878,0.13973799126637557,1.360874972306192
illumination,0.4,classical,clips/0601/1494453907426815473/20.jpg,0.12783934606617936,0.22669779434823514,1.4501669211313128
illumination,0.4,classical,clips/0601/1494453913422263611/20.jpg,0.22135767887401875,0.36247805651509146,1.5329999150708318
illumination,0.4,classical,clips/0601/1494453919420314205/20.jpg,0.27074208287379864,0.4261164976318596,1.421332941390574
illumination,0.4,classical,clips/0601/1495058507652622962/20.jpg,0.22694186229714827,0.3699309140406297,1.6695840749889612
illumination,0.4,classical,clips/0601/1495058515650447849/20.jpg,0.2873356799080526,0.4464036605100162,1.506833010353148
illumination,0.4,classical,clips/0601/1495058521646381547/20.jpg,0.12373723584338994,0.22022450070460176,1.4624580508098006
illumination,0.4,classical,clips/0601/1495058527645454477/20.jpg,0.07017375213284949,0.13114459589948577,1.6168750589713454
illumination,0.4,classical,clips/0601/1495058533641199011/20.jpg,0.11592430020867814,0.20776373484653082,1.631041057407856
illumination,0.4,classical,clips/0601/1495058539638866627/20.jpg,0.07747698020423012,0.14381185236930957,1.539583900012076
illumination,0.4,classical,clips/0601/1495058545635832279/20.jpg,0.0,nan,1.2619999470189214
illumination,0.4,classical,clips/0601/1495058551633359536/20.jpg,0.2684400303643725,0.4232601052290352,1.4692079275846481
illumination,0.4,classical,clips/0601/1495058557632067443/20.jpg,0.0,nan,1.3509159907698631
illumination,0.4,classical,clips/0601/1495058563627986766/20.jpg,0.17755923994959352,0.3015716473970246,1.5950830420479178
illumination,0.4,classical,clips/0601/1495058569626907953/20.jpg,0.11480792099684607,0.20596897247408574,1.4387500705197453
illumination,0.4,classical,clips/0601/1495058575622734256/20.jpg,0.2615140779414507,0.4146035030670313,1.6889999387785792
illumination,0.4,classical,clips/0601/1495058581620129503/20.jpg,0.03173719376391982,0.06152185644900161,1.5956669813022017
illumination,0.4,classical,clips/0601/1495058587617442669/20.jpg,0.09871282734132268,0.1796881312111174,1.549583044834435
illumination,0.4,classical,clips/0601/1495058593615616960/20.jpg,0.0751876161573388,0.13985952782093078,1.503166975453496
illumination,0.4,classical,clips/0601/1495058599612448574/20.jpg,0.10559770865785639,0.19102374730144303,1.6439579194411635
illumination,0.4,classical,clips/0601/1495058605609578659/20.jpg,0.1461281936822204,0.25499450146627567,1.6617090441286564
illumination,0.4,classical,clips/0601/1495058611609939176/20.jpg,0.10470706779904995,0.18956530803711039,1.4899169327691197
illumination,0.4,classical,clips/0601/1495058617604256196/20.jpg,0.1351595919710431,0.23813319805783026,1.0827500373125076
illumination,0.4,classical,clips/0601/1495058623602404204/20.jpg,0.12503490645071208,0.22227738132174993,1.6143330140039325
illumination,0.4,classical,clips/0601/1495058629599018470/20.jpg,0.1345646437994723,0.23720930232558138,1.3710419880226254
illumination,0.4,classical,clips/0601/1495058635596342127/20.jpg,0.2160579027099815,0.3553414721922321,1.6742500010877848
illumination,0.4,classical,clips/0601/1495058641593823148/20.jpg,0.1535584179026802,0.26623431552234594,1.788624911569059
illumination,0.4,classical,clips/0601/1495058647591446332/20.jpg,0.13702891104507456,0.24102977455362595,1.5527079813182354
illumination,0.4,classical,clips/0601/1495058653588446886/20.jpg,0.18392180331139038,0.31069924178601516,1.7863749526441097
illumination,0.4,classical,clips/0601/1495058659585835658/20.jpg,0.061635392411998356,0.1161140498000258,1.702666049823165
illumination,0.4,classical,clips/0601/1495058665583165347/20.jpg,0.10499368309063102,0.19003490191358768,1.4199999859556556
illumination,0.4,classical,clips/0601/1495058671580580478/20.jpg,0.12406299212598425,0.2207402841211578,1.6152090393006802
illumination,0.4,classical,clips/0601/1495058677578062974/20.jpg,0.10944537382576246,0.1972974540393203,1.4488750603049994
illumination,0.4,classical,clips/0601/1495058683578929172/20.jpg,0.12123189678973921,0.21624767746412663,1.587916980497539
illumination,0.4,classical,clips/0601/1495058689572753425/20.jpg,0.11636496046608406,0.20847118028050884,1.5549579402431846
illumination,0.4,classical,clips/0601/1495058695570408263/20.jpg,0.21272825993770184,0.35082593020241776,1.6428340459242463
illumination,0.4,classical,clips/0601/1495058701567358056/20.jpg,0.0984678624813154,0.17928219084878377,1.401374931447208
illumination,0.4,classical,clips/0601/1495058707565707879/20.jpg,0.15997890719164323,0.2758307176101309,1.0969169670715928
illumination,0.4,classical,clips/0601/1495058715562283498/20.jpg,0.05871905568610306,0.11092471675226469,1.653999905101955
illumination,0.4,classical,clips/0601/1495058721558633337/20.jpg,0.0007547625517012348,0.001508386629660915,1.7369580455124378
illumination,0.4,classical,clips/0601/1495058727556647955/20.jpg,0.05606960727616844,0.10618543870566273,1.7148751066997647
illumination,0.4,classical,clips/0601/1495058733553446687/20.jpg,0.15783846529814272,0.27264332638577427,1.2305420823395252
illumination,0.4,classical,clips/0601/1495058739553286402/20.jpg,0.0957391530267602,0.17474807350326022,1.6819589072838426
illumination,0.4,classical,clips/0601/1495058745548122682/20.jpg,0.054864273675906336,0.10402148417581672,1.158999977633357
illumination,0.4,classical,clips/0601/1495058751545486604/20.jpg,0.0,nan,1.3857090380042791
illumination,0.4,classical,clips/0601/1495058757543228003/20.jpg,0.10822287255408275,0.19530885931755812,1.4963330468162894
illumination,0.4,classical,clips/0601/1495058763540182973/20.jpg,0.008651574052900374,0.017154732665784996,1.1036669602617621
illumination,0.4,classical,clips/0601/1495058769540492239/20.jpg,0.0,nan,1.4169170754030347
illumination,0.4,classical,clips/0601/1495058775535017414/20.jpg,0.0,nan,1.6174580669030547
illumination,0.4,classical,clips/0601/1495058781534953658/20.jpg,0.12106748318924111,0.2159860757798902,1.2004160089418292
illumination,0.4,classical,clips/0601/1495058787529671793/20.jpg,0.2045013809719692,0.3395618871054301,1.614667009562254
illumination,0.4,classical,clips/0601/1495058793526969174/20.jpg,0.06938844655260037,0.12977220162848907,1.5038340352475643
illumination,0.4,classical,clips/0601/1495058799525818237/20.jpg,0.20165745856353592,0.33563218390804594,1.5580829931423068
illumination,0.4,classical,clips/0601/1495058805523198969/20.jpg,0.25651427679825245,0.4082950453247237,1.444916008040309
illumination,0.4,classical,clips/0601/1495058811520330339/20.jpg,0.19689153659267147,0.3290048104996802,1.4358330518007278
illumination,0.4,classical,clips/0601/1495058817516570927/20.jpg,0.060848439544010466,0.11471655568474087,1.2598750181496143
illumination,0.4,classical,clips/0601/1495058823515900521/20.jpg,0.05883671410960439,0.1111346316680779,1.1327499523758888
illumination,0.4,classical,clips/0601/1495058829511203058/20.jpg,0.19026203966005667,0.31969773599500195,1.3207090087234974
illumination,0.4,classical,clips/0601/1495058835510553015/20.jpg,0.3083793630273828,0.4713913590227253,1.2882909504696727
illumination,0.4,classical,clips/0601/1495058841505989452/20.jpg,0.16397507422270072,0.2817501471536284,1.5794170321896672
illumination,0.4,classical,clips/0601/1495058847507116852/20.jpg,0.0,nan,1.3232920318841934
illumination,0.4,classical,clips/0601/1495058853500724642/20.jpg,0.3387504648568241,0.5060696130448068,1.454666955396533
illumination,0.4,classical,clips/0601/1495058859498417310/20.jpg,0.17043967807160132,0.2912404308651176,1.5517080901190639
illumination,0.4,classical,clips/0601/1495058865495399571/20.jpg,0.15798249270529388,0.2728581713462923,1.484084059484303
illumination,0.4,classical,clips/0601/1495058871492888869/20.jpg,0.24992552874590407,0.3999046711153479,1.6160419909283519
illumination,0.4,classical,clips/0601/1495058877492091924/20.jpg,0.1377401129943503,0.24212930777634323,1.490207971073687
illumination,0.4,classical,clips/0601/1495058883487530264/20.jpg,0.16545030193013002,0.28392510887186495,1.5719590010121465
illumination,0.4,classical,clips/0601/1495058889484921618/20.jpg,0.3087050862417712,0.47177181396655893,1.618709065951407
illumination,0.4,classical,clips/0601/1495058895482305544/20.jpg,0.2511664351604516,0.4014916450795639,1.5842919237911701
illumination,0.4,classical,clips/0601/1495058901481630657/20.jpg,0.11234657039711192,0.20199922108269505,1.5534160193055868
illumination,0.4,classical,clips/0601/1495058907477059235/20.jpg,0.14414747300570677,0.2519735897803933,1.57812493853271
illumination,0.4,classical,clips/0601/1495058913475711516/20.jpg,0.10430039701680828,0.18889859552449434,1.426875009201467
illumination,0.4,classical,clips/0601/1495058919475143504/20.jpg,0.2436080077978556,0.3917761967924756,1.5965420752763748
illumination,0.4,classical,clips/0601/1495058925469436408/20.jpg,0.17377105534547954,0.2960902035437107,1.6372079262509942
illumination,0.4,classical,clips/0601/1495058931466470327/20.jpg,0.13920727649190268,0.24439323618188308,1.3930409913882613
illumination,0.4,classical,clips/0601/1495058937463794073/20.jpg,0.15780619111709288,0.27259517582098225,1.3833330012857914
illumination,0.4,classical,clips/0601/1495058943463632446/20.jpg,0.13863590366322606,0.24351226448631355,1.4350840356200933
illumination,0.4,classical,clips/0601/1495058949458758174/20.jpg,0.14729881279245138,0.2567749764055548,1.4128329930827022
illumination,0.4,classical,clips/0601/1495485009641442407/20.jpg,0.05847839265610115,0.11049520341999222,1.220540958456695
illumination,0.4,classical,clips/0601/1495485015638767825/20.jpg,0.021402071583281508,0.04190724138655021,1.3775420375168324
illumination,0.4,classical,clips/0601/1495485021636199888/20.jpg,0.0,nan,1.4053749619051814
illumination,0.4,classical,clips/0601/1495485027633718711/20.jpg,0.023174481168332053,0.04529917740299741,1.5581250190734863
illumination,0.4,classical,clips/0601/1495485033630861236/20.jpg,0.14889172251010607,0.25919191442132855,1.6420000465586782
illumination,0.4,classical,clips/0601/1495485039628271607/20.jpg,0.11161813704186585,0.20082100736300254,1.3981249649077654
illumination,0.4,classical,clips/0601/1495485045626852826/20.jpg,0.11326501795295921,0.20348257804997374,1.7724999925121665
illumination,0.4,classical,clips/0601/1495485051623004273/20.jpg,0.06802052159042325,0.12737680637284335,1.5048750210553408
illumination,0.4,classical,clips/0601/1495485057620656604/20.jpg,0.002419829028902257,0.004827975183305133,1.5064169419929385
illumination,0.4,classical,clips/0601/1495485063617750112/20.jpg,0.08228044509464912,0.15205013722197191,1.6101669752970338
illumination,0.4,classical,clips/0601/1495485069617812641/20.jpg,0.11708715596330276,0.20962940149881942,1.4680000022053719
illumination,0.4,classical,clips/0601/1495485075612519689/20.jpg,0.15347391892212445,0.2661073066403439,1.4278750168159604
illumination,0.4,classical,clips/0601/1495485081611855219/20.jpg,0.07700319916672867,0.14299530256977064,1.5062910970300436
illumination,0.4,classical,clips/0601/1495485087607351973/20.jpg,0.010798983625070582,0.021367222959290548,1.3139999937266111
illumination,0.4,classical,clips/0601/1495485093604646206/20.jpg,0.07785433704681563,0.14446170390727686,1.6346669290214777
illumination,0.4,classical,clips/0601/1495485099601922885/20.jpg,0.0,nan,1.5737500507384539
illumination,0.4,classical,clips/0601/1495485105599385453/20.jpg,0.030173733353742536,0.05857989264686762,1.620875089429319
illumination,0.4,classical,clips/0601/1495485111599411627/20.jpg,0.0007814069790806189,0.0015615937179315575,1.5770840691402555
illumination,0.4,classical,clips/0601/1495485117594185994/20.jpg,0.127853588741538,0.22672018782898473,1.563666039146483
illumination,0.4,classical,clips/0601/1495485123591495860/20.jpg,0.007917064239110812,0.015709753351755194,1.4618750428780913
illumination,0.4,classical,clips/0601/1495485129589080069/20.jpg,0.018493695331137112,0.036315777733163794,1.4721659244969487
illumination,0.4,classical,clips/0601/1495485135586245515/20.jpg,0.02475005837277918,0.04830457567785902,1.410541939549148
illumination,0.4,classical,clips/0601/1495485141585513338/20.jpg,0.0002873740172834945,0.000574582914366625,1.2056250125169754
illumination,0.4,classical,clips/0601/1495485147581014946/20.jpg,0.18380289991748203,0.31052956523470954,1.2157500023022294
illumination,0.4,classical,clips/0601/1495485153579251831/20.jpg,0.046510629160403695,0.08888706500328299,1.4973749639466405
illumination,0.4,classical,clips/0601/1495485159575742672/20.jpg,0.03633773468563288,0.07012720558063192,1.7210840014740825
illumination,0.4,classical,clips/0601/1495485165575366989/20.jpg,0.08040817174803085,0.14884776670642097,1.5535830752924085
illumination,0.4,classical,clips/0601/1495485171570457961/20.jpg,0.03213173539681042,0.06226285714285714,1.523833954706788
illumination,0.4,classical,clips/0601/1495485177570314287/20.jpg,0.07074483026858834,0.1321413436118903,1.5823330031707883
illumination,0.4,classical,clips/0601/1495485183565129358/20.jpg,0.1282221319015124,0.2272994444549781,1.5702079981565475
illumination,0.4,classical,clips/0601/1495485189564879401/20.jpg,0.12422117579321831,0.22099063505999417,1.5147909289225936
illumination,0.4,classical,clips/0601/1495485195559966192/20.jpg,0.03451357562345732,0.06672425850508042,1.6223749844357371
illumination,0.4,classical,clips/0601/1495485201558641598/20.jpg,0.15294773316532992,0.2653159874739917,1.6721670981496572
illumination,0.4,classical,clips/0601/1495485207554693841/20.jpg,0.051614973262032085,0.09816325285275512,1.463458058424294
illumination,0.4,classical,clips/0601/1495485213552150385/20.jpg,0.03491125767105498,0.06746715220707641,1.4617920387536287
illumination,0.4,classical,clips/0601/1495485219551850010/20.jpg,0.1158371040723982,0.20762368207623683,1.4946250012144446
illumination,0.4,classical,clips/0601/1495485225546895923/20.jpg,0.034493297821246126,0.06668636306081965,1.4788750559091568
illumination,0.4,classical,clips/0601/1495485231544226883/20.jpg,0.10367330462863295,0.18786955196586408,1.3144590193405747
illumination,0.4,classical,clips/0601/1495485237541517645/20.jpg,0.14126345829549877,0.24755626278699705,1.763500040397048
illumination,0.4,classical,clips/0601/1495485243539258908/20.jpg,0.06196933526936234,0.1167064494449723,1.5496660489588976
illumination,0.4,classical,clips/0601/1495485249536332511/20.jpg,0.009731156193303645,0.019274746814766416,1.6395830316469073
illumination,0.4,classical,clips/0601/1495485255533685610/20.jpg,0.0360756417620289,0.06963901149278236,1.5523330075666308
illumination,0.4,classical,clips/0601/1495485261533592244/20.jpg,0.09190855798292055,0.16834478915103102,1.7307080561295152
illumination,0.4,classical,clips/0601/1495485267528430709/20.jpg,0.023592962678281662,0.04609832919630379,1.479750033468008
illumination,0.4,classical,clips/0601/1495485273526142378/20.jpg,0.04432310219055948,0.08488388717550703,1.0573749896138906
illumination,0.4,classical,clips/0601/1495485279523114914/20.jpg,0.15427052176802925,0.2673039272140965,1.7335829325020313
illumination,0.4,classical,clips/0601/1495485285520576618/20.jpg,0.07497652224675753,0.13949425070242957,1.7138330731540918
illumination,0.4,classical,clips/0601/1495492512658106755/20.jpg,0.0,nan,1.52449996676296
illumination,0.4,classical,clips/0601/1495492518657921956/20.jpg,0.08129423192562098,0.15036468248026863,1.373582985252142
illumination,0.4,classical,clips/0601/1495492524654518667/20.jpg,0.14630989487030482,0.25527110168905687,3.9561670273542404
illumination,0.4,classical,clips/0601/1495492530652417826/20.jpg,0.09466038025145661,0.17294931278998513,1.8851249478757381
illumination,0.4,classical,clips/0601/1495492536647945627/20.jpg,0.039394887379335004,0.07580350424594218,1.5355419600382447
illumination,0.4,classical,clips/0601/1495492542645333836/20.jpg,0.020292920424614894,0.03977861654899967,1.6033750725910068
illumination,0.4,classical,clips/0601/1495492548642776463/20.jpg,0.02901438675630105,0.056392577459993196,1.527707907371223
illumination,0.4,classical,clips/0601/1495492554641955081/20.jpg,0.04154185388583791,0.07976991751383092,1.5739590162411332
illumination,0.4,twinlite,clips/0601/1494453497604532231/20.jpg,0.5511836297980474,0.7106619992757497,31.44591604359448
illumination,0.4,twinlite,clips/0601/1494453503601902751/20.jpg,0.45757567079980527,0.6278585461689588,9.127624914981425
illumination,0.4,twinlite,clips/0601/1494453509599288720/20.jpg,0.21618082292239596,0.35550769893399375,9.056000038981438
illumination,0.4,twinlite,clips/0601/1494453515596795530/20.jpg,0.29455426986229477,0.45506670012934614,8.263958967290819
illumination,0.4,twinlite,clips/0601/1494453521596643824/20.jpg,0.31945458972486,0.48422218121424615,8.487415965646505
illumination,0.4,twinlite,clips/0601/1494453527591367337/20.jpg,0.3853578583136041,0.5563296963323255,8.296749903820455
illumination,0.4,twinlite,clips/0601/1494453533590270210/20.jpg,0.5235343651093237,0.6872629552688254,8.483957964926958
illumination,0.4,twinlite,clips/0601/1494453539586188022/20.jpg,0.36145645997862746,0.5309849717622284,9.08354192506522
illumination,0.4,twinlite,clips/0601/1494453545585907063/20.jpg,0.2515192791282481,0.40194231654736484,8.619916974566877
illumination,0.4,twinlite,clips/0601/1494453551580996478/20.jpg,0.24035295004902085,0.3875557357113903,8.223875076510012
illumination,0.4,twinlite,clips/0601/1494453557578299956/20.jpg,0.3234430154772778,0.48879024135487004,8.745125029236078
illumination,0.4,twinlite,clips/0601/1494453563575744757/20.jpg,0.45816900226567087,0.6284168728779421,8.988916990347207
illumination,0.4,twinlite,clips/0601/1494453569573067938/20.jpg,0.4672894874152111,0.6369424594438987,8.00037500448525
illumination,0.4,twinlite,clips/0601/1494453575572346547/20.jpg,0.36444699379464984,0.5342046931132004,9.046624996699393
illumination,0.4,twinlite,clips/0601/1494453581567767982/20.jpg,0.34500578688127476,0.5130175501791039,8.856375003233552
illumination,0.4,twinlite,clips/0601/1494453587565069969/20.jpg,0.32533052686969677,0.49094247853491496,7.8284170012921095
illumination,0.4,twinlite,clips/0601/1494453593562528307/20.jpg,0.28969084013331803,0.4492407499821772,9.50170902069658
illumination,0.4,twinlite,clips/0601/1494453599561987554/20.jpg,0.3468844807467911,0.5150916588695984,7.787041016854346
illumination,0.4,twinlite,clips/0601/1494453605557268031/20.jpg,0.44845066028907143,0.6192142716129148,9.074790985323489
illumination,0.4,twinlite,clips/0601/1494453611554664747/20.jpg,0.4049471468772909,0.576458904916598,8.658917038701475
illumination,0.4,twinlite,clips/0601/1494453617553424930/20.jpg,0.34157069548561025,0.5092101320265816,8.847208111546934
illumination,0.4,twinlite,clips/0601/1494453623549421445/20.jpg,0.43074079519438785,0.6021227557656454,9.751625009812415
illumination,0.4,twinlite,clips/0601/1494453629547675743/20.jpg,0.31936244195001284,0.48411631526814775,8.772833039984107
illumination,0.4,twinlite,clips/0601/1494453635544157546/20.jpg,0.23437152885768872,0.3797422791735656,9.613041998818517
illumination,0.4,twinlite,clips/0601/1494453641541664519/20.jpg,0.23752418719094145,0.38386997143077756,8.005417068488896
illumination,0.4,twinlite,clips/0601/1494453647538775071/20.jpg,0.4400238981071613,0.6111341606004602,9.278042009100318
illumination,0.4,twinlite,clips/0601/1494453653536229036/20.jpg,0.27607080124307526,0.432688846064251,9.068332961760461
illumination,0.4,twinlite,clips/0601/1494453661532670510/20.jpg,0.47932741301499493,0.6480342469123652,8.007291005924344
illumination,0.4,twinlite,clips/0601/1494453667532618102/20.jpg,0.5361106309420917,0.6980104429240187,7.718749926425517
illumination,0.4,twinlite,clips/0601/1494453673527450206/20.jpg,0.4246749673247575,0.5961710243596244,9.352375054731965
illumination,0.4,twinlite,clips/0601/1494453679527133712/20.jpg,0.39510252249594335,0.5664136020470742,7.820333004929125
illumination,0.4,twinlite,clips/0601/1494453685522315222/20.jpg,0.2135732938992543,0.35197428119571694,9.435584070160985
illumination,0.4,twinlite,clips/0601/1494453691519533853/20.jpg,0.2501952303718388,0.4002498558523928,7.834415999241173
illumination,0.4,twinlite,clips/0601/1494453697518974585/20.jpg,0.205667215815486,0.3411674682990818,8.032249985262752
illumination,0.4,twinlite,clips/0601/1494453703514316264/20.jpg,0.2758231844835363,0.43238465617818633,8.709041052497923
illumination,0.4,twinlite,clips/0601/1494453709513778562/20.jpg,0.1899304903250047,0.31922955478370696,8.169583044946194
illumination,0.4,twinlite,clips/0601/1494453715509045873/20.jpg,0.46274667740636327,0.6327092511013216,7.779707899317145
illumination,0.4,twinlite,clips/0601/1494453721506443914/20.jpg,0.5163139875427959,0.6810119695321001,8.839000016450882
illumination,0.4,twinlite,clips/0601/1494453727503739315/20.jpg,0.29547448457376807,0.45616411298287196,7.671416969969869
illumination,0.4,twinlite,clips/0601/1494453733501172122/20.jpg,0.247228144989339,0.39644414052483123,9.56337503157556
illumination,0.4,twinlite,clips/0601/1494453739498514009/20.jpg,0.5335784497636378,0.6958606517271748,9.000750025734305
illumination,0.4,twinlite,clips/0601/1494453745495966700/20.jpg,0.2843202416918429,0.44275599256662984,8.280583075247705
illumination,0.4,twinlite,clips/0601/1494453751493293308/20.jpg,0.23440782926020126,0.3797899263174397,8.707916014827788
illumination,0.4,twinlite,clips/0601/1494453757490822445/20.jpg,0.23057933378218076,0.37474923794388143,9.35866602230817
illumination,0.4,twinlite,clips/0601/1494453763488013443/20.jpg,0.3496375560925095,0.5181206680477761,9.381209034472704
illumination,0.4,twinlite,clips/0601/1494453769487225684/20.jpg,0.44134678068796257,0.6124088756451871,8.054374950006604
illumination,0.4,twinlite,clips/0601/1494453775482792464/20.jpg,0.46773987070345,0.6373607204378449,8.277832996100187
illumination,0.4,twinlite,clips/0601/1494453781480173619/20.jpg,0.3934139630860942,0.5646763610933996,8.68787500075996
illumination,0.4,twinlite,clips/0601/1494453787480034236/20.jpg,0.4168091267487702,0.5883772469835016,9.214499965310097
illumination,0.4,twinlite,clips/0601/1494453793475579483/20.jpg,0.45412350079833647,0.6246010061030106,7.93695799075067
illumination,0.4,twinlite,clips/0601/1494453799472239703/20.jpg,0.35758920317988535,0.5268003050441223,8.346999995410442
illumination,0.4,twinlite,clips/0601/1494453805469700214/20.jpg,0.3720305787212535,0.5423065411092948,8.720166981220245
illumination,0.4,twinlite,clips/0601/1494453811467016035/20.jpg,0.2725880551301684,0.42839951865222625,7.959250011481345
illumination,0.4,twinlite,clips/0601/1494453817464323387/20.jpg,0.49001314481741526,0.657729962345347,8.224249933846295
illumination,0.4,twinlite,clips/0601/1494453823461695785/20.jpg,0.5359247506799637,0.697852873902457,8.16354202106595
illumination,0.4,twinlite,clips/0601/1494453829459036893/20.jpg,0.48317360565593087,0.6515401889750435,7.988083059899509
illumination,0.4,twinlite,clips/0601/1494453835456441057/20.jpg,0.4300454454511676,0.6014430475885917,8.977374993264675
illumination,0.4,twinlite,clips/0601/1494453841456411836/20.jpg,0.5651902453356838,0.7222000610085177,9.118207963183522
illumination,0.4,twinlite,clips/0601/1494453847451852161/20.jpg,0.478796387887297,0.6475487657517693,7.952124928124249
illumination,0.4,twinlite,clips/0601/1494453853451104735/20.jpg,0.5368676436838137,0.698651762095742,9.317749994806945
illumination,0.4,twinlite,clips/0601/1494453859446867209/20.jpg,0.5118166034794317,0.6770882159932502,7.913916953839362
illumination,0.4,twinlite,clips/0601/1494453865443302705/20.jpg,0.4957083146738319,0.6628408892437436,9.320167009718716
illumination,0.4,twinlite,clips/0601/1494453871443269121/20.jpg,0.600735320111712,0.7505742049469964,8.705875021405518
illumination,0.4,twinlite,clips/0601/1494453877438073356/20.jpg,0.4270510657874559,0.5985084570912764,7.801707950420678
illumination,0.4,twinlite,clips/0601/1494453883436198482/20.jpg,0.5070757084072128,0.6729266560113656,8.907250012271106
illumination,0.4,twinlite,clips/0601/1494453889432873365/20.jpg,0.43440424560602603,0.6056929166749546,8.527457946911454
illumination,0.4,twinlite,clips/0601/1494453895431227611/20.jpg,0.46613649358074744,0.6358705285921934,8.520082919858396
illumination,0.4,twinlite,clips/0601/1494453901427565927/20.jpg,0.5131186889587817,0.678226622541914,8.855750085785985
illumination,0.4,twinlite,clips/0601/1494453907426815473/20.jpg,0.4472259810554804,0.6180458158017764,7.9630420077592134
illumination,0.4,twinlite,clips/0601/1494453913422263611/20.jpg,0.6441150472564086,0.7835401157981804,8.777874987572432
illumination,0.4,twinlite,clips/0601/1494453919420314205/20.jpg,0.7573073198723237,0.8618951407171574,9.62004205211997
illumination,0.4,twinlite,clips/0601/1495058507652622962/20.jpg,0.27279670585109916,0.42865715254767933,8.211374981328845
illumination,0.4,twinlite,clips/0601/1495058515650447849/20.jpg,0.3956180239768499,0.5669431279620853,9.032416972331703
illumination,0.4,twinlite,clips/0601/1495058521646381547/20.jpg,0.2697475098447996,0.4248836997172307,9.474333026446402
illumination,0.4,twinlite,clips/0601/1495058527645454477/20.jpg,0.3137673982171715,0.47766050313467184,7.994583924300969
illumination,0.4,twinlite,clips/0601/1495058533641199011/20.jpg,0.35176572801144784,0.520453686200378,8.560999995097518
illumination,0.4,twinlite,clips/0601/1495058539638866627/20.jpg,0.35387004237176617,0.5227533386466575,8.9791250647977
illumination,0.4,twinlite,clips/0601/1495058545635832279/20.jpg,0.4019775073000087,0.5734435897964654,7.806791923940182
illumination,0.4,twinlite,clips/0601/1495058551633359536/20.jpg,0.5193895870736086,0.6836819094883612,9.325291961431503
illumination,0.4,twinlite,clips/0601/1495058557632067443/20.jpg,0.5423777109387368,0.7033007636094917,8.651374955661595
illumination,0.4,twinlite,clips/0601/1495058563627986766/20.jpg,0.48690642045857047,0.6549254395019771,8.279375033453107
illumination,0.4,twinlite,clips/0601/1495058569626907953/20.jpg,0.3610743332702856,0.5305725403001668,8.972582989372313
illumination,0.4,twinlite,clips/0601/1495058575622734256/20.jpg,0.3845526687683444,0.5554901268009264,9.193292004056275
illumination,0.4,twinlite,clips/0601/1495058581620129503/20.jpg,0.36320682489336104,0.532871194980664,8.162499987520278
illumination,0.4,twinlite,clips/0601/1495058587617442669/20.jpg,0.41490548811415817,0.5864780249982076,8.357582963071764
illumination,0.4,twinlite,clips/0601/1495058593615616960/20.jpg,0.3079111857449389,0.4708441813188773,9.926917031407356
illumination,0.4,twinlite,clips/0601/1495058599612448574/20.jpg,0.3428332537028189,0.5106118019604703,7.775167003273964
illumination,0.4,twinlite,clips/0601/1495058605609578659/20.jpg,0.3029818181818182,0.46505916499218575,9.31554101407528
illumination,0.4,twinlite,clips/0601/1495058611609939176/20.jpg,0.45847416706904875,0.6287038569773217,9.125665994361043
illumination,0.4,twinlite,clips/0601/1495058617604256196/20.jpg,0.47239282005637145,0.6416668345860116,9.360166965052485
illumination,0.4,twinlite,clips/0601/1495058623602404204/20.jpg,0.5158302063789869,0.6805910110621181,7.80349993146956
illumination,0.4,twinlite,clips/0601/1495058629599018470/20.jpg,0.42102217348927873,0.592562426320866,8.096999954432249
illumination,0.4,twinlite,clips/0601/1495058635596342127/20.jpg,0.5203158945452411,0.684483923916192,9.267291985452175
illumination,0.4,twinlite,clips/0601/1495058641593823148/20.jpg,0.3541361988936224,0.5230436926255487,8.37249995674938
illumination,0.4,twinlite,clips/0601/1495058647591446332/20.jpg,0.30190752585162434,0.4637925810500801,8.22691700886935
illumination,0.4,twinlite,clips/0601/1495058653588446886/20.jpg,0.3450023531115375,0.513013753936425,8.546125027351081
illumination,0.4,twinlite,clips/0601/1495058659585835658/20.jpg,0.2606199770378875,0.4134790528233151,7.6728330459445715
illumination,0.4,twinlite,clips/0601/1495058665583165347/20.jpg,0.2918984888186941,0.4518907504653941,9.330166038125753
illumination,0.4,twinlite,clips/0601/1495058671580580478/20.jpg,0.3636428317324795,0.5333402900970469,8.857083972543478
illumination,0.4,twinlite,clips/0601/1495058677578062974/20.jpg,0.35653711404341704,0.5256577359401401,8.370124967768788
illumination,0.4,twinlite,clips/0601/1495058683578929172/20.jpg,0.2736619292410039,0.42972459639126304,8.97466589231044
illumination,0.4,twinlite,clips/0601/1495058689572753425/20.jpg,0.19554531063404337,0.32712321129901506,9.170374949462712
illumination,0.4,twinlite,clips/0601/1495058695570408263/20.jpg,0.17867019357941566,0.3031724982148322,9.378415998071432
illumination,0.4,twinlite,clips/0601/1495058701567358056/20.jpg,0.39434785439864556,0.5656376967262878,8.12841602601111
illumination,0.4,twinlite,clips/0601/1495058707565707879/20.jpg,0.2942057262126231,0.4546506328226343,8.136790944263339
illumination,0.4,twinlite,clips/0601/1495058715562283498/20.jpg,0.3002209986140765,0.46179995390643,8.436666103079915
illumination,0.4,twinlite,clips/0601/1495058721558633337/20.jpg,0.34510716866019103,0.5131296252088804,8.982000057585537
illumination,0.4,twinlite,clips/0601/1495058727556647955/20.jpg,0.3141648270787344,0.47812088804277836,7.9772500321269035
illumination,0.4,twinlite,clips/0601/1495058733553446687/20.jpg,0.4004344419913112,0.5718717420601622,8.949792012572289
illumination,0.4,twinlite,clips/0601/1495058739553286402/20.jpg,0.39271255060728744,0.563953488372093,9.344207937829196
illumination,0.4,twinlite,clips/0601/1495058745548122682/20.jpg,0.30936179818762294,0.47253829860598,9.20724996831268
illumination,0.4,twinlite,clips/0601/1495058751545486604/20.jpg,0.3291284006238087,0.49525448477263245,8.726041996851563
illumination,0.4,twinlite,clips/0601/1495058757543228003/20.jpg,0.33279805873746565,0.49939757423224185,8.691875031217933
illumination,0.4,twinlite,clips/0601/1495058763540182973/20.jpg,0.4049151064801362,0.57642643973643,9.120250004343688
illumination,0.4,twinlite,clips/0601/1495058769540492239/20.jpg,0.1781354230756776,0.30240228684514314,8.402500068768859
illumination,0.4,twinlite,clips/0601/1495058775535017414/20.jpg,0.25111595905353246,0.40142715347265073,8.553749998100102
illumination,0.4,twinlite,clips/0601/1495058781534953658/20.jpg,0.17336936364118052,0.29550688643034545,8.883459027856588
illumination,0.4,twinlite,clips/0601/1495058787529671793/20.jpg,0.513077208294116,0.6781903864278982,9.530582930892706
illumination,0.4,twinlite,clips/0601/1495058793526969174/20.jpg,0.4790472290472291,0.6477781366803562,8.362040971405804
illumination,0.4,twinlite,clips/0601/1495058799525818237/20.jpg,0.30425492133871096,0.4665574441941429,8.874458028003573
illumination,0.4,twinlite,clips/0601/1495058805523198969/20.jpg,0.4472671775142285,0.6180851531262357,8.255708031356335
illumination,0.4,twinlite,clips/0601/1495058811520330339/20.jpg,0.37904820250062654,0.5497243704945177,8.592208963818848
illumination,0.4,twinlite,clips/0601/1495058817516570927/20.jpg,0.44129660858160014,0.6123605730480226,9.361500036902726
illumination,0.4,twinlite,clips/0601/1495058823515900521/20.jpg,0.500511013215859,0.667120745942645,8.57241591438651
illumination,0.4,twinlite,clips/0601/1495058829511203058/20.jpg,0.5904476933565639,0.7424924388559454,9.272166993469
illumination,0.4,twinlite,clips/0601/1495058835510553015/20.jpg,0.5838648168847393,0.7372659720204243,8.49249993916601
illumination,0.4,twinlite,clips/0601/1495058841505989452/20.jpg,0.5088120989365228,0.6744538956111976,7.957750000059605
illumination,0.4,twinlite,clips/0601/1495058847507116852/20.jpg,0.5428984144047299,0.7037383788020641,8.339999942108989
illumination,0.4,twinlite,clips/0601/1495058853500724642/20.jpg,0.6763603806744702,0.8069391146101199,9.778458043001592
illumination,0.4,twinlite,clips/0601/1495058859498417310/20.jpg,0.667200334122233,0.800384117573379,7.791958982124925
illumination,0.4,twinlite,clips/0601/1495058865495399571/20.jpg,0.6069880381995372,0.7554356644491319,9.48245800100267
illumination,0.4,twinlite,clips/0601/1495058871492888869/20.jpg,0.5978798104782357,0.7483414041000918,8.787250029854476
illumination,0.4,twinlite,clips/0601/1495058877492091924/20.jpg,0.5373747752376059,0.6990810359231412,7.856416050344706
illumination,0.4,twinlite,clips/0601/1495058883487530264/20.jpg,0.5292989697422731,0.6922112421634258,9.059167001396418
illumination,0.4,twinlite,clips/0601/1495058889484921618/20.jpg,0.5964244842411308,0.7472003719920951,9.168082964606583
illumination,0.4,twinlite,clips/0601/1495058895482305544/20.jpg,0.5952175860524411,0.7462525379066051,7.822749903425574
illumination,0.4,twinlite,clips/0601/1495058901481630657/20.jpg,0.6175772825305536,0.7635830314881892,9.023499907925725
illumination,0.4,twinlite,clips/0601/1495058907477059235/20.jpg,0.5487317392252344,0.7086207705664272,8.407292072661221
illumination,0.4,twinlite,clips/0601/1495058913475711516/20.jpg,0.5243153357993687,0.6879355255248569,7.713667000643909
illumination,0.4,twinlite,clips/0601/1495058919475143504/20.jpg,0.6411661325338571,0.7813543307086613,9.936208021827042
illumination,0.4,twinlite,clips/0601/1495058925469436408/20.jpg,0.4941870039192438,0.6614794568859108,8.11812502797693
illumination,0.4,twinlite,clips/0601/1495058931466470327/20.jpg,0.539111345763748,0.7005488553477287,9.242207976058125
illumination,0.4,twinlite,clips/0601/1495058937463794073/20.jpg,0.6317525910620855,0.7743239931378155,8.873499929904938
illumination,0.4,twinlite,clips/0601/1495058943463632446/20.jpg,0.5441010756359911,0.7047480041575445,7.930374937132001
illumination,0.4,twinlite,clips/0601/1495058949458758174/20.jpg,0.5048678720445062,0.6709796672828096,8.021375047974288
illumination,0.4,twinlite,clips/0601/1495485009641442407/20.jpg,0.3041601173635125,0.46644597287394746,9.345458005554974
illumination,0.4,twinlite,clips/0601/1495485015638767825/20.jpg,0.26977849858923375,0.4249221401826644,10.647083981893957
illumination,0.4,twinlite,clips/0601/1495485021636199888/20.jpg,0.3018626976088775,0.4637396833987282,9.870875044725835
illumination,0.4,twinlite,clips/0601/1495485027633718711/20.jpg,0.5089014744187158,0.6745324105601571,9.431458078324795
illumination,0.4,twinlite,clips/0601/1495485033630861236/20.jpg,0.40801617298057485,0.5795617703976528,9.264082997106016
illumination,0.4,twinlite,clips/0601/1495485039628271607/20.jpg,0.3692439199249986,0.5393398715186177,9.116041008383036
illumination,0.4,twinlite,clips/0601/1495485045626852826/20.jpg,0.4194167935355428,0.5909705950298669,8.456625044345856
illumination,0.4,twinlite,clips/0601/1495485051623004273/20.jpg,0.4053456778635898,0.5768625957989175,8.487417013384402
illumination,0.4,twinlite,clips/0601/1495485057620656604/20.jpg,0.27155281213428484,0.42711998989406813,9.25537501461804
illumination,0.4,twinlite,clips/0601/1495485063617750112/20.jpg,0.21068555164608593,0.34804338973011,8.075457997620106
illumination,0.4,twinlite,clips/0601/1495485069617812641/20.jpg,0.2527658266748617,0.4035324420458727,9.487791918218136
illumination,0.4,twinlite,clips/0601/1495485075612519689/20.jpg,0.3691797303927295,0.539271393225834,9.427041979506612
illumination,0.4,twinlite,clips/0601/1495485081611855219/20.jpg,0.3755329835919187,0.5460181443432819,8.076166035607457
illumination,0.4,twinlite,clips/0601/1495485087607351973/20.jpg,0.38086354598787403,0.5516309661363435,8.821874973364174
illumination,0.4,twinlite,clips/0601/1495485093604646206/20.jpg,0.3648252976771423,0.5346109839816934,9.275041986256838
illumination,0.4,twinlite,clips/0601/1495485099601922885/20.jpg,0.0,nan,9.380375035107136
illumination,0.4,twinlite,clips/0601/1495485105599385453/20.jpg,0.3629627881733878,0.5326085074704385,9.118375019170344
illumination,0.4,twinlite,clips/0601/1495485111599411627/20.jpg,0.29753180225005516,0.4586119611621141,9.187832940369844
illumination,0.4,twinlite,clips/0601/1495485117594185994/20.jpg,0.22166758696852568,0.36289345699770387,9.167375043034554
illumination,0.4,twinlite,clips/0601/1495485123591495860/20.jpg,0.3737030551707916,0.5440812754461398,9.034625021740794
illumination,0.4,twinlite,clips/0601/1495485129589080069/20.jpg,0.24798500468603563,0.3974166416341243,7.681666989810765
illumination,0.4,twinlite,clips/0601/1495485135586245515/20.jpg,0.3526411016736191,0.5214111876939083,9.321416961029172
illumination,0.4,twinlite,clips/0601/1495485141585513338/20.jpg,0.31016451374131465,0.47347414845729063,8.33304098341614
illumination,0.4,twinlite,clips/0601/1495485147581014946/20.jpg,0.3018918198774314,0.4637740483012689,8.74900002963841
illumination,0.4,twinlite,clips/0601/1495485153579251831/20.jpg,0.033034670821971174,0.06395655780978958,8.009874960407615
illumination,0.4,twinlite,clips/0601/1495485159575742672/20.jpg,0.33645042839657285,0.5034985529545372,8.147625019773841
illumination,0.4,twinlite,clips/0601/1495485165575366989/20.jpg,0.267002461997154,0.4214711020786537,9.031333029270172
illumination,0.4,twinlite,clips/0601/1495485171570457961/20.jpg,0.27596328565438194,0.432556780836924,9.106749901548028
illumination,0.4,twinlite,clips/0601/1495485177570314287/20.jpg,0.3157600856172351,0.47996605014676236,8.339499938301742
illumination,0.4,twinlite,clips/0601/1495485183565129358/20.jpg,0.25384770481887226,0.404909948542024,9.073292021639645
illumination,0.4,twinlite,clips/0601/1495485189564879401/20.jpg,0.3252946901697848,0.49090167278661767,8.64283402916044
illumination,0.4,twinlite,clips/0601/1495485195559966192/20.jpg,0.26923342461970406,0.4242457209167391,8.128583081997931
illumination,0.4,twinlite,clips/0601/1495485201558641598/20.jpg,0.3475070343275183,0.5157776923976413,8.047542069107294
illumination,0.4,twinlite,clips/0601/1495485207554693841/20.jpg,0.2903761061946903,0.4500642948992713,8.095624973066151
illumination,0.4,twinlite,clips/0601/1495485213552150385/20.jpg,0.46423311592678307,0.6340972771032402,7.5265830382704735
illumination,0.4,twinlite,clips/0601/1495485219551850010/20.jpg,0.379408266789641,0.5501029331550332,8.968375041149557
illumination,0.4,twinlite,clips/0601/1495485225546895923/20.jpg,0.41847045302174124,0.5900305531641937,8.535917033441365
illumination,0.4,twinlite,clips/0601/1495485231544226883/20.jpg,0.3393363219456897,0.5067230931999614,7.7158750500530005
illumination,0.4,twinlite,clips/0601/1495485237541517645/20.jpg,0.2107419980601358,0.3481204061605015,9.897458017803729
illumination,0.4,twinlite,clips/0601/1495485243539258908/20.jpg,0.22517263649460978,0.3675769924781542,13.246250106021762
illumination,0.4,twinlite,clips/0601/1495485249536332511/20.jpg,0.18690194464451076,0.314940834814269,8.633666904643178
illumination,0.4,twinlite,clips/0601/1495485255533685610/20.jpg,0.1623653633128285,0.2793706151912081,7.722417009063065
illumination,0.4,twinlite,clips/0601/1495485261533592244/20.jpg,0.2350398459426792,0.380619049198819,8.396583027206361
illumination,0.4,twinlite,clips/0601/1495485267528430709/20.jpg,0.2917685599593965,0.4517350383083599,8.397333091124892
illumination,0.4,twinlite,clips/0601/1495485273526142378/20.jpg,0.17885988528619923,0.3034455366895045,9.015250019729137
illumination,0.4,twinlite,clips/0601/1495485279523114914/20.jpg,0.3164579560815119,0.48077183873530044,7.98229209613055
illumination,0.4,twinlite,clips/0601/1495485285520576618/20.jpg,0.4173028587536116,0.5888690002651817,8.715957985259593
illumination,0.4,twinlite,clips/0601/1495492512658106755/20.jpg,0.36960619491568597,0.5397262312155929,8.85029195342213
illumination,0.4,twinlite,clips/0601/1495492518657921956/20.jpg,0.27103438901726246,0.42647845150251307,9.561375016346574
illumination,0.4,twinlite,clips/0601/1495492524654518667/20.jpg,0.38659579522508614,0.5576185887139951,8.567457902245224
illumination,0.4,twinlite,clips/0601/1495492530652417826/20.jpg,0.09692183646366913,0.17671603069938385,8.962209103628993
illumination,0.4,twinlite,clips/0601/1495492536647945627/20.jpg,0.3384932360994388,0.5057825127093756,8.979082922451198
illumination,0.4,twinlite,clips/0601/1495492542645333836/20.jpg,0.11290529612610069,0.2029018938432793,8.566208998672664
illumination,0.4,twinlite,clips/0601/1495492548642776463/20.jpg,0.23090505363974423,0.37517930884590306,8.018583059310913
illumination,0.4,twinlite,clips/0601/1495492554641955081/20.jpg,0.29974459569762235,0.46123614853230155,8.016749983653426
illumination,0.3,classical,clips/0601/1494453497604532231/20.jpg,0.12091109478324762,0.21573717192375258,1.363874995149672
illumination,0.3,classical,clips/0601/1494453503601902751/20.jpg,0.0,nan,1.2356250081211329
illumination,0.3,classical,clips/0601/1494453509599288720/20.jpg,0.0,nan,1.3334999093785882
illumination,0.3,classical,clips/0601/1494453515596795530/20.jpg,0.019593048114892226,0.0384330751393754,1.4358749613165855
illumination,0.3,classical,clips/0601/1494453521596643824/20.jpg,0.19330016042635342,0.32397575536617595,1.4296669978648424
illumination,0.3,classical,clips/0601/1494453527591367337/20.jpg,0.0,nan,1.236167037859559
illumination,0.3,classical,clips/0601/1494453533590270210/20.jpg,0.12769156419481287,0.22646540640921858,1.5395000809803605
illumination,0.3,classical,clips/0601/1494453539586188022/20.jpg,0.11932057461045342,0.21320178922285857,1.3404999626800418
illumination,0.3,classical,clips/0601/1494453545585907063/20.jpg,0.0,nan,1.3110419968143106
illumination,0.3,classical,clips/0601/1494453551580996478/20.jpg,0.0,nan,1.2670829892158508
illumination,0.3,classical,clips/0601/1494453557578299956/20.jpg,0.10855231494850323,0.1958451820174963,1.5176249435171485
illumination,0.3,classical,clips/0601/1494453563575744757/20.jpg,0.11538122002177559,0.2068910932883073,1.4198330463841558
illumination,0.3,classical,clips/0601/1494453569573067938/20.jpg,0.17097341854218764,0.292019299216958,1.4617920387536287
illumination,0.3,classical,clips/0601/1494453575572346547/20.jpg,0.0,nan,1.3473749859258533
illumination,0.3,classical,clips/0601/1494453581567767982/20.jpg,0.0,nan,1.365375006571412
illumination,0.3,classical,clips/0601/1494453587565069969/20.jpg,0.0,nan,1.3595420168712735
illumination,0.3,classical,clips/0601/1494453593562528307/20.jpg,0.0,nan,1.35741604026407
illumination,0.3,classical,clips/0601/1494453599561987554/20.jpg,0.0,nan,0.7975409971550107
illumination,0.3,classical,clips/0601/1494453605557268031/20.jpg,0.0,nan,1.334416912868619
illumination,0.3,classical,clips/0601/1494453611554664747/20.jpg,0.0,nan,1.2149590766057372
illumination,0.3,classical,clips/0601/1494453617553424930/20.jpg,0.0,nan,1.3557500205934048
illumination,0.3,classical,clips/0601/1494453623549421445/20.jpg,0.0,nan,1.1874170741066337
illumination,0.3,classical,clips/0601/1494453629547675743/20.jpg,0.08135826230409678,0.15047420478527299,1.289666979573667
illumination,0.3,classical,clips/0601/1494453635544157546/20.jpg,0.0,nan,1.3177499640733004
illumination,0.3,classical,clips/0601/1494453641541664519/20.jpg,0.0,nan,1.2402079300954938
illumination,0.3,classical,clips/0601/1494453647538775071/20.jpg,0.12681610626816106,0.2250874930926506,1.2703330721706152
illumination,0.3,classical,clips/0601/1494453653536229036/20.jpg,0.0,nan,1.1975000379607081
illumination,0.3,classical,clips/0601/1494453661532670510/20.jpg,0.0,nan,1.1157500557601452
illumination,0.3,classical,clips/0601/1494453667532618102/20.jpg,0.12065944283517505,0.21533650317516034,1.3177500804886222
illumination,0.3,classical,clips/0601/1494453673527450206/20.jpg,0.0,nan,1.2499169679358602
illumination,0.3,classical,clips/0601/1494453679527133712/20.jpg,0.0,nan,1.274749985896051
illumination,0.3,classical,clips/0601/1494453685522315222/20.jpg,0.0,nan,1.1590420035645366
illumination,0.3,classical,clips/0601/1494453691519533853/20.jpg,0.0,nan,1.2952499091625214
illumination,0.3,classical,clips/0601/1494453697518974585/20.jpg,0.0,nan,1.2592501007020473
illumination,0.3,classical,clips/0601/1494453703514316264/20.jpg,0.0,nan,1.2257089838385582
illumination,0.3,classical,clips/0601/1494453709513778562/20.jpg,0.0,nan,1.1481669498607516
illumination,0.3,classical,clips/0601/1494453715509045873/20.jpg,0.0,nan,1.1876659700646996
illumination,0.3,classical,clips/0601/1494453721506443914/20.jpg,0.0,nan,1.1447910219430923
illumination,0.3,classical,clips/0601/1494453727503739315/20.jpg,0.0,nan,1.1485840659588575
illumination,0.3,classical,clips/0601/1494453733501172122/20.jpg,0.0,nan,0.8315839804708958
illumination,0.3,classical,clips/0601/1494453739498514009/20.jpg,0.0,nan,0.8499999530613422
illumination,0.3,classical,clips/0601/1494453745495966700/20.jpg,0.0,nan,1.2402499560266733
illumination,0.3,classical,clips/0601/1494453751493293308/20.jpg,0.0,nan,1.3101659715175629
illumination,0.3,classical,clips/0601/1494453757490822445/20.jpg,0.0,nan,1.0085829999297857
illumination,0.3,classical,clips/0601/1494453763488013443/20.jpg,0.0,nan,1.3168329605832696
illumination,0.3,classical,clips/0601/1494453769487225684/20.jpg,0.0,nan,1.2510840315371752
illumination,0.3,classical,clips/0601/1494453775482792464/20.jpg,0.0,nan,1.1166249169036746
illumination,0.3,classical,clips/0601/1494453781480173619/20.jpg,0.0,nan,1.2627498945221305
illumination,0.3,classical,clips/0601/1494453787480034236/20.jpg,0.0,nan,0.811041914857924
illumination,0.3,classical,clips/0601/1494453793475579483/20.jpg,0.0,nan,1.0794580448418856
illumination,0.3,classical,clips/0601/1494453799472239703/20.jpg,0.0,nan,1.2069169897586107
illumination,0.3,classical,clips/0601/1494453805469700214/20.jpg,0.0,nan,1.144499983638525
illumination,0.3,classical,clips/0601/1494453811467016035/20.jpg,0.0,nan,1.2019999558106065
illumination,0.3,classical,clips/0601/1494453817464323387/20.jpg,0.0,nan,1.1546669993549585
illumination,0.3,classical,clips/0601/1494453823461695785/20.jpg,0.0,nan,1.0908329859375954
illumination,0.3,classical,clips/0601/1494453829459036893/20.jpg,0.0,nan,1.1440409580245614
illumination,0.3,classical,clips/0601/1494453835456441057/20.jpg,0.0,nan,1.2420829152688384
illumination,0.3,classical,clips/0601/1494453841456411836/20.jpg,0.0,nan,1.2587920064106584
illumination,0.3,classical,clips/0601/1494453847451852161/20.jpg,0.0,nan,1.121958950534463
illumination,0.3,classical,clips/0601/1494453853451104735/20.jpg,0.15316267418193205,0.26563931977869043,1.3639579992741346
illumination,0.3,classical,clips/0601/1494453859446867209/20.jpg,0.0,nan,1.12995901145041
illumination,0.3,classical,clips/0601/1494453865443302705/20.jpg,0.0,nan,1.3050419511273503
illumination,0.3,classical,clips/0601/1494453871443269121/20.jpg,0.13525771610869816,0.23828548212351033,1.301625045016408
illumination,0.3,classical,clips/0601/1494453877438073356/20.jpg,0.0,nan,1.1868339497596025
illumination,0.3,classical,clips/0601/1494453883436198482/20.jpg,0.1455247399936968,0.25407524589036384,1.4034160412847996
illumination,0.3,classical,clips/0601/1494453889432873365/20.jpg,0.0,nan,1.1717500165104866
illumination,0.3,classical,clips/0601/1494453895431227611/20.jpg,0.2030917004352394,0.33761632693795063,1.5844169538468122
illumination,0.3,classical,clips/0601/1494453901427565927/20.jpg,0.06502860435444704,0.12211616493411138,1.2870000209659338
illumination,0.3,classical,clips/0601/1494453907426815473/20.jpg,0.17608027851730493,0.2994358152817441,1.4706250512972474
illumination,0.3,classical,clips/0601/1494453913422263611/20.jpg,0.29222843362928863,0.4522860293493935,1.5417910180985928
illumination,0.3,classical,clips/0601/1494453919420314205/20.jpg,0.23360331283113087,0.3787332773855951,1.4190830988809466
illumination,0.3,classical,clips/0601/1495058507652622962/20.jpg,0.034933830496042054,0.0675093024629378,1.5132499393075705
illumination,0.3,classical,clips/0601/1495058515650447849/20.jpg,0.2371688466901268,0.3834057854344443,1.662541995756328
illumination,0.3,classical,clips/0601/1495058521646381547/20.jpg,0.21667359420461968,0.3561737432894095,1.4971249038353562
illumination,0.3,classical,clips/0601/1495058527645454477/20.jpg,0.13342045250723858,0.23542975991318896,1.757957972586155
illumination,0.3,classical,clips/0601/1495058533641199011/20.jpg,0.14743478798368154,0.25698155490432684,1.5198750188574195
illumination,0.3,classical,clips/0601/1495058539638866627/20.jpg,0.0,nan,1.3382500037550926
illumination,0.3,classical,clips/0601/1495058545635832279/20.jpg,0.0,nan,1.3392920373007655
illumination,0.3,classical,clips/0601/1495058551633359536/20.jpg,0.28027106508119165,0.4378308199340857,1.5026250621303916
illumination,0.3,classical,clips/0601/1495058557632067443/20.jpg,0.0,nan,1.270374981686473
illumination,0.3,classical,clips/0601/1495058563627986766/20.jpg,0.2268687387618803,0.369833759055316,1.3745409669354558
illumination,0.3,classical,clips/0601/1495058569626907953/20.jpg,0.0,nan,1.2297920184209943
illumination,0.3,classical,clips/0601/1495058575622734256/20.jpg,0.16431913010494373,0.2822578893642899,1.5047499909996986
illumination,0.3,classical,clips/0601/1495058581620129503/20.jpg,0.18472484141950968,0.3118442949135374,1.5087500214576721
illumination,0.3,classical,clips/0601/1495058587617442669/20.jpg,0.02231899836690256,0.04366347177848775,1.287834020331502
illumination,0.3,classical,clips/0601/1495058593615616960/20.jpg,0.09668027016061669,0.17631441504178272,1.469957991503179
illumination,0.3,classical,clips/0601/1495058599612448574/20.jpg,0.03652463945130831,0.07047519771578781,1.5592090785503387
illumination,0.3,classical,clips/0601/1495058605609578659/20.jpg,0.11610988800612616,0.20806174957118354,1.4017920475453138
illumination,0.3,classical,clips/0601/1495058611609939176/20.jpg,0.09454265949269793,0.17275280898876402,1.2961250031366944
illumination,0.3,classical,clips/0601/1495058617604256196/20.jpg,0.18677549718175052,0.31476129668212466,1.520124962553382
illumination,0.3,classical,clips/0601/1495058623602404204/20.jpg,0.13618771165940977,0.23972748562912496,1.2726670829579234
illumination,0.3,classical,clips/0601/1495058629599018470/20.jpg,0.11569310223404672,0.20739234114181512,1.4149169437587261
illumination,0.3,classical,clips/0601/1495058635596342127/20.jpg,0.18225106813215486,0.3083119534331981,1.3834580313414335
illumination,0.3,classical,clips/0601/1495058641593823148/20.jpg,0.07341018966158423,0.13677937915742797,1.4439999358728528
illumination,0.3,classical,clips/0601/1495058647591446332/20.jpg,0.0,nan,1.2753329938277602
illumination,0.3,classical,clips/0601/1495058653588446886/20.jpg,0.04689580709015656,0.08959020902090208,1.2072910321876407
illumination,0.3,classical,clips/0601/1495058659585835658/20.jpg,0.0002437325905292479,0.000487346398858217,1.3756250264123082
illumination,0.3,classical,clips/0601/1495058665583165347/20.jpg,0.13837511987943554,0.2431098808520881,1.3363329926505685
illumination,0.3,classical,clips/0601/1495058671580580478/20.jpg,0.0,nan,1.2327500153332949
illumination,0.3,classical,clips/0601/1495058677578062974/20.jpg,0.05764912172762789,0.10901369942700911,1.3202920090407133
illumination,0.3,classical,clips/0601/1495058683578929172/20.jpg,0.1753124816618743,0.29832488703597376,1.2372080236673355
illumination,0.3,classical,clips/0601/1495058689572753425/20.jpg,0.0,nan,1.3155839405953884
illumination,0.3,classical,clips/0601/1495058695570408263/20.jpg,0.14626782908721234,0.25520707355747263,1.439834013581276
illumination,0.3,classical,clips/0601/1495058701567358056/20.jpg,0.10932900596271417,0.19710835176050345,1.2797920498996973
illumination,0.3,classical,clips/0601/1495058707565707879/20.jpg,0.13057065574201004,0.23098185872569743,1.4757500030100346
illumination,0.3,classical,clips/0601/1495058715562283498/20.jpg,0.0,nan,1.3979999348521233
illumination,0.3,classical,clips/0601/1495058721558633337/20.jpg,0.029657061056824547,0.05760570616858585,1.4727909583598375
illumination,0.3,classical,clips/0601/1495058727556647955/20.jpg,0.07164378005678197,0.13370819929171962,1.4653749531134963
illumination,0.3,classical,clips/0601/1495058733553446687/20.jpg,0.13134408282263343,0.2321912224881012,1.5482500893995166
illumination,0.3,classical,clips/0601/1495058739553286402/20.jpg,0.04124157546528164,0.07921615201900237,1.477207988500595
illumination,0.3,classical,clips/0601/1495058745548122682/20.jpg,0.027645168335985522,0.05380294519508122,1.535041956230998
illumination,0.3,classical,clips/0601/1495058751545486604/20.jpg,0.0,nan,1.351207960397005
illumination,0.3,classical,clips/0601/1495058757543228003/20.jpg,0.0,nan,1.1946670711040497
illumination,0.3,classical,clips/0601/1495058763540182973/20.jpg,0.008651574052900374,0.017154732665784996,1.250874949619174
illumination,0.3,classical,clips/0601/1495058769540492239/20.jpg,0.0,nan,1.491667004302144
illumination,0.3,classical,clips/0601/1495058775535017414/20.jpg,0.0,nan,1.255249953828752
illumination,0.3,classical,clips/0601/1495058781534953658/20.jpg,0.0,nan,1.2204579543322325
illumination,0.3,classical,clips/0601/1495058787529671793/20.jpg,0.08757944915254237,0.16105388754961406,1.425042049959302
illumination,0.3,classical,clips/0601/1495058793526969174/20.jpg,0.10537739812351211,0.19066320390194463,1.3360839802771807
illumination,0.3,classical,clips/0601/1495058799525818237/20.jpg,0.0,nan,1.3455830048769712
illumination,0.3,classical,clips/0601/1495058805523198969/20.jpg,0.15420945293212637,0.26721225084472544,1.3944169040769339
illumination,0.3,classical,clips/0601/1495058811520330339/20.jpg,0.10661660527061491,0.19268932846808784,1.307416008785367
illumination,0.3,classical,clips/0601/1495058817516570927/20.jpg,0.0,nan,1.2242919765412807
illumination,0.3,classical,clips/0601/1495058823515900521/20.jpg,0.0,nan,1.2749579036608338
illumination,0.3,classical,clips/0601/1495058829511203058/20.jpg,0.25285862785862784,0.4036506948765817,1.4863749966025352
illumination,0.3,classical,clips/0601/1495058835510553015/20.jpg,0.32380614936419827,0.4892047820139178,1.54337496496737
illumination,0.3,classical,clips/0601/1495058841505989452/20.jpg,0.19782951987366865,0.3303133151945247,1.5630830312147737
illumination,0.3,classical,clips/0601/1495058847507116852/20.jpg,0.0,nan,1.2442918960005045
illumination,0.3,classical,clips/0601/1495058853500724642/20.jpg,0.2744597945448105,0.43070765467785865,1.5535829588770866
illumination,0.3,classical,clips/0601/1495058859498417310/20.jpg,0.052964798668644404,0.10060127125923381,1.4111660420894623
illumination,0.3,classical,clips/0601/1495058865495399571/20.jpg,0.27877129422647035,0.43599867385997165,0.9562500054016709
illumination,0.3,classical,clips/0601/1495058871492888869/20.jpg,0.2442561692996411,0.3926139573607683,1.367917051538825
illumination,0.3,classical,clips/0601/1495058877492091924/20.jpg,0.06858681404329188,0.12836919404568511,1.4256660360842943
illumination,0.3,classical,clips/0601/1495058883487530264/20.jpg,0.03298765432098765,0.06386843866526437,1.2945829657837749
illumination,0.3,classical,clips/0601/1495058889484921618/20.jpg,0.20338462588283462,0.3380209810036858,1.456541009247303
illumination,0.3,classical,clips/0601/1495058895482305544/20.jpg,0.2677153990474816,0.42235883424408016,1.352666993625462
illumination,0.3,classical,clips/0601/1495058901481630657/20.jpg,0.1372213704446279,0.24132745657246565,1.7055000644177198
illumination,0.3,classical,clips/0601/1495058907477059235/20.jpg,0.0904895979978101,0.1659614143297712,1.396500039845705
illumination,0.3,classical,clips/0601/1495058913475711516/20.jpg,0.0,nan,1.0580829111859202
illumination,0.3,classical,clips/0601/1495058919475143504/20.jpg,0.096674074641735,0.17630411236504664,1.2466670013964176
illumination,0.3,classical,clips/0601/1495058925469436408/20.jpg,0.09100723739453796,0.16683159245006413,1.2147920206189156
illumination,0.3,classical,clips/0601/1495058931466470327/20.jpg,0.13828136544997782,0.24296517477524263,1.65350001771003
illumination,0.3,classical,clips/0601/1495058937463794073/20.jpg,0.13359157727453316,0.23569613598527997,1.391249941661954
illumination,0.3,classical,clips/0601/1495058943463632446/20.jpg,0.17772660665689763,0.3018130110202631,1.4130419585853815
illumination,0.3,classical,clips/0601/1495058949458758174/20.jpg,0.0,nan,1.3654999202117324
illumination,0.3,classical,clips/0601/1495485009641442407/20.jpg,0.061361020004778555,0.11562704649639817,1.52283301576972
illumination,0.3,classical,clips/0601/1495485015638767825/20.jpg,0.0,nan,1.2397919781506062
illumination,0.3,classical,clips/0601/1495485021636199888/20.jpg,0.0,nan,1.2749580200761557
illumination,0.3,classical,clips/0601/1495485027633718711/20.jpg,0.05749168430601754,0.1087321728562748,1.4882499817758799
illumination,0.3,classical,clips/0601/1495485033630861236/20.jpg,0.1793056959892147,0.30408688196627603,1.3392919208854437
illumination,0.3,classical,clips/0601/1495485039628271607/20.jpg,0.0,nan,1.238540979102254
illumination,0.3,classical,clips/0601/1495485045626852826/20.jpg,0.19517907680296673,0.32661059851392177,1.4324579387903214
illumination,0.3,classical,clips/0601/1495485051623004273/20.jpg,0.0,nan,1.4009579317644238
illumination,0.3,classical,clips/0601/1495485057620656604/20.jpg,0.0,nan,1.3108330313116312
illumination,0.3,classical,clips/0601/1495485063617750112/20.jpg,0.07320576492355634,0.136424472018692,1.3329159701243043
illumination,0.3,classical,clips/0601/1495485069617812641/20.jpg,0.0003973076563522483,0.0007942997313397968,1.3134999899193645
illumination,0.3,classical,clips/0601/1495485075612519689/20.jpg,0.0680072901521512,0.12735360662652911,1.4632079983130097
illumination,0.3,classical,clips/0601/1495485081611855219/20.jpg,0.0,nan,1.397875021211803
illumination,0.3,classical,clips/0601/1495485087607351973/20.jpg,0.0,nan,1.3324159663170576
illumination,0.3,classical,clips/0601/1495485093604646206/20.jpg,0.0,nan,1.2844590237364173
illumination,0.3,classical,clips/0601/1495485099601922885/20.jpg,0.0,nan,1.338583999313414
illumination,0.3,classical,clips/0601/1495485105599385453/20.jpg,0.08869098170633737,0.1629314161624254,1.4199170982465148
illumination,0.3,classical,clips/0601/1495485111599411627/20.jpg,0.0,nan,1.2960419990122318
illumination,0.3,classical,clips/0601/1495485117594185994/20.jpg,0.0,nan,1.126249902881682
illumination,0.3,classical,clips/0601/1495485123591495860/20.jpg,0.0,nan,1.1796659091487527
illumination,0.3,classical,clips/0601/1495485129589080069/20.jpg,0.0,nan,1.2664999812841415
illumination,0.3,classical,clips/0601/1495485135586245515/20.jpg,0.06543506558526084,0.12283257365725296,1.1971249477937818
illumination,0.3,classical,clips/0601/1495485141585513338/20.jpg,0.08796670030272452,0.16170844250701416,1.4689159579575062
illumination,0.3,classical,clips/0601/1495485147581014946/20.jpg,0.07976818227042086,0.14775057013199422,1.3227909803390503
illumination,0.3,classical,clips/0601/1495485153579251831/20.jpg,0.06713988017712946,0.1258314517605419,1.3630830217152834
illumination,0.3,classical,clips/0601/1495485159575742672/20.jpg,0.0922849263469429,0.16897592216269472,0.9647499537095428
illumination,0.3,classical,clips/0601/1495485165575366989/20.jpg,0.02112067101906697,0.04136762993542924,1.25045794993639
illumination,0.3,classical,clips/0601/1495485171570457961/20.jpg,0.0,nan,1.143875066190958
illumination,0.3,classical,clips/0601/1495485177570314287/20.jpg,0.0,nan,1.2656250037252903
illumination,0.3,classical,clips/0601/1495485183565129358/20.jpg,0.1167157768566149,0.2090339892665474,1.2934169499203563
illumination,0.3,classical,clips/0601/1495485189564879401/20.jpg,0.11112909098264492,0.2000291269205563,1.5041670994833112
illumination,0.3,classical,clips/0601/1495485195559966192/20.jpg,0.04336630689011437,0.08312767357683448,1.412290963344276
illumination,0.3,classical,clips/0601/1495485201558641598/20.jpg,0.1199933796756041,0.21427515885916948,1.3729999773204327
illumination,0.3,classical,clips/0601/1495485207554693841/20.jpg,0.0,nan,1.1088750325143337
illumination,0.3,classical,clips/0601/1495485213552150385/20.jpg,0.007236320380650278,0.014368664501525442,0.9286249987781048
illumination,0.3,classical,clips/0601/1495485219551850010/20.jpg,0.044382078283330025,0.08499203348315142,1.407708041369915
illumination,0.3,classical,clips/0601/1495485225546895923/20.jpg,0.03962177222965709,0.07622343680756324,1.4984169974923134
illumination,0.3,classical,clips/0601/1495485231544226883/20.jpg,0.09854643456746487,0.17941241529087656,1.3759169960394502
illumination,0.3,classical,clips/0601/1495485237541517645/20.jpg,0.08514386376981797,0.15692640692640691,1.535917050205171
illumination,0.3,classical,clips/0601/1495485243539258908/20.jpg,0.1363582302568982,0.23999162698205034,1.3588330475613475
illumination,0.3,classical,clips/0601/1495485249536332511/20.jpg,0.015662822155773887,0.030842562736576477,1.5170830301940441
illumination,0.3,classical,clips/0601/1495485255533685610/20.jpg,0.0016865467344544388,0.0033674141675410552,1.2590829282999039
illumination,0.3,classical,clips/0601/1495485261533592244/20.jpg,0.12367519973911625,0.2201262424726112,1.4271249528974295
illumination,0.3,classical,clips/0601/1495485267528430709/20.jpg,0.0,nan,1.5627499669790268
illumination,0.3,classical,clips/0601/1495485273526142378/20.jpg,0.025902932169973573,0.050497822664731254,1.3919159537181258
illumination,0.3,classical,clips/0601/1495485279523114914/20.jpg,0.11174290974342244,0.20102293212593803,1.4338749460875988
illumination,0.3,classical,clips/0601/1495485285520576618/20.jpg,0.10270818699758058,0.18628353032769482,1.0483749210834503
illumination,0.3,classical,clips/0601/1495492512658106755/20.jpg,0.0,nan,1.3307080371305346
illumination,0.3,classical,clips/0601/1495492518657921956/20.jpg,0.10429218742219788,0.18888513132679516,1.5175000298768282
illumination,0.3,classical,clips/0601/1495492524654518667/20.jpg,0.10271885270391395,0.18630107293811637,1.335958018898964
illumination,0.3,classical,clips/0601/1495492530652417826/20.jpg,0.09123754539528821,0.16721848653445745,1.4686249196529388
illumination,0.3,classical,clips/0601/1495492536647945627/20.jpg,0.0,nan,1.4790419954806566
illumination,0.3,classical,clips/0601/1495492542645333836/20.jpg,0.01034461007968714,0.0204773895490396,1.5348750166594982
illumination,0.3,classical,clips/0601/1495492548642776463/20.jpg,0.0,nan,1.270333887077868
illumination,0.3,classical,clips/0601/1495492554641955081/20.jpg,0.10480175861429669,0.1897204775375174,1.395791070535779
illumination,0.3,twinlite,clips/0601/1494453497604532231/20.jpg,0.5449241227952788,0.705438040295896,72.33058393467218
illumination,0.3,twinlite,clips/0601/1494453503601902751/20.jpg,0.442558934160278,0.6135748407643312,15.70200000423938
illumination,0.3,twinlite,clips/0601/1494453509599288720/20.jpg,0.2164032397578045,0.3558083909754993,10.946666938252747
illumination,0.3,twinlite,clips/0601/1494453515596795530/20.jpg,0.27884375156148505,0.4360872877879149,10.821500094607472
illumination,0.3,twinlite,clips/0601/1494453521596643824/20.jpg,0.2915988327445861,0.45153158295281587,8.841709000989795
illumination,0.3,twinlite,clips/0601/1494453527591367337/20.jpg,0.3858675771247409,0.5568606748493248,8.928332943469286
illumination,0.3,twinlite,clips/0601/1494453533590270210/20.jpg,0.5252598571511526,0.6887480250509204,9.131790953688323
illumination,0.3,twinlite,clips/0601/1494453539586188022/20.jpg,0.35708852459016394,0.526256788882661,8.324583992362022
illumination,0.3,twinlite,clips/0601/1494453545585907063/20.jpg,0.24893156756186355,0.3986312365341557,8.17462510894984
illumination,0.3,twinlite,clips/0601/1494453551580996478/20.jpg,0.23644097837646225,0.382454128440367,9.201750042848289
illumination,0.3,twinlite,clips/0601/1494453557578299956/20.jpg,0.3264538480574115,0.4922204395358382,8.2319580251351
illumination,0.3,twinlite,clips/0601/1494453563575744757/20.jpg,0.4555160142348754,0.6259168704156479,8.143667015247047
illumination,0.3,twinlite,clips/0601/1494453569573067938/20.jpg,0.4591198056012371,0.6293106348618915,9.350457927212119
illumination,0.3,twinlite,clips/0601/1494453575572346547/20.jpg,0.357838174596994,0.5270704289974765,8.203291916288435
illumination,0.3,twinlite,clips/0601/1494453581567767982/20.jpg,0.3477802148985201,0.516078528315102,8.13141604885459
illumination,0.3,twinlite,clips/0601/1494453587565069969/20.jpg,0.3228803200355595,0.48814743880516775,8.940292056649923
illumination,0.3,twinlite,clips/0601/1494453593562528307/20.jpg,0.2893728667951427,0.44885831592595254,8.474709000438452
illumination,0.3,twinlite,clips/0601/1494453599561987554/20.jpg,0.3546777546777547,0.5236341313689381,8.545499993488193
illumination,0.3,twinlite,clips/0601/1494453605557268031/20.jpg,0.4842544897675066,0.6525221828277712,9.556249948218465
illumination,0.3,twinlite,clips/0601/1494453611554664747/20.jpg,0.4113573407202216,0.5829244357212955,8.423833991400898
illumination,0.3,twinlite,clips/0601/1494453617553424930/20.jpg,0.34694122447020426,0.5151542148495268,8.353833924047649
illumination,0.3,twinlite,clips/0601/1494453623549421445/20.jpg,0.44472068488412314,0.6156493632813084,9.641417069360614
illumination,0.3,twinlite,clips/0601/1494453629547675743/20.jpg,0.32399215723781744,0.4894170338799394,9.12208401132375
illumination,0.3,twinlite,clips/0601/1494453635544157546/20.jpg,0.2277808645405045,0.3710448193468974,8.27662495430559
illumination,0.3,twinlite,clips/0601/1494453641541664519/20.jpg,0.23543457497612225,0.3811364514882103,9.65529098175466
illumination,0.3,twinlite,clips/0601/1494453647538775071/20.jpg,0.4382053025152957,0.6093779542446587,8.95974994637072
illumination,0.3,twinlite,clips/0601/1494453653536229036/20.jpg,0.27024205291644915,0.425496939415569,8.550958009436727
illumination,0.3,twinlite,clips/0601/1494453661532670510/20.jpg,0.47024089838797317,0.639678706943281,8.614499936811626
illumination,0.3,twinlite,clips/0601/1494453667532618102/20.jpg,0.5305501418948952,0.6932803145384684,9.057709015905857
illumination,0.3,twinlite,clips/0601/1494453673527450206/20.jpg,0.42200423815708527,0.5935344309578175,9.178333915770054
illumination,0.3,twinlite,clips/0601/1494453679527133712/20.jpg,0.387735063080219,0.5588027187546902,8.913874975405633
illumination,0.3,twinlite,clips/0601/1494453685522315222/20.jpg,0.2171199146827264,0.35677653789655434,9.270250098779798
illumination,0.3,twinlite,clips/0601/1494453691519533853/20.jpg,0.25372579395817196,0.40475484381178334,9.295541909523308
illumination,0.3,twinlite,clips/0601/1494453697518974585/20.jpg,0.2058291391164183,0.3413902226102139,8.829041034914553
illumination,0.3,twinlite,clips/0601/1494453703514316264/20.jpg,0.2540426224174394,0.405157875619438,8.85612505953759
illumination,0.3,twinlite,clips/0601/1494453709513778562/20.jpg,0.18136940875004712,0.3070494417862839,7.913292036391795
illumination,0.3,twinlite,clips/0601/1494453715509045873/20.jpg,0.4353358981947322,0.6065979381443298,8.356209029443562
illumination,0.3,twinlite,clips/0601/1494453721506443914/20.jpg,0.48678122934567086,0.6548121804845521,8.989250054582953
illumination,0.3,twinlite,clips/0601/1494453727503739315/20.jpg,0.3019237284945225,0.46381169938987366,10.027292068116367
illumination,0.3,twinlite,clips/0601/1494453733501172122/20.jpg,0.22702584478547735,0.3700424823980274,8.883000002242625
illumination,0.3,twinlite,clips/0601/1494453739498514009/20.jpg,0.5225903614457831,0.6864490603363007,20.85425006225705
illumination,0.3,twinlite,clips/0601/1494453745495966700/20.jpg,0.2802952074348539,0.43786027754714746,9.490416035987437
illumination,0.3,twinlite,clips/0601/1494453751493293308/20.jpg,0.19260225317720184,0.32299495102259246,7.901208009570837
illumination,0.3,twinlite,clips/0601/1494453757490822445/20.jpg,0.2271442349263361,0.37019973441014664,7.730792043730617
illumination,0.3,twinlite,clips/0601/1494453763488013443/20.jpg,0.2993098186106198,0.46072124496169553,8.21329199243337
illumination,0.3,twinlite,clips/0601/1494453769487225684/20.jpg,0.4267372188934713,0.598200163621489,8.342000073753297
illumination,0.3,twinlite,clips/0601/1494453775482792464/20.jpg,0.46314431284324753,0.633080836630865,9.299083962105215
illumination,0.3,twinlite,clips/0601/1494453781480173619/20.jpg,0.3488138895255558,0.5172157437498672,8.510041981935501
illumination,0.3,twinlite,clips/0601/1494453787480034236/20.jpg,0.4064020306000141,0.5779315185240889,8.64337501116097
illumination,0.3,twinlite,clips/0601/1494453793475579483/20.jpg,0.36593130828869996,0.5357975266664838,8.60820896923542
illumination,0.3,twinlite,clips/0601/1494453799472239703/20.jpg,0.3486447186905783,0.517029746765454,9.143125033006072
illumination,0.3,twinlite,clips/0601/1494453805469700214/20.jpg,0.3718533264834318,0.5421181977764775,7.8175419475883245
illumination,0.3,twinlite,clips/0601/1494453811467016035/20.jpg,0.25825229651064974,0.41049366208482646,9.181875037029386
illumination,0.3,twinlite,clips/0601/1494453817464323387/20.jpg,0.4826583932070542,0.6510716095068173,9.276291937567294
illumination,0.3,twinlite,clips/0601/1494453823461695785/20.jpg,0.5319221319221319,0.694450613171466,7.85695796366781
illumination,0.3,twinlite,clips/0601/1494453829459036893/20.jpg,0.46079719667104685,0.6308845577211393,9.232833981513977
illumination,0.3,twinlite,clips/0601/1494453835456441057/20.jpg,0.4082043032374824,0.5797515350564044,7.913957932032645
illumination,0.3,twinlite,clips/0601/1494453841456411836/20.jpg,0.5791287878787879,0.7334788553335413,9.195416001603007
illumination,0.3,twinlite,clips/0601/1494453847451852161/20.jpg,0.47299592935671014,0.6422229959091305,8.745166007429361
illumination,0.3,twinlite,clips/0601/1494453853451104735/20.jpg,0.5342339979013642,0.6964178849277592,8.725250023417175
illumination,0.3,twinlite,clips/0601/1494453859446867209/20.jpg,0.5133101851851852,0.6783938814531548,7.5561669655144215
illumination,0.3,twinlite,clips/0601/1494453865443302705/20.jpg,0.49656292491312887,0.663604472150014,15.325999935157597
illumination,0.3,twinlite,clips/0601/1494453871443269121/20.jpg,0.5980471928397071,0.7484725050916498,9.677542024292052
illumination,0.3,twinlite,clips/0601/1494453877438073356/20.jpg,0.4554947787170562,0.6258968226853434,7.917708018794656
illumination,0.3,twinlite,clips/0601/1494453883436198482/20.jpg,0.5244390328752827,0.6880419899589229,8.55666701681912
illumination,0.3,twinlite,clips/0601/1494453889432873365/20.jpg,0.43640644073708074,0.6076364298577527,9.102583047933877
illumination,0.3,twinlite,clips/0601/1494453895431227611/20.jpg,0.47530814684099354,0.6443510094602921,8.123000035993755
illumination,0.3,twinlite,clips/0601/1494453901427565927/20.jpg,0.5024976262230112,0.6688830883363099,7.704208022914827
illumination,0.3,twinlite,clips/0601/1494453907426815473/20.jpg,0.4446411548413455,0.6155731523378583,8.590708952397108
illumination,0.3,twinlite,clips/0601/1494453913422263611/20.jpg,0.656708721509849,0.7927871845949536,8.174250018782914
illumination,0.3,twinlite,clips/0601/1494453919420314205/20.jpg,0.7445700951355232,0.8535857598518366,9.77495894767344
illumination,0.3,twinlite,clips/0601/1495058507652622962/20.jpg,0.27483729578961347,0.4311723491261427,7.88654200732708
illumination,0.3,twinlite,clips/0601/1495058515650447849/20.jpg,0.3924135615978516,0.5636451301832208,8.04574997164309
illumination,0.3,twinlite,clips/0601/1495058521646381547/20.jpg,0.26582430806257523,0.42000190132141846,8.545416058041155
illumination,0.3,twinlite,clips/0601/1495058527645454477/20.jpg,0.315939751146038,0.48017358069910027,8.331874967552722
illumination,0.3,twinlite,clips/0601/1495058533641199011/20.jpg,0.3704223554931734,0.5405959031657356,7.723000016994774
illumination,0.3,twinlite,clips/0601/1495058539638866627/20.jpg,0.3538927677512844,0.5227781345476482,8.265082957223058
illumination,0.3,twinlite,clips/0601/1495058545635832279/20.jpg,0.4050614564007421,0.5765747178609008,7.886874955147505
illumination,0.3,twinlite,clips/0601/1495058551633359536/20.jpg,0.5093810589112603,0.6749535591478597,9.39183309674263
illumination,0.3,twinlite,clips/0601/1495058557632067443/20.jpg,0.5204670817070417,0.6846147318397827,9.04491706751287
illumination,0.3,twinlite,clips/0601/1495058563627986766/20.jpg,0.5049340474065258,0.6710381073199664,8.0722919665277
illumination,0.3,twinlite,clips/0601/1495058569626907953/20.jpg,0.35395324033792697,0.522844112769486,9.094000095501542
illumination,0.3,twinlite,clips/0601/1495058575622734256/20.jpg,0.3863006100942873,0.5573114622924585,9.335875045508146
illumination,0.3,twinlite,clips/0601/1495058581620129503/20.jpg,0.37758071538232396,0.5481794441025301,8.290625060908496
illumination,0.3,twinlite,clips/0601/1495058587617442669/20.jpg,0.4136846782186678,0.5852573556076686,8.658374892547727
illumination,0.3,twinlite,clips/0601/1495058593615616960/20.jpg,0.31514029477531197,0.47924969834363235,8.744042017497122
illumination,0.3,twinlite,clips/0601/1495058599612448574/20.jpg,0.34988039752410544,0.5183872558870275,8.0313750077039
illumination,0.3,twinlite,clips/0601/1495058605609578659/20.jpg,0.3127542592272985,0.4764856134024491,7.659583003260195
illumination,0.3,twinlite,clips/0601/1495058611609939176/20.jpg,0.4694335856275472,0.6389313409180959,8.796000038273633
illumination,0.3,twinlite,clips/0601/1495058617604256196/20.jpg,0.4679739732569245,0.6375780249273122,8.012959035113454
illumination,0.3,twinlite,clips/0601/1495058623602404204/20.jpg,0.5246049838849147,0.6881847946582794,9.129916899837554
illumination,0.3,twinlite,clips/0601/1495058629599018470/20.jpg,0.43451019704896465,0.6057958987573977,8.977874997071922
illumination,0.3,twinlite,clips/0601/1495058635596342127/20.jpg,0.543769752385628,0.7044700176892653,8.298082975670695
illumination,0.3,twinlite,clips/0601/1495058641593823148/20.jpg,0.3486449388706228,0.5170299888754765,8.87658295687288
illumination,0.3,twinlite,clips/0601/1495058647591446332/20.jpg,0.28828298128979774,0.44754605234507694,9.149958961643279
illumination,0.3,twinlite,clips/0601/1495058653588446886/20.jpg,0.34870768110666184,0.5170989770304192,8.818250033073127
illumination,0.3,twinlite,clips/0601/1495058659585835658/20.jpg,0.25972485768500947,0.4123517228393899,7.726166979409754
illumination,0.3,twinlite,clips/0601/1495058665583165347/20.jpg,0.29966390806259263,0.4611406167449879,8.436999982222915
illumination,0.3,twinlite,clips/0601/1495058671580580478/20.jpg,0.3518068847307527,0.5204987320371935,8.514333982020617
illumination,0.3,twinlite,clips/0601/1495058677578062974/20.jpg,0.353508915426141,0.522359197486101,9.581833030097187
illumination,0.3,twinlite,clips/0601/1495058683578929172/20.jpg,0.2604360420795853,0.4132475324172634,7.965249940752983
illumination,0.3,twinlite,clips/0601/1495058689572753425/20.jpg,0.19573227740196888,0.3273847852083525,8.109625079669058
illumination,0.3,twinlite,clips/0601/1495058695570408263/20.jpg,0.1778909409872813,0.3020499348406181,8.677167003042996
illumination,0.3,twinlite,clips/0601/1495058701567358056/20.jpg,0.40556876061120545,0.577088466927574,8.594084065407515
illumination,0.3,twinlite,clips/0601/1495058707565707879/20.jpg,0.2885239207857904,0.44783634379071163,8.330208016559482
illumination,0.3,twinlite,clips/0601/1495058715562283498/20.jpg,0.30362240925438433,0.4658134243458476,8.704249979928136
illumination,0.3,twinlite,clips/0601/1495058721558633337/20.jpg,0.3339233275674806,0.5006634499396864,8.467249921523035
illumination,0.3,twinlite,clips/0601/1495058727556647955/20.jpg,0.3400442394931204,0.5075119603838515,8.246542070992291
illumination,0.3,twinlite,clips/0601/1495058733553446687/20.jpg,0.3960862285475094,0.5674237313544712,10.098792030476034
illumination,0.3,twinlite,clips/0601/1495058739553286402/20.jpg,0.37815126050420167,0.548780487804878,8.019958971999586
illumination,0.3,twinlite,clips/0601/1495058745548122682/20.jpg,0.2986519962680565,0.45994153495516027,9.34520794544369
illumination,0.3,twinlite,clips/0601/1495058751545486604/20.jpg,0.32147304750044475,0.48653742595584265,9.010124951601028
illumination,0.3,twinlite,clips/0601/1495058757543228003/20.jpg,0.32097955613862467,0.4859720268145328,8.570541976951063
illumination,0.3,twinlite,clips/0601/1495058763540182973/20.jpg,0.4052356462355619,0.576751162441878,8.01108404994011
illumination,0.3,twinlite,clips/0601/1495058769540492239/20.jpg,0.16559485530546625,0.28413793103448276,9.266374981962144
illumination,0.3,twinlite,clips/0601/1495058775535017414/20.jpg,0.23759106692993803,0.38395730751244733,7.929292041808367
illumination,0.3,twinlite,clips/0601/1495058781534953658/20.jpg,0.15007676893850677,0.2609856541611984,8.170666988007724
illumination,0.3,twinlite,clips/0601/1495058787529671793/20.jpg,0.5143151037202126,0.6792709158836182,8.147125015966594
illumination,0.3,twinlite,clips/0601/1495058793526969174/20.jpg,0.46657965240090676,0.6362827298702516,8.45195900183171
illumination,0.3,twinlite,clips/0601/1495058799525818237/20.jpg,0.2989357759305342,0.4602779929075123,9.8880419973284
illumination,0.3,twinlite,clips/0601/1495058805523198969/20.jpg,0.4255503220224935,0.5970330411328388,8.985999971628189
illumination,0.3,twinlite,clips/0601/1495058811520330339/20.jpg,0.3772654736122193,0.5478471374480147,7.855500094592571
illumination,0.3,twinlite,clips/0601/1495058817516570927/20.jpg,0.4133559705715903,0.584928325458477,9.249208960682154
illumination,0.3,twinlite,clips/0601/1495058823515900521/20.jpg,0.5019713707242568,0.6684166962279768,9.476416977122426
illumination,0.3,twinlite,clips/0601/1495058829511203058/20.jpg,0.5883947735060436,0.7408671739800393,8.60916601959616
illumination,0.3,twinlite,clips/0601/1495058835510553015/20.jpg,0.5890401881854024,0.7413785913848464,7.846417021937668
illumination,0.3,twinlite,clips/0601/1495058841505989452/20.jpg,0.5078734184896386,0.6736287174534187,8.525207987986505
illumination,0.3,twinlite,clips/0601/1495058847507116852/20.jpg,0.5410485673643568,0.7021823696182502,8.466292056255043
illumination,0.3,twinlite,clips/0601/1495058853500724642/20.jpg,0.686534960555593,0.8141366489425499,9.53870895318687
illumination,0.3,twinlite,clips/0601/1495058859498417310/20.jpg,0.6626717129240258,0.7971167221683598,8.272499893791974
illumination,0.3,twinlite,clips/0601/1495058865495399571/20.jpg,0.6199742735578351,0.7654124928740126,9.844916989095509
illumination,0.3,twinlite,clips/0601/1495058871492888869/20.jpg,0.5909784119022605,0.7429119182021516,9.37774998601526
illumination,0.3,twinlite,clips/0601/1495058877492091924/20.jpg,0.5347059390357498,0.6968187526161573,8.672125055454671
illumination,0.3,twinlite,clips/0601/1495058883487530264/20.jpg,0.5292162926893466,0.6921405365864154,8.234416949562728
illumination,0.3,twinlite,clips/0601/1495058889484921618/20.jpg,0.6250363524735839,0.7692583018492744,8.930750074796379
illumination,0.3,twinlite,clips/0601/1495058895482305544/20.jpg,0.5965237702665568,0.7472782821980292,9.05699993018061
illumination,0.3,twinlite,clips/0601/1495058901481630657/20.jpg,0.6114254425990144,0.7588628383735417,7.999458000995219
illumination,0.3,twinlite,clips/0601/1495058907477059235/20.jpg,0.5483140320754027,0.7082723797838705,8.96333297714591
illumination,0.3,twinlite,clips/0601/1495058913475711516/20.jpg,0.5198921796096629,0.6841171848692333,9.24412498716265
illumination,0.3,twinlite,clips/0601/1495058919475143504/20.jpg,0.6492231068710322,0.7873077986431595,8.37687507737428
illumination,0.3,twinlite,clips/0601/1495058925469436408/20.jpg,0.5025456016723423,0.668925590162463,8.825334021821618
illumination,0.3,twinlite,clips/0601/1495058931466470327/20.jpg,0.5272241398507961,0.6904345290172063,7.875000010244548
illumination,0.3,twinlite,clips/0601/1495058937463794073/20.jpg,0.616675338189386,0.7628932335666586,8.861707989126444
illumination,0.3,twinlite,clips/0601/1495058943463632446/20.jpg,0.5492923880186864,0.7090880872669224,8.917666971683502
illumination,0.3,twinlite,clips/0601/1495058949458758174/20.jpg,0.5107782243332115,0.6761789600967352,8.125417050905526
illumination,0.3,twinlite,clips/0601/1495485009641442407/20.jpg,0.28455180912316486,0.4430367184915647,9.351707994937897
illumination,0.3,twinlite,clips/0601/1495485015638767825/20.jpg,0.22392179933927683,0.36590867073396194,9.089458035305142
illumination,0.3,twinlite,clips/0601/1495485021636199888/20.jpg,0.2709260460227654,0.4263443130630631,9.282375103794038
illumination,0.3,twinlite,clips/0601/1495485027633718711/20.jpg,0.5098067597886662,0.6753271655241838,9.013167000375688
illumination,0.3,twinlite,clips/0601/1495485033630861236/20.jpg,0.40817236255572065,0.5797193204600611,9.046040941029787
illumination,0.3,twinlite,clips/0601/1495485039628271607/20.jpg,0.36222066057624736,0.5318090835929923,8.81629204377532
illumination,0.3,twinlite,clips/0601/1495485045626852826/20.jpg,0.39451750761457277,0.5658121973519353,17.989291925914586
illumination,0.3,twinlite,clips/0601/1495485051623004273/20.jpg,0.38428789838880395,0.5552138378672286,8.20499996189028
illumination,0.3,twinlite,clips/0601/1495485057620656604/20.jpg,0.23286057470202348,0.37775654357071936,9.024375001899898
illumination,0.3,twinlite,clips/0601/1495485063617750112/20.jpg,0.19961546384673487,0.3327990841442473,9.899917058646679
illumination,0.3,twinlite,clips/0601/1495485069617812641/20.jpg,0.23583770638679125,0.38166452628526454,8.295082952827215
illumination,0.3,twinlite,clips/0601/1495485075612519689/20.jpg,0.3542932816231939,0.5232150028811399,7.864917046390474
illumination,0.3,twinlite,clips/0601/1495485081611855219/20.jpg,0.35510842226905037,0.5241033358414848,9.782791952602565
illumination,0.3,twinlite,clips/0601/1495485087607351973/20.jpg,0.36635103812201014,0.53624731551497,7.941458025015891
illumination,0.3,twinlite,clips/0601/1495485093604646206/20.jpg,0.36064309001767003,0.5301068188469417,8.981207967735827
illumination,0.3,twinlite,clips/0601/1495485099601922885/20.jpg,0.0,nan,9.18058305978775
illumination,0.3,twinlite,clips/0601/1495485105599385453/20.jpg,0.340918258393641,0.5084847734149663,8.318583015352488
illumination,0.3,twinlite,clips/0601/1495485111599411627/20.jpg,0.28578443407807513,0.44452931067405005,8.672625059261918
illumination,0.3,twinlite,clips/0601/1495485117594185994/20.jpg,0.21414265556010742,0.3527471085534332,8.315250044688582
illumination,0.3,twinlite,clips/0601/1495485123591495860/20.jpg,0.353561313332634,0.5224163986515286,9.465834009461105
illumination,0.3,twinlite,clips/0601/1495485129589080069/20.jpg,0.2524001072673639,0.4030662498394073,8.980624959804118
illumination,0.3,twinlite,clips/0601/1495485135586245515/20.jpg,0.31778315439286253,0.4822996155832233,7.965750060975552
illumination,0.3,twinlite,clips/0601/1495485141585513338/20.jpg,0.29807062249726973,0.4592517808065511,8.878540946170688
illumination,0.3,twinlite,clips/0601/1495485147581014946/20.jpg,0.2699084890965732,0.4250833684694699,9.664666024036705
illumination,0.3,twinlite,clips/0601/1495485153579251831/20.jpg,0.02058846524719189,0.040346262863563236,8.342458051629364
illumination,0.3,twinlite,clips/0601/1495485159575742672/20.jpg,0.3433861144945189,0.5112247488485112,7.963582989759743
illumination,0.3,twinlite,clips/0601/1495485165575366989/20.jpg,0.2578619267224398,0.41000036847341464,9.421125054359436
illumination,0.3,twinlite,clips/0601/1495485171570457961/20.jpg,0.24379206040284193,0.3920141769097353,9.164958028122783
illumination,0.3,twinlite,clips/0601/1495485177570314287/20.jpg,0.3071284545131064,0.46992849624333055,8.156041032634676
illumination,0.3,twinlite,clips/0601/1495485183565129358/20.jpg,0.23960297090421787,0.38658018176487835,8.91129206866026
illumination,0.3,twinlite,clips/0601/1495485189564879401/20.jpg,0.3222615462399156,0.48743994281059333,7.94633396435529
illumination,0.3,twinlite,clips/0601/1495485195559966192/20.jpg,0.25776015949185155,0.4098717192568564,8.31191602628678
illumination,0.3,twinlite,clips/0601/1495485201558641598/20.jpg,0.3275303458975997,0.4934431019369919,10.127582936547697
illumination,0.3,twinlite,clips/0601/1495485207554693841/20.jpg,0.24922183459023586,0.39900332781484643,8.09791695792228
illumination,0.3,twinlite,clips/0601/1495485213552150385/20.jpg,0.448470911637988,0.6192335766423358,8.751749992370605
illumination,0.3,twinlite,clips/0601/1495485219551850010/20.jpg,0.37104061287629525,0.5412540071995272,10.36637497600168
illumination,0.3,twinlite,clips/0601/1495485225546895923/20.jpg,0.3891459512675363,0.5602664729540583,8.616916951723397
illumination,0.3,twinlite,clips/0601/1495485231544226883/20.jpg,0.31316002190294906,0.4769563749726971,7.755416911095381
illumination,0.3,twinlite,clips/0601/1495485237541517645/20.jpg,0.16754888986913688,0.28700963415402053,9.010958950966597
illumination,0.3,twinlite,clips/0601/1495485243539258908/20.jpg,0.22523094102121613,0.3676546738747696,8.992417016997933
illumination,0.3,twinlite,clips/0601/1495485249536332511/20.jpg,0.1798956754117738,0.30493488392351586,7.929875049740076
illumination,0.3,twinlite,clips/0601/1495485255533685610/20.jpg,0.1561739623443812,0.2701565117894651,9.173290920443833
illumination,0.3,twinlite,clips/0601/1495485261533592244/20.jpg,0.21437693099897012,0.35306489365310895,9.461708017624915
illumination,0.3,twinlite,clips/0601/1495485267528430709/20.jpg,0.2523986273548568,0.40306436280266167,8.954124990850687
illumination,0.3,twinlite,clips/0601/1495485273526142378/20.jpg,0.17822333611807295,0.3025289529662018,8.354707970283926
illumination,0.3,twinlite,clips/0601/1495485279523114914/20.jpg,0.3117287124640066,0.4752944865839557,9.178125066682696
illumination,0.3,twinlite,clips/0601/1495485285520576618/20.jpg,0.406025824964132,0.5775510204081633,8.124124957248569
illumination,0.3,twinlite,clips/0601/1495492512658106755/20.jpg,0.37030504253994606,0.540470962368441,8.193916990421712
illumination,0.3,twinlite,clips/0601/1495492518657921956/20.jpg,0.2622670316942192,0.41554920648161664,9.250541916117072
illumination,0.3,twinlite,clips/0601/1495492524654518667/20.jpg,0.374929451953067,0.545379912286387,8.85004096198827
illumination,0.3,twinlite,clips/0601/1495492530652417826/20.jpg,0.08940460794175409,0.16413480774726846,7.818832993507385
illumination,0.3,twinlite,clips/0601/1495492536647945627/20.jpg,0.3312262615301139,0.49762579225172704,9.124999982304871
illumination,0.3,twinlite,clips/0601/1495492542645333836/20.jpg,0.12449344307684562,0.22142137660884162,8.068790892139077
illumination,0.3,twinlite,clips/0601/1495492548642776463/20.jpg,0.20266192477637676,0.33702226802276086,9.680666029453278
illumination,0.3,twinlite,clips/0601/1495492554641955081/20.jpg,0.27318090611469004,0.4291313273749041,9.022457990795374
illumination,0.2,classical,clips/0601/1494453497604532231/20.jpg,0.0,nan,1.1621250305324793
illumination,0.2,classical,clips/0601/1494453503601902751/20.jpg,0.0,nan,1.2352500343695283
illumination,0.2,classical,clips/0601/1494453509599288720/20.jpg,0.0,nan,0.8718749741092324
illumination,0.2,classical,clips/0601/1494453515596795530/20.jpg,0.0,nan,1.15566689055413
illumination,0.2,classical,clips/0601/1494453521596643824/20.jpg,0.0,nan,1.1130418861284852
illumination,0.2,classical,clips/0601/1494453527591367337/20.jpg,0.0,nan,0.6938339211046696
illumination,0.2,classical,clips/0601/1494453533590270210/20.jpg,0.0,nan,1.172458054497838
illumination,0.2,classical,clips/0601/1494453539586188022/20.jpg,0.0,nan,0.95699995290488
illumination,0.2,classical,clips/0601/1494453545585907063/20.jpg,0.0,nan,1.1372080771252513
illumination,0.2,classical,clips/0601/1494453551580996478/20.jpg,0.0,nan,1.270917011424899
illumination,0.2,classical,clips/0601/1494453557578299956/20.jpg,0.004763061968408262,0.009480965510569341,1.5409169718623161
illumination,0.2,classical,clips/0601/1494453563575744757/20.jpg,0.0,nan,1.3503329828381538
illumination,0.2,classical,clips/0601/1494453569573067938/20.jpg,0.0,nan,1.436250051483512
illumination,0.2,classical,clips/0601/1494453575572346547/20.jpg,0.0,nan,4.18945902492851
illumination,0.2,classical,clips/0601/1494453581567767982/20.jpg,0.0,nan,0.9744589915499091
illumination,0.2,classical,clips/0601/1494453587565069969/20.jpg,0.0,nan,0.943208928219974
illumination,0.2,classical,clips/0601/1494453593562528307/20.jpg,0.0,nan,2.0086660515516996
illumination,0.2,classical,clips/0601/1494453599561987554/20.jpg,0.0,nan,0.9314999915659428
illumination,0.2,classical,clips/0601/1494453605557268031/20.jpg,0.0,nan,0.903415959328413
illumination,0.2,classical,clips/0601/1494453611554664747/20.jpg,0.0,nan,1.2415829114615917
illumination,0.2,classical,clips/0601/1494453617553424930/20.jpg,0.0,nan,1.1172089725732803
illumination,0.2,classical,clips/0601/1494453623549421445/20.jpg,0.0,nan,1.1847499990835786
illumination,0.2,classical,clips/0601/1494453629547675743/20.jpg,0.0,nan,1.098749926313758
illumination,0.2,classical,clips/0601/1494453635544157546/20.jpg,0.0,nan,1.1327500687912107
illumination,0.2,classical,clips/0601/1494453641541664519/20.jpg,0.0,nan,1.1819170322269201
illumination,0.2,classical,clips/0601/1494453647538775071/20.jpg,0.06399667405764967,0.12029487613639323,1.3005000073462725
illumination,0.2,classical,clips/0601/1494453653536229036/20.jpg,0.0,nan,1.1958329705521464
illumination,0.2,classical,clips/0601/1494453661532670510/20.jpg,0.0,nan,1.2177500175312161
illumination,0.2,classical,clips/0601/1494453667532618102/20.jpg,0.0,nan,1.1112079955637455
illumination,0.2,classical,clips/0601/1494453673527450206/20.jpg,0.0,nan,1.128625008277595
illumination,0.2,classical,clips/0601/1494453679527133712/20.jpg,0.0,nan,1.0977089405059814
illumination,0.2,classical,clips/0601/1494453685522315222/20.jpg,0.0,nan,1.2076250277459621
illumination,0.2,classical,clips/0601/1494453691519533853/20.jpg,0.0,nan,1.1020000092685223
illumination,0.2,classical,clips/0601/1494453697518974585/20.jpg,0.0,nan,1.122875022701919
illumination,0.2,classical,clips/0601/1494453703514316264/20.jpg,0.0,nan,1.07366603333503
illumination,0.2,classical,clips/0601/1494453709513778562/20.jpg,0.0,nan,1.2476249830797315
illumination,0.2,classical,clips/0601/1494453715509045873/20.jpg,0.0,nan,0.7302919402718544
illumination,0.2,classical,clips/0601/1494453721506443914/20.jpg,0.0,nan,1.1065419530496001
illumination,0.2,classical,clips/0601/1494453727503739315/20.jpg,0.0,nan,1.060082926414907
illumination,0.2,classical,clips/0601/1494453733501172122/20.jpg,0.0,nan,1.1653329711407423
illumination,0.2,classical,clips/0601/1494453739498514009/20.jpg,0.0,nan,0.7307910127565265
illumination,0.2,classical,clips/0601/1494453745495966700/20.jpg,0.0,nan,1.0552909225225449
illumination,0.2,classical,clips/0601/1494453751493293308/20.jpg,0.0,nan,1.0776249691843987
illumination,0.2,classical,clips/0601/1494453757490822445/20.jpg,0.0,nan,1.1619579745456576
illumination,0.2,classical,clips/0601/1494453763488013443/20.jpg,0.0,nan,1.165541005320847
illumination,0.2,classical,clips/0601/1494453769487225684/20.jpg,0.0,nan,1.1539580300450325
illumination,0.2,classical,clips/0601/1494453775482792464/20.jpg,0.0,nan,1.1356250615790486
illumination,0.2,classical,clips/0601/1494453781480173619/20.jpg,0.0,nan,1.1794579913839698
illumination,0.2,classical,clips/0601/1494453787480034236/20.jpg,0.0,nan,1.0206250008195639
illumination,0.2,classical,clips/0601/1494453793475579483/20.jpg,0.0,nan,0.8157499833032489
illumination,0.2,classical,clips/0601/1494453799472239703/20.jpg,0.0,nan,1.2149160029366612
illumination,0.2,classical,clips/0601/1494453805469700214/20.jpg,0.0,nan,1.2104170164093375
illumination,0.2,classical,clips/0601/1494453811467016035/20.jpg,0.0,nan,1.1453329352661967
illumination,0.2,classical,clips/0601/1494453817464323387/20.jpg,0.0,nan,1.065958058461547
illumination,0.2,classical,clips/0601/1494453823461695785/20.jpg,0.0,nan,1.0674590012058616
illumination,0.2,classical,clips/0601/1494453829459036893/20.jpg,0.0,nan,1.1901670368388295
illumination,0.2,classical,clips/0601/1494453835456441057/20.jpg,0.0,nan,1.2352500343695283
illumination,0.2,classical,clips/0601/1494453841456411836/20.jpg,0.0,nan,1.072250073775649
illumination,0.2,classical,clips/0601/1494453847451852161/20.jpg,0.0,nan,1.1175420368090272
illumination,0.2,classical,clips/0601/1494453853451104735/20.jpg,0.0,nan,0.8117919787764549
illumination,0.2,classical,clips/0601/1494453859446867209/20.jpg,0.0,nan,1.107207965105772
illumination,0.2,classical,clips/0601/1494453865443302705/20.jpg,0.0,nan,1.0907920077443123
illumination,0.2,classical,clips/0601/1494453871443269121/20.jpg,0.0,nan,1.2323750415816903
illumination,0.2,classical,clips/0601/1494453877438073356/20.jpg,0.0,nan,1.0885000228881836
illumination,0.2,classical,clips/0601/1494453883436198482/20.jpg,0.0,nan,1.1339159682393074
illumination,0.2,classical,clips/0601/1494453889432873365/20.jpg,0.0,nan,1.059875008650124
illumination,0.2,classical,clips/0601/1494453895431227611/20.jpg,0.0,nan,1.2157500023022294
illumination,0.2,classical,clips/0601/1494453901427565927/20.jpg,0.0,nan,1.1294999858364463
illumination,0.2,classical,clips/0601/1494453907426815473/20.jpg,0.0,nan,1.1540420819073915
illumination,0.2,classical,clips/0601/1494453913422263611/20.jpg,0.058992855656516616,0.11141313247093498,1.297375070862472
illumination,0.2,classical,clips/0601/1494453919420314205/20.jpg,0.08942608695652174,0.16417100348009322,1.2311249738559127
illumination,0.2,classical,clips/0601/1495058507652622962/20.jpg,0.0,nan,1.231500064022839
illumination,0.2,classical,clips/0601/1495058515650447849/20.jpg,0.05251336070017814,0.09978659209654869,1.208583009429276
illumination,0.2,classical,clips/0601/1495058521646381547/20.jpg,0.020455840455840455,0.04009157406890391,1.361207920126617
illumination,0.2,classical,clips/0601/1495058527645454477/20.jpg,0.0,nan,1.3229160103946924
illumination,0.2,classical,clips/0601/1495058533641199011/20.jpg,0.0,nan,1.1084589641541243
illumination,0.2,classical,clips/0601/1495058539638866627/20.jpg,0.0,nan,1.19479198474437
illumination,0.2,classical,clips/0601/1495058545635832279/20.jpg,0.0,nan,0.8726670639589429
illumination,0.2,classical,clips/0601/1495058551633359536/20.jpg,0.15705591607545138,0.27147506683714984,1.2726669665426016
illumination,0.2,classical,clips/0601/1495058557632067443/20.jpg,0.0,nan,0.9154999861493707
illumination,0.2,classical,clips/0601/1495058563627986766/20.jpg,0.0,nan,1.527832937426865
illumination,0.2,classical,clips/0601/1495058569626907953/20.jpg,0.0,nan,1.2379589024931192
illumination,0.2,classical,clips/0601/1495058575622734256/20.jpg,0.0,nan,1.0609999299049377
illumination,0.2,classical,clips/0601/1495058581620129503/20.jpg,0.0,nan,1.2567080557346344
illumination,0.2,classical,clips/0601/1495058587617442669/20.jpg,0.0,nan,1.2054999824613333
illumination,0.2,classical,clips/0601/1495058593615616960/20.jpg,0.0,nan,1.123458961956203
illumination,0.2,classical,clips/0601/1495058599612448574/20.jpg,0.0,nan,1.1869999580085278
illumination,0.2,classical,clips/0601/1495058605609578659/20.jpg,0.0,nan,0.7719170534983277
illumination,0.2,classical,clips/0601/1495058611609939176/20.jpg,0.0,nan,0.826000003144145
illumination,0.2,classical,clips/0601/1495058617604256196/20.jpg,0.1102668759811617,0.19863129913466435,1.2708749854937196
illumination,0.2,classical,clips/0601/1495058623602404204/20.jpg,0.0,nan,0.7984159747138619
illumination,0.2,classical,clips/0601/1495058629599018470/20.jpg,0.0,nan,1.1859580408781767
illumination,0.2,classical,clips/0601/1495058635596342127/20.jpg,0.16916694447531208,0.2893803066784945,1.2803339632228017
illumination,0.2,classical,clips/0601/1495058641593823148/20.jpg,0.0,nan,1.1342499637976289
illumination,0.2,classical,clips/0601/1495058647591446332/20.jpg,0.0,nan,1.193000003695488
illumination,0.2,classical,clips/0601/1495058653588446886/20.jpg,0.0,nan,0.7777910213917494
illumination,0.2,classical,clips/0601/1495058659585835658/20.jpg,0.0,nan,0.8903329726308584
illumination,0.2,classical,clips/0601/1495058665583165347/20.jpg,0.0,nan,1.3170830206945539
illumination,0.2,classical,clips/0601/1495058671580580478/20.jpg,0.0,nan,1.2045410694554448
illumination,0.2,classical,clips/0601/1495058677578062974/20.jpg,0.0,nan,0.9699160000309348
illumination,0.2,classical,clips/0601/1495058683578929172/20.jpg,0.0,nan,1.1209999211132526
illumination,0.2,classical,clips/0601/1495058689572753425/20.jpg,0.0,nan,1.1876249918714166
illumination,0.2,classical,clips/0601/1495058695570408263/20.jpg,0.0,nan,1.102957990951836
illumination,0.2,classical,clips/0601/1495058701567358056/20.jpg,0.10932900596271417,0.19710835176050345,1.2421250576153398
illumination,0.2,classical,clips/0601/1495058707565707879/20.jpg,0.0,nan,0.8531250059604645
illumination,0.2,classical,clips/0601/1495058715562283498/20.jpg,0.0,nan,1.1486250441521406
illumination,0.2,classical,clips/0601/1495058721558633337/20.jpg,0.0,nan,1.3401670148596168
illumination,0.2,classical,clips/0601/1495058727556647955/20.jpg,0.027053649956024627,0.05268205795711448,1.2861249269917607
illumination,0.2,classical,clips/0601/1495058733553446687/20.jpg,0.09849906191369606,0.17933390264731,1.2232080334797502
illumination,0.2,classical,clips/0601/1495058739553286402/20.jpg,0.013612124614089251,0.0268586459919701,0.8888329612091184
illumination,0.2,classical,clips/0601/1495058745548122682/20.jpg,0.0,nan,1.2333749327808619
illumination,0.2,classical,clips/0601/1495058751545486604/20.jpg,0.0,nan,1.1435000924393535
illumination,0.2,classical,clips/0601/1495058757543228003/20.jpg,0.0,nan,1.1324170045554638
illumination,0.2,classical,clips/0601/1495058763540182973/20.jpg,0.0,nan,1.04975001886487
illumination,0.2,classical,clips/0601/1495058769540492239/20.jpg,0.0,nan,1.121459063142538
illumination,0.2,classical,clips/0601/1495058775535017414/20.jpg,0.0,nan,1.169875031337142
illumination,0.2,classical,clips/0601/1495058781534953658/20.jpg,0.0,nan,1.1508329771459103
illumination,0.2,classical,clips/0601/1495058787529671793/20.jpg,0.1618304664294807,0.27857845202977943,1.246000058017671
illumination,0.2,classical,clips/0601/1495058793526969174/20.jpg,0.0,nan,1.1062079574912786
illumination,0.2,classical,clips/0601/1495058799525818237/20.jpg,0.0,nan,1.252666930668056
illumination,0.2,classical,clips/0601/1495058805523198969/20.jpg,0.11746121754627567,0.21022871434267282,1.2795840157195926
illumination,0.2,classical,clips/0601/1495058811520330339/20.jpg,0.0,nan,1.2067080242559314
illumination,0.2,classical,clips/0601/1495058817516570927/20.jpg,0.0,nan,1.0657089296728373
illumination,0.2,classical,clips/0601/1495058823515900521/20.jpg,0.0,nan,1.0972080053761601
illumination,0.2,classical,clips/0601/1495058829511203058/20.jpg,0.11185061230699019,0.2011971951428083,1.292833941988647
illumination,0.2,classical,clips/0601/1495058835510553015/20.jpg,0.11124699048419766,0.20022009766834034,1.2071669334545732
illumination,0.2,classical,clips/0601/1495058841505989452/20.jpg,0.14731182795698924,0.25679475164011245,1.2943330220878124
illumination,0.2,classical,clips/0601/1495058847507116852/20.jpg,0.0,nan,0.8230420062318444
illumination,0.2,classical,clips/0601/1495058853500724642/20.jpg,0.15950101094876587,0.275120089491347,1.2506250059232116
illumination,0.2,classical,clips/0601/1495058859498417310/20.jpg,0.0,nan,1.240542042069137
illumination,0.2,classical,clips/0601/1495058865495399571/20.jpg,0.0,nan,1.2316249776631594
illumination,0.2,classical,clips/0601/1495058871492888869/20.jpg,0.04391496431673149,0.08413513709035667,1.4589159982278943
illumination,0.2,classical,clips/0601/1495058877492091924/20.jpg,0.0,nan,1.2379579711705446
illumination,0.2,classical,clips/0601/1495058883487530264/20.jpg,0.0,nan,0.8608750067651272
illumination,0.2,classical,clips/0601/1495058889484921618/20.jpg,0.0,nan,1.3230410404503345
illumination,0.2,classical,clips/0601/1495058895482305544/20.jpg,0.16128160586759313,0.2777648505800618,1.2595410225912929
illumination,0.2,classical,clips/0601/1495058901481630657/20.jpg,0.0,nan,1.2454999377951026
illumination,0.2,classical,clips/0601/1495058907477059235/20.jpg,0.0,nan,1.1500830296427011
illumination,0.2,classical,clips/0601/1495058913475711516/20.jpg,0.0,nan,1.1035409988835454
illumination,0.2,classical,clips/0601/1495058919475143504/20.jpg,0.0,nan,1.1734580621123314
illumination,0.2,classical,clips/0601/1495058925469436408/20.jpg,0.0,nan,1.1884999694302678
illumination,0.2,classical,clips/0601/1495058931466470327/20.jpg,0.0,nan,1.247208914719522
illumination,0.2,classical,clips/0601/1495058937463794073/20.jpg,0.0,nan,1.3231249758973718
illumination,0.2,classical,clips/0601/1495058943463632446/20.jpg,0.0,nan,0.9146250085905194
illumination,0.2,classical,clips/0601/1495058949458758174/20.jpg,0.0,nan,1.1541669955477118
illumination,0.2,classical,clips/0601/1495485009641442407/20.jpg,0.0,nan,1.2488329084590077
illumination,0.2,classical,clips/0601/1495485015638767825/20.jpg,0.0,nan,1.1097919195890427
illumination,0.2,classical,clips/0601/1495485021636199888/20.jpg,0.0,nan,1.1695419671013951
illumination,0.2,classical,clips/0601/1495485027633718711/20.jpg,0.0,nan,1.1475830106064677
illumination,0.2,classical,clips/0601/1495485033630861236/20.jpg,0.12349137288792204,0.21983501763878943,1.1654160916805267
illumination,0.2,classical,clips/0601/1495485039628271607/20.jpg,0.0,nan,1.1102498974651098
illumination,0.2,classical,clips/0601/1495485045626852826/20.jpg,0.0,nan,1.240125042386353
illumination,0.2,classical,clips/0601/1495485051623004273/20.jpg,0.0,nan,0.9185000089928508
illumination,0.2,classical,clips/0601/1495485057620656604/20.jpg,0.0,nan,1.1465830029919744
illumination,0.2,classical,clips/0601/1495485063617750112/20.jpg,0.0,nan,1.2267089914530516
illumination,0.2,classical,clips/0601/1495485069617812641/20.jpg,0.0,nan,1.118791988119483
illumination,0.2,classical,clips/0601/1495485075612519689/20.jpg,0.0,nan,1.2010830687358975
illumination,0.2,classical,clips/0601/1495485081611855219/20.jpg,0.0,nan,1.1548340553417802
illumination,0.2,classical,clips/0601/1495485087607351973/20.jpg,0.0,nan,1.2036249972879887
illumination,0.2,classical,clips/0601/1495485093604646206/20.jpg,0.0,nan,1.217666082084179
illumination,0.2,classical,clips/0601/1495485099601922885/20.jpg,0.0,nan,1.3159159570932388
illumination,0.2,classical,clips/0601/1495485105599385453/20.jpg,0.012622529509427096,0.024930374629413353,1.2491249945014715
illumination,0.2,classical,clips/0601/1495485111599411627/20.jpg,0.0,nan,1.115208026021719
illumination,0.2,classical,clips/0601/1495485117594185994/20.jpg,0.0,nan,1.2913329992443323
illumination,0.2,classical,clips/0601/1495485123591495860/20.jpg,0.0,nan,1.1086249724030495
illumination,0.2,classical,clips/0601/1495485129589080069/20.jpg,0.0,nan,1.1269589886069298
illumination,0.2,classical,clips/0601/1495485135586245515/20.jpg,0.0,nan,1.1297079036012292
illumination,0.2,classical,clips/0601/1495485141585513338/20.jpg,0.010297104529781305,0.020384309691897702,1.232583075761795
illumination,0.2,classical,clips/0601/1495485147581014946/20.jpg,0.0,nan,1.114416983909905
illumination,0.2,classical,clips/0601/1495485153579251831/20.jpg,0.0,nan,0.9912910172715783
illumination,0.2,classical,clips/0601/1495485159575742672/20.jpg,0.03683267308055084,0.07104844211962702,1.2818749528378248
illumination,0.2,classical,clips/0601/1495485165575366989/20.jpg,0.0,nan,1.1687090154737234
illumination,0.2,classical,clips/0601/1495485171570457961/20.jpg,0.0,nan,1.2296249624341726
illumination,0.2,classical,clips/0601/1495485177570314287/20.jpg,0.0,nan,1.2396249221637845
illumination,0.2,classical,clips/0601/1495485183565129358/20.jpg,0.0,nan,1.1812919983640313
illumination,0.2,classical,clips/0601/1495485189564879401/20.jpg,0.027868662257802528,0.05422611522485099,1.3175420463085175
illumination,0.2,classical,clips/0601/1495485195559966192/20.jpg,0.0,nan,1.1178329586982727
illumination,0.2,classical,clips/0601/1495485201558641598/20.jpg,0.0,nan,1.2108749942854047
illumination,0.2,classical,clips/0601/1495485207554693841/20.jpg,0.0,nan,1.2464590836316347
illumination,0.2,classical,clips/0601/1495485213552150385/20.jpg,0.0,nan,1.0953749297186732
illumination,0.2,classical,clips/0601/1495485219551850010/20.jpg,0.0,nan,1.3563339598476887
illumination,0.2,classical,clips/0601/1495485225546895923/20.jpg,0.023491829463079,0.045905260377902095,1.2377500534057617
illumination,0.2,classical,clips/0601/1495485231544226883/20.jpg,0.10422580906805094,0.18877625973262815,1.3130420120432973
illumination,0.2,classical,clips/0601/1495485237541517645/20.jpg,0.0,nan,1.425666967406869
illumination,0.2,classical,clips/0601/1495485243539258908/20.jpg,0.0,nan,1.2307500001043081
illumination,0.2,classical,clips/0601/1495485249536332511/20.jpg,0.0,nan,1.1002089595422149
illumination,0.2,classical,clips/0601/1495485255533685610/20.jpg,0.0,nan,1.116959028877318
illumination,0.2,classical,clips/0601/1495485261533592244/20.jpg,0.0,nan,1.2467079795897007
illumination,0.2,classical,clips/0601/1495485267528430709/20.jpg,0.0,nan,0.8567500626668334
illumination,0.2,classical,clips/0601/1495485273526142378/20.jpg,0.07547397949313213,0.14035482202684776,0.9507919894531369
illumination,0.2,classical,clips/0601/1495485279523114914/20.jpg,0.0,nan,0.8937909733504057
illumination,0.2,classical,clips/0601/1495485285520576618/20.jpg,0.0,nan,1.2337500229477882
illumination,0.2,classical,clips/0601/1495492512658106755/20.jpg,0.0,nan,1.2522500474005938
illumination,0.2,classical,clips/0601/1495492518657921956/20.jpg,0.0,nan,1.139833009801805
illumination,0.2,classical,clips/0601/1495492524654518667/20.jpg,0.09891320529998511,0.1800200503969437,1.2858749832957983
illumination,0.2,classical,clips/0601/1495492530652417826/20.jpg,0.0,nan,1.1135420063510537
illumination,0.2,classical,clips/0601/1495492536647945627/20.jpg,0.0,nan,1.220916979946196
illumination,0.2,classical,clips/0601/1495492542645333836/20.jpg,0.0,nan,1.2752920156344771
illumination,0.2,classical,clips/0601/1495492548642776463/20.jpg,0.0,nan,1.1006250279024243
illumination,0.2,classical,clips/0601/1495492554641955081/20.jpg,0.0,nan,1.1182499583810568
illumination,0.2,twinlite,clips/0601/1494453497604532231/20.jpg,0.5090667245778815,0.6746775557194509,31.349958037026227
illumination,0.2,twinlite,clips/0601/1494453503601902751/20.jpg,0.4044196648953161,0.575924241171119,9.581500082276762
illumination,0.2,twinlite,clips/0601/1494453509599288720/20.jpg,0.2028127119970777,0.337230742532376,9.138041990809143
illumination,0.2,twinlite,clips/0601/1494453515596795530/20.jpg,0.23339101647731547,0.3784542182638932,8.167583029717207
illumination,0.2,twinlite,clips/0601/1494453521596643824/20.jpg,0.2687054724201226,0.4235899950956351,9.002165985293686
illumination,0.2,twinlite,clips/0601/1494453527591367337/20.jpg,0.361899211728982,0.5314625467321292,9.013584000058472
illumination,0.2,twinlite,clips/0601/1494453533590270210/20.jpg,0.4986452258938564,0.6654613343814484,9.020666941069067
illumination,0.2,twinlite,clips/0601/1494453539586188022/20.jpg,0.3655166753303603,0.5353529282122178,8.414666983298957
illumination,0.2,twinlite,clips/0601/1494453545585907063/20.jpg,0.22666737411789675,0.3695661577057831,7.920457981526852
illumination,0.2,twinlite,clips/0601/1494453551580996478/20.jpg,0.2154611557596632,0.3545340050377834,8.096542092971504
illumination,0.2,twinlite,clips/0601/1494453557578299956/20.jpg,0.31679791342729596,0.48116405744105434,9.560458944179118
illumination,0.2,twinlite,clips/0601/1494453563575744757/20.jpg,0.43921247387153267,0.6103511216659143,7.4783749878406525
illumination,0.2,twinlite,clips/0601/1494453569573067938/20.jpg,0.4440074211502783,0.6149655668619591,8.05475004017353
illumination,0.2,twinlite,clips/0601/1494453575572346547/20.jpg,0.346031746031746,0.5141509433962264,8.527041994966567
illumination,0.2,twinlite,clips/0601/1494453581567767982/20.jpg,0.33326612903225805,0.4999243913503706,8.873957907781005
illumination,0.2,twinlite,clips/0601/1494453587565069969/20.jpg,0.32144712179038415,0.4865077330598992,8.254208019934595
illumination,0.2,twinlite,clips/0601/1494453593562528307/20.jpg,0.2917972896250401,0.45176947183367727,8.082499960437417
illumination,0.2,twinlite,clips/0601/1494453599561987554/20.jpg,0.33840164150049984,0.505680254726994,8.74750001821667
illumination,0.2,twinlite,clips/0601/1494453605557268031/20.jpg,0.4881737448342566,0.6560709010339734,9.049999993294477
illumination,0.2,twinlite,clips/0601/1494453611554664747/20.jpg,0.4244416283858704,0.5959410619961079,9.22975002322346
illumination,0.2,twinlite,clips/0601/1494453617553424930/20.jpg,0.33520333108933603,0.5021008011054882,8.9596250327304
illumination,0.2,twinlite,clips/0601/1494453623549421445/20.jpg,0.44633959815531504,0.6171988912210988,9.296582895331085
illumination,0.2,twinlite,clips/0601/1494453629547675743/20.jpg,0.3300325081270318,0.49627735579454013,9.086709003895521
illumination,0.2,twinlite,clips/0601/1494453635544157546/20.jpg,0.20699682369256922,0.34299481097108975,9.110250044614077
illumination,0.2,twinlite,clips/0601/1494453641541664519/20.jpg,0.219675006699637,0.36021891978267817,7.617332972586155
illumination,0.2,twinlite,clips/0601/1494453647538775071/20.jpg,0.42768606373059836,0.5991318043870769,7.973000057972968
illumination,0.2,twinlite,clips/0601/1494453653536229036/20.jpg,0.25501510574018127,0.4063936833489805,8.149250061251223
illumination,0.2,twinlite,clips/0601/1494453661532670510/20.jpg,0.45973741794310724,0.6298905711287663,9.510791976936162
illumination,0.2,twinlite,clips/0601/1494453667532618102/20.jpg,0.49901243979347865,0.6657882570503929,10.18679200205952
illumination,0.2,twinlite,clips/0601/1494453673527450206/20.jpg,0.4027436172792462,0.5742227051589164,9.82020900119096
illumination,0.2,twinlite,clips/0601/1494453679527133712/20.jpg,0.3583933146273027,0.5276723770178944,10.230125044472516
illumination,0.2,twinlite,clips/0601/1494453685522315222/20.jpg,0.20614625392552713,0.3418262971917426,11.110708001069725
illumination,0.2,twinlite,clips/0601/1494453691519533853/20.jpg,0.24319449547413075,0.39124126813541116,8.178209071047604
illumination,0.2,twinlite,clips/0601/1494453697518974585/20.jpg,0.19170813696734007,0.32173672566371686,8.268916048109531
illumination,0.2,twinlite,clips/0601/1494453703514316264/20.jpg,0.19451371571072318,0.325678496868476,9.183084010146558
illumination,0.2,twinlite,clips/0601/1494453709513778562/20.jpg,0.15608485869648464,0.27002318648559126,8.679042104631662
illumination,0.2,twinlite,clips/0601/1494453715509045873/20.jpg,0.39957471486564855,0.5709944751381216,8.398375008255243
illumination,0.2,twinlite,clips/0601/1494453721506443914/20.jpg,0.4610330200449139,0.6311055448024593,9.071916923858225
illumination,0.2,twinlite,clips/0601/1494453727503739315/20.jpg,0.2972616430141915,0.4582909617577271,9.022457990795374
illumination,0.2,twinlite,clips/0601/1494453733501172122/20.jpg,0.15746190123553028,0.2720813550190255,8.05195898283273
illumination,0.2,twinlite,clips/0601/1494453739498514009/20.jpg,0.4639294380464507,0.6338139339086509,8.278083987534046
illumination,0.2,twinlite,clips/0601/1494453745495966700/20.jpg,0.27416380516342365,0.4303431066749844,8.671332965604961
illumination,0.2,twinlite,clips/0601/1494453751493293308/20.jpg,0.10527844754960346,0.19050122217257603,8.758041076362133
illumination,0.2,twinlite,clips/0601/1494453757490822445/20.jpg,0.19887868469026243,0.33177449433366807,9.642209042795002
illumination,0.2,twinlite,clips/0601/1494453763488013443/20.jpg,0.24082761517994677,0.38817255875631296,7.868250017054379
illumination,0.2,twinlite,clips/0601/1494453769487225684/20.jpg,0.33091617933723194,0.49727576307926646,8.762374985963106
illumination,0.2,twinlite,clips/0601/1494453775482792464/20.jpg,0.4042701749228282,0.5757726428178892,8.73545790091157
illumination,0.2,twinlite,clips/0601/1494453781480173619/20.jpg,0.3253787878787879,0.4909974278365248,8.603541064076126
illumination,0.2,twinlite,clips/0601/1494453787480034236/20.jpg,0.3509393063583815,0.5195485906829973,9.082209086045623
illumination,0.2,twinlite,clips/0601/1494453793475579483/20.jpg,0.28064934554459336,0.4382922562229521,8.915749960578978
illumination,0.2,twinlite,clips/0601/1494453799472239703/20.jpg,0.32410703571857125,0.4895480908651522,7.781040971167386
illumination,0.2,twinlite,clips/0601/1494453805469700214/20.jpg,0.3808631057658295,0.5516305043932679,9.084250079467893
illumination,0.2,twinlite,clips/0601/1494453811467016035/20.jpg,0.19844547000242896,0.33117146331576813,8.88470804784447
illumination,0.2,twinlite,clips/0601/1494453817464323387/20.jpg,0.45353278166772754,0.6240420407269542,7.648832979612052
illumination,0.2,twinlite,clips/0601/1494453823461695785/20.jpg,0.5096029266062038,0.675148302410703,8.104750071652234
illumination,0.2,twinlite,clips/0601/1494453829459036893/20.jpg,0.4455643858628933,0.6164573369686676,8.509417064487934
illumination,0.2,twinlite,clips/0601/1494453835456441057/20.jpg,0.3479322270336249,0.5162458765442746,8.905457914806902
illumination,0.2,twinlite,clips/0601/1494453841456411836/20.jpg,0.5594993532678992,0.7175371404874002,9.120875038206577
illumination,0.2,twinlite,clips/0601/1494453847451852161/20.jpg,0.43935659618627576,0.6104902667627975,8.434624993242323
illumination,0.2,twinlite,clips/0601/1494453853451104735/20.jpg,0.5334044539271903,0.6957126706670146,8.974832948297262
illumination,0.2,twinlite,clips/0601/1494453859446867209/20.jpg,0.526898014850735,0.6901548233425961,8.689000038430095
illumination,0.2,twinlite,clips/0601/1494453865443302705/20.jpg,0.5137709753278329,0.6787961768345664,7.762750028632581
illumination,0.2,twinlite,clips/0601/1494453871443269121/20.jpg,0.5759965586464009,0.7309616959330362,9.161084075458348
illumination,0.2,twinlite,clips/0601/1494453877438073356/20.jpg,0.4655278714684655,0.635304016431983,8.57175001874566
illumination,0.2,twinlite,clips/0601/1494453883436198482/20.jpg,0.5524701809835572,0.711730489578284,8.968457928858697
illumination,0.2,twinlite,clips/0601/1494453889432873365/20.jpg,0.4580186166045068,0.6282754025063949,8.749125059694052
illumination,0.2,twinlite,clips/0601/1494453895431227611/20.jpg,0.5092680047225502,0.6748543043767357,8.718458004295826
illumination,0.2,twinlite,clips/0601/1494453901427565927/20.jpg,0.4804439310174107,0.6490538695203858,8.561625028960407
illumination,0.2,twinlite,clips/0601/1494453907426815473/20.jpg,0.44225876957253935,0.6132862963331015,9.151040925644338
illumination,0.2,twinlite,clips/0601/1494453913422263611/20.jpg,0.6591831777646692,0.7945875857453572,8.342416025698185
illumination,0.2,twinlite,clips/0601/1494453919420314205/20.jpg,0.70818647578213,0.829167641615792,9.080833988264203
illumination,0.2,twinlite,clips/0601/1495058507652622962/20.jpg,0.2634732543348731,0.41706186249834415,8.487500017508864
illumination,0.2,twinlite,clips/0601/1495058515650447849/20.jpg,0.39369636097890043,0.5649671937184038,8.21308302693069
illumination,0.2,twinlite,clips/0601/1495058521646381547/20.jpg,0.24313332726334638,0.391162109375,9.197750012390316
illumination,0.2,twinlite,clips/0601/1495058527645454477/20.jpg,0.3078055964653903,0.4707207207207207,9.144540992565453
illumination,0.2,twinlite,clips/0601/1495058533641199011/20.jpg,0.3916764301360094,0.5628843338213763,7.95749993994832
illumination,0.2,twinlite,clips/0601/1495058539638866627/20.jpg,0.35588131880020557,0.5249446450300214,8.845292031764984
illumination,0.2,twinlite,clips/0601/1495058545635832279/20.jpg,0.39740662685868167,0.5687773611780231,8.306292002089322
illumination,0.2,twinlite,clips/0601/1495058551633359536/20.jpg,0.4720578566732413,0.6413577489950871,7.650999934412539
illumination,0.2,twinlite,clips/0601/1495058557632067443/20.jpg,0.4268881975243265,0.5983484876600482,10.032666963525116
illumination,0.2,twinlite,clips/0601/1495058563627986766/20.jpg,0.49066496163682866,0.6583168911383718,10.39800001308322
illumination,0.2,twinlite,clips/0601/1495058569626907953/20.jpg,0.2936739242242414,0.4540153723827193,9.09720896743238
illumination,0.2,twinlite,clips/0601/1495058575622734256/20.jpg,0.36577900214263853,0.5356342447333035,8.042333065532148
illumination,0.2,twinlite,clips/0601/1495058581620129503/20.jpg,0.41785208125557716,0.5894156192732725,9.00579197332263
illumination,0.2,twinlite,clips/0601/1495058587617442669/20.jpg,0.4012319899770307,0.5726845987631324,8.718834025785327
illumination,0.2,twinlite,clips/0601/1495058593615616960/20.jpg,0.32992708226353085,0.4961581528244334,7.827915949746966
illumination,0.2,twinlite,clips/0601/1495058599612448574/20.jpg,0.356870479947403,0.5260199631747262,8.747374988161027
illumination,0.2,twinlite,clips/0601/1495058605609578659/20.jpg,0.3368666525333899,0.5039644782746591,8.035333012230694
illumination,0.2,twinlite,clips/0601/1495058611609939176/20.jpg,0.47610003165558723,0.6450782757881192,8.200542069971561
illumination,0.2,twinlite,clips/0601/1495058617604256196/20.jpg,0.4381328351012536,0.609307880896004,9.190874989144504
illumination,0.2,twinlite,clips/0601/1495058623602404204/20.jpg,0.5242037711931548,0.6878394885256127,8.077541016973555
illumination,0.2,twinlite,clips/0601/1495058629599018470/20.jpg,0.44191329387298034,0.6129540461978833,9.037624928168952
illumination,0.2,twinlite,clips/0601/1495058635596342127/20.jpg,0.5477518353971705,0.7078031799026894,8.661916945129633
illumination,0.2,twinlite,clips/0601/1495058641593823148/20.jpg,0.32367571059431527,0.4890559039554916,8.84266709908843
illumination,0.2,twinlite,clips/0601/1495058647591446332/20.jpg,0.2702810331095688,0.4255452550494872,8.765583042986691
illumination,0.2,twinlite,clips/0601/1495058653588446886/20.jpg,0.3484411938534279,0.5168059169976714,8.645249996334314
illumination,0.2,twinlite,clips/0601/1495058659585835658/20.jpg,0.25114624505928856,0.4014658494976938,8.057374972850084
illumination,0.2,twinlite,clips/0601/1495058665583165347/20.jpg,0.29756327849802083,0.4586493521032158,7.789750001393259
illumination,0.2,twinlite,clips/0601/1495058671580580478/20.jpg,0.3452830188679245,0.5133239831697055,9.18220798484981
illumination,0.2,twinlite,clips/0601/1495058677578062974/20.jpg,0.3318260755594875,0.49830241598189245,8.263249997980893
illumination,0.2,twinlite,clips/0601/1495058683578929172/20.jpg,0.24427649189104078,0.3926402105689411,8.637333055958152
illumination,0.2,twinlite,clips/0601/1495058689572753425/20.jpg,0.17119911381888672,0.29234843469214034,8.949875016696751
illumination,0.2,twinlite,clips/0601/1495058695570408263/20.jpg,0.17674430178162637,0.30039542407646275,7.744000060483813
illumination,0.2,twinlite,clips/0601/1495058701567358056/20.jpg,0.40769584764062444,0.579238545491123,7.919666008092463
illumination,0.2,twinlite,clips/0601/1495058707565707879/20.jpg,0.26079186142425076,0.41369534401919095,9.129874990321696
illumination,0.2,twinlite,clips/0601/1495058715562283498/20.jpg,0.30883922983470163,0.4719284428442845,8.693207986652851
illumination,0.2,twinlite,clips/0601/1495058721558633337/20.jpg,0.3245783231419543,0.490085512455075,7.809374947100878
illumination,0.2,twinlite,clips/0601/1495058727556647955/20.jpg,0.37270473386534436,0.5430224354451813,8.799416944384575
illumination,0.2,twinlite,clips/0601/1495058733553446687/20.jpg,0.38604667219000277,0.5570471470199995,8.65550001617521
illumination,0.2,twinlite,clips/0601/1495058739553286402/20.jpg,0.3418899188482564,0.5095647773279351,8.880666922777891
illumination,0.2,twinlite,clips/0601/1495058745548122682/20.jpg,0.292767316521392,0.45293118534149984,9.62520798202604
illumination,0.2,twinlite,clips/0601/1495058751545486604/20.jpg,0.25008576329331045,0.40010976948408344,8.343500085175037
illumination,0.2,twinlite,clips/0601/1495058757543228003/20.jpg,0.2730654487864167,0.4289888615651671,9.421958005987108
illumination,0.2,twinlite,clips/0601/1495058763540182973/20.jpg,0.3731401384083045,0.5434844237250764,8.821124909445643
illumination,0.2,twinlite,clips/0601/1495058769540492239/20.jpg,0.10608846835400715,0.1918263708361042,8.757125004194677
illumination,0.2,twinlite,clips/0601/1495058775535017414/20.jpg,0.20739747862628605,0.3435446608059048,8.216417045332491
illumination,0.2,twinlite,clips/0601/1495058781534953658/20.jpg,0.12749721795347357,0.2261597029656436,9.094333974644542
illumination,0.2,twinlite,clips/0601/1495058787529671793/20.jpg,0.49046203572768465,0.6581342214305076,8.090000017546117
illumination,0.2,twinlite,clips/0601/1495058793526969174/20.jpg,0.45226303480533775,0.6228390091412874,8.71362502221018
illumination,0.2,twinlite,clips/0601/1495058799525818237/20.jpg,0.29217520089959137,0.45222226938914123,7.8074169578030705
illumination,0.2,twinlite,clips/0601/1495058805523198969/20.jpg,0.4113868613138686,0.5829540752999587,8.483959012664855
illumination,0.2,twinlite,clips/0601/1495058811520330339/20.jpg,0.3571385722855429,0.5263111366499437,8.745917002670467
illumination,0.2,twinlite,clips/0601/1495058817516570927/20.jpg,0.36285105411370727,0.5324882026079915,9.676125016994774
illumination,0.2,twinlite,clips/0601/1495058823515900521/20.jpg,0.48169452282758124,0.650194106013624,8.483333047479391
illumination,0.2,twinlite,clips/0601/1495058829511203058/20.jpg,0.5791318109880171,0.7334812799770921,9.064875077456236
illumination,0.2,twinlite,clips/0601/1495058835510553015/20.jpg,0.5999317988064791,0.7499467155462721,8.709583897143602
illumination,0.2,twinlite,clips/0601/1495058841505989452/20.jpg,0.49121929879382537,0.6588156405850552,8.57491698116064
illumination,0.2,twinlite,clips/0601/1495058847507116852/20.jpg,0.5506235986547086,0.7101963353742573,9.151166072115302
illumination,0.2,twinlite,clips/0601/1495058853500724642/20.jpg,0.6898443700610787,0.8164590565652441,8.973874966613948
illumination,0.2,twinlite,clips/0601/1495058859498417310/20.jpg,0.6503978402955385,0.788170978433989,9.440666995942593
illumination,0.2,twinlite,clips/0601/1495058865495399571/20.jpg,0.6362763257185978,0.7777125607915478,9.359957999549806
illumination,0.2,twinlite,clips/0601/1495058871492888869/20.jpg,0.572584690499281,0.7282083997873472,8.356666075997055
illumination,0.2,twinlite,clips/0601/1495058877492091924/20.jpg,0.5351871375856616,0.6972272298051335,7.993416045792401
illumination,0.2,twinlite,clips/0601/1495058883487530264/20.jpg,0.520381207155994,0.6845404359205578,8.967916015535593
illumination,0.2,twinlite,clips/0601/1495058889484921618/20.jpg,0.628047379991469,0.7715345237615382,8.690583053976297
illumination,0.2,twinlite,clips/0601/1495058895482305544/20.jpg,0.5998459869088872,0.7498796656894062,7.814500015228987
illumination,0.2,twinlite,clips/0601/1495058901481630657/20.jpg,0.6052550824702724,0.7540920930010274,8.701124927029014
illumination,0.2,twinlite,clips/0601/1495058907477059235/20.jpg,0.5298030375817597,0.6926421566259239,7.730416022241116
illumination,0.2,twinlite,clips/0601/1495058913475711516/20.jpg,0.5211003327904836,0.6851623414407076,9.242958971299231
illumination,0.2,twinlite,clips/0601/1495058919475143504/20.jpg,0.6509597958353368,0.7885834621502341,8.769334061071277
illumination,0.2,twinlite,clips/0601/1495058925469436408/20.jpg,0.5143169090973128,0.6792724904642292,7.8867500415071845
illumination,0.2,twinlite,clips/0601/1495058931466470327/20.jpg,0.5103956312750647,0.6758436275986742,8.724958053790033
illumination,0.2,twinlite,clips/0601/1495058937463794073/20.jpg,0.6036991528164004,0.7528832970400838,8.902292000129819
illumination,0.2,twinlite,clips/0601/1495058943463632446/20.jpg,0.5585962200519918,0.7167940135686434,7.5945829739794135
illumination,0.2,twinlite,clips/0601/1495058949458758174/20.jpg,0.516084958390262,0.6808127150581681,9.130583028309047
illumination,0.2,twinlite,clips/0601/1495485009641442407/20.jpg,0.24531243233880395,0.3939773280478475,7.5725410133600235
illumination,0.2,twinlite,clips/0601/1495485015638767825/20.jpg,0.19231782370267486,0.3225948985740109,9.46824997663498
illumination,0.2,twinlite,clips/0601/1495485021636199888/20.jpg,0.25614916073836425,0.40783239561741197,8.928416995331645
illumination,0.2,twinlite,clips/0601/1495485027633718711/20.jpg,0.4244627054361568,0.5959618371422232,8.731166017241776
illumination,0.2,twinlite,clips/0601/1495485033630861236/20.jpg,0.4077523669002828,0.5792955870471864,7.805375033058226
illumination,0.2,twinlite,clips/0601/1495485039628271607/20.jpg,0.36522819367624004,0.5350434386983556,8.755833958275616
illumination,0.2,twinlite,clips/0601/1495485045626852826/20.jpg,0.365016470138922,0.5348162137586122,7.948625017888844
illumination,0.2,twinlite,clips/0601/1495485051623004273/20.jpg,0.3271659889805837,0.49302949547687686,8.942208020016551
illumination,0.2,twinlite,clips/0601/1495485057620656604/20.jpg,0.17277925309217923,0.29464923196181225,7.951708976179361
illumination,0.2,twinlite,clips/0601/1495485063617750112/20.jpg,0.17919582438393497,0.30392886521211177,7.898541982285678
illumination,0.2,twinlite,clips/0601/1495485069617812641/20.jpg,0.21097285067873303,0.34843531060252214,8.897333987988532
illumination,0.2,twinlite,clips/0601/1495485075612519689/20.jpg,0.29655932410922003,0.4574558504108037,9.232332929968834
illumination,0.2,twinlite,clips/0601/1495485081611855219/20.jpg,0.30781910201049356,0.47073651323380616,7.879124954342842
illumination,0.2,twinlite,clips/0601/1495485087607351973/20.jpg,0.32293194758696137,0.4882064390023869,9.550707996822894
illumination,0.2,twinlite,clips/0601/1495485093604646206/20.jpg,0.36612872908890737,0.5360091202138533,8.743167039938271
illumination,0.2,twinlite,clips/0601/1495485099601922885/20.jpg,0.0,nan,8.445124956779182
illumination,0.2,twinlite,clips/0601/1495485105599385453/20.jpg,0.29492697552954833,0.45551136257539254,9.123791940510273
illumination,0.2,twinlite,clips/0601/1495485111599411627/20.jpg,0.274267578125,0.4304709353565544,8.440125035122037
illumination,0.2,twinlite,clips/0601/1495485117594185994/20.jpg,0.18657166728555513,0.31447180550394116,9.429582976736128
illumination,0.2,twinlite,clips/0601/1495485123591495860/20.jpg,0.2768407395394097,0.43363393877810236,9.024749975651503
illumination,0.2,twinlite,clips/0601/1495485129589080069/20.jpg,0.23352489392555992,0.378630208560108,9.040083037689328
illumination,0.2,twinlite,clips/0601/1495485135586245515/20.jpg,0.3139707922415315,0.4778961512621174,8.340333006344736
illumination,0.2,twinlite,clips/0601/1495485141585513338/20.jpg,0.26506112829577255,0.41904872795016596,9.133084095083177
illumination,0.2,twinlite,clips/0601/1495485147581014946/20.jpg,0.21068959620880864,0.3480489084379161,8.157875039614737
illumination,0.2,twinlite,clips/0601/1495485153579251831/20.jpg,0.0056855227812116944,0.01130676071678639,8.760500000789762
illumination,0.2,twinlite,clips/0601/1495485159575742672/20.jpg,0.3277491513834282,0.4936913739194408,8.813083986751735
illumination,0.2,twinlite,clips/0601/1495485165575366989/20.jpg,0.21487525350186296,0.35374044023448115,8.346915943548083
illumination,0.2,twinlite,clips/0601/1495485171570457961/20.jpg,0.19631144565191083,0.32819454560168326,15.642125043086708
illumination,0.2,twinlite,clips/0601/1495485177570314287/20.jpg,0.280413938546801,0.4380051327230245,8.597000036388636
illumination,0.2,twinlite,clips/0601/1495485183565129358/20.jpg,0.23759679825703933,0.383964791427478,9.729917044751346
illumination,0.2,twinlite,clips/0601/1495485189564879401/20.jpg,0.30886254255194273,0.4719556599881617,8.926291018724442
illumination,0.2,twinlite,clips/0601/1495485195559966192/20.jpg,0.23035812277813567,0.3744570276140242,7.961792056448758
illumination,0.2,twinlite,clips/0601/1495485201558641598/20.jpg,0.300250590332996,0.46183496099179067,9.65079094748944
illumination,0.2,twinlite,clips/0601/1495485207554693841/20.jpg,0.2118756313839937,0.3496656354778356,8.692875038832426
illumination,0.2,twinlite,clips/0601/1495485213552150385/20.jpg,0.37531218449439396,0.545784715246117,8.32262507174164
illumination,0.2,twinlite,clips/0601/1495485219551850010/20.jpg,0.3179591626276168,0.4825022984683398,8.081792038865387
illumination,0.2,twinlite,clips/0601/1495485225546895923/20.jpg,0.3747031033852739,0.5451404051719227,9.842125000432134
illumination,0.2,twinlite,clips/0601/1495485231544226883/20.jpg,0.2979387717302146,0.4590952643059548,7.911333930678666
illumination,0.2,twinlite,clips/0601/1495485237541517645/20.jpg,0.1425679301429338,0.249557030933117,8.589625009335577
illumination,0.2,twinlite,clips/0601/1495485243539258908/20.jpg,0.21796466138141873,0.35791623237114717,7.918541901744902
illumination,0.2,twinlite,clips/0601/1495485249536332511/20.jpg,0.17145576621305275,0.29272256137731123,8.77850002143532
illumination,0.2,twinlite,clips/0601/1495485255533685610/20.jpg,0.13721393518293573,0.241315958128605,8.668166003189981
illumination,0.2,twinlite,clips/0601/1495485261533592244/20.jpg,0.18637369246300234,0.3141905348155122,26.566874934360385
illumination,0.2,twinlite,clips/0601/1495485267528430709/20.jpg,0.21409091987004672,0.3526769146629685,8.020499954000115
illumination,0.2,twinlite,clips/0601/1495485273526142378/20.jpg,0.17733232113912883,0.3012442926353212,8.774583111517131
illumination,0.2,twinlite,clips/0601/1495485279523114914/20.jpg,0.2987977187483944,0.460114326403861,7.843167055398226
illumination,0.2,twinlite,clips/0601/1495485285520576618/20.jpg,0.39682989629839605,0.5681864303591964,8.294416940771043
illumination,0.2,twinlite,clips/0601/1495492512658106755/20.jpg,0.33042862589183597,0.4967250695922712,9.213124983943999
illumination,0.2,twinlite,clips/0601/1495492518657921956/20.jpg,0.22673493208828524,0.3696559479272538,9.120500064454973
illumination,0.2,twinlite,clips/0601/1495492524654518667/20.jpg,0.30977001247994296,0.473014360579868,8.942457963712513
illumination,0.2,twinlite,clips/0601/1495492530652417826/20.jpg,0.09430930485513696,0.1723631599159645,9.590041008777916
illumination,0.2,twinlite,clips/0601/1495492536647945627/20.jpg,0.31270889378006034,0.4764329628019624,8.967374917119741
illumination,0.2,twinlite,clips/0601/1495492542645333836/20.jpg,0.13356043401463538,0.23564766378024618,8.33408406469971
illumination,0.2,twinlite,clips/0601/1495492548642776463/20.jpg,0.17422395579392166,0.2967474048442907,8.040415938012302
illumination,0.2,twinlite,clips/0601/1495492554641955081/20.jpg,0.23364807321008227,0.37879210170872374,8.818000089377165
